[14May2026 17:48:14.345] [main/INFO] [cpw.mods.modlauncher.Launcher/MODLAUNCHER]: ModLauncher running: args [--username, garfieldfootfan, --version, 1.19.2, --gameDir, /home/jonas/.local/share/PrismLauncher/instances/DB3K/minecraft, --assetsDir, /home/jonas/.local/share/PrismLauncher/assets, --assetIndex, 1.19, --uuid, f0c86af9d89542429f451c81367a7b66, --accessToken, ????????, --userType, msa, --versionType, release, --launchTarget, forgeclient, --fml.forgeVersion, 43.5.1, --fml.mcVersion, 1.19.2, --fml.forgeGroup, net.minecraftforge, --fml.mcpVersion, 20220805.130853, --width, 1024, --height, 768]
[14May2026 17:48:14.363] [main/INFO] [cpw.mods.modlauncher.Launcher/MODLAUNCHER]: ModLauncher 10.0.8+10.0.8+main.0ef7e830 starting: java version 17.0.18 by Eclipse Adoptium; OS Linux arch amd64 version 6.18.28-gentoo-dist
[14May2026 17:48:15.223] [main/INFO] [mixin/]: SpongePowered MIXIN Subsystem Version=0.8.5 Source=union:/home/jonas/.local/share/PrismLauncher/libraries/org/spongepowered/mixin/0.8.5/mixin-0.8.5.jar%23136!/ Service=ModLauncher Env=CLIENT
[14May2026 17:48:15.635] [main/WARN] [net.minecraftforge.fml.loading.moddiscovery.ModFileParser/LOADING]: Mod file /home/jonas/.local/share/PrismLauncher/libraries/net/minecraftforge/fmlcore/1.19.2-43.5.1/fmlcore-1.19.2-43.5.1.jar is missing mods.toml file
[14May2026 17:48:15.646] [main/WARN] [net.minecraftforge.fml.loading.moddiscovery.ModFileParser/LOADING]: Mod file /home/jonas/.local/share/PrismLauncher/libraries/net/minecraftforge/javafmllanguage/1.19.2-43.5.1/javafmllanguage-1.19.2-43.5.1.jar is missing mods.toml file
[14May2026 17:48:15.654] [main/WARN] [net.minecraftforge.fml.loading.moddiscovery.ModFileParser/LOADING]: Mod file /home/jonas/.local/share/PrismLauncher/libraries/net/minecraftforge/lowcodelanguage/1.19.2-43.5.1/lowcodelanguage-1.19.2-43.5.1.jar is missing mods.toml file
[14May2026 17:48:15.655] [main/WARN] [net.minecraftforge.fml.loading.moddiscovery.ModFileParser/LOADING]: Mod file /home/jonas/.local/share/PrismLauncher/libraries/net/minecraftforge/mclanguage/1.19.2-43.5.1/mclanguage-1.19.2-43.5.1.jar is missing mods.toml file
[14May2026 17:48:16.071] [main/INFO] [net.minecraftforge.fml.loading.moddiscovery.JarInJarDependencyLocator/]: Found 13 dependencies adding them to mods collection
[14May2026 17:48:17.578] [main/INFO] [mixin/]: Compatibility level set to JAVA_17
[14May2026 17:48:17.621] [main/ERROR] [mixin/]: Mixin config mixins.oldwalkinganimation.json does not specify "minVersion" property
[14May2026 17:48:17.633] [main/ERROR] [mixin/]: Mixin config entity_model_features.mixins.json does not specify "minVersion" property
[14May2026 17:48:17.656] [main/ERROR] [mixin/]: Mixin config debugify-common.mixins.json does not specify "minVersion" property
[14May2026 17:48:17.657] [main/ERROR] [mixin/]: Mixin config debugify.mixins.json does not specify "minVersion" property
[14May2026 17:48:17.672] [main/ERROR] [mixin/]: Mixin config mixins.mc237017_fix.json does not specify "minVersion" property
[14May2026 17:48:17.751] [main/INFO] [cpw.mods.modlauncher.LaunchServiceHandler/MODLAUNCHER]: Launching target 'forgeclient' with arguments [--version, 1.19.2, --gameDir, /home/jonas/.local/share/PrismLauncher/instances/DB3K/minecraft, --assetsDir, /home/jonas/.local/share/PrismLauncher/assets, --uuid, f0c86af9d89542429f451c81367a7b66, --username, garfieldfootfan, --assetIndex, 1.19, --accessToken, ????????, --userType, msa, --versionType, release, --width, 1024, --height, 768]
[14May2026 17:48:17.787] [main/WARN] [mixin/]: Reference map 'insanelib.refmap.json' for insanelib.mixins.json could not be read. If this is a development environment you can ignore this message
[14May2026 17:48:17.839] [main/INFO] [Forgery/]: Reloading configs...
[14May2026 17:48:17.876] [main/INFO] [Forgery/]: Loading of features.ini done in 33.00 ms with 0 warnings
[14May2026 17:48:17.900] [main/WARN] [mixin/]: Reference map 'CapeJS-forge-refmap.json' for capejs.mixins.json could not be read. If this is a development environment you can ignore this message
[14May2026 17:48:17.992] [main/WARN] [mixin/]: Reference map 'lmft-forge-refmap.json' for lmft.mixins.json could not be read. If this is a development environment you can ignore this message
[14May2026 17:48:18.003] [main/WARN] [mixin/]: Reference map 'ambientsounds.mixins.refmap.json' for ambientsounds.mixins.json could not be read. If this is a development environment you can ignore this message
[14May2026 17:48:18.021] [main/WARN] [mixin/]: Reference map 'mysticaloaktree-common-refmap.json' for mysticaloaktree-common.mixins.json could not be read. If this is a development environment you can ignore this message
[14May2026 17:48:18.023] [main/WARN] [mixin/]: Reference map 'mysticaloaktree-forge-refmap.json' for mysticaloaktree.mixins.json could not be read. If this is a development environment you can ignore this message
[14May2026 17:48:18.050] [main/INFO] [Debugify/]: Preloading Debugify
[14May2026 17:48:18.061] [main/INFO] [Debugify/]: Done.
[14May2026 17:48:18.095] [main/WARN] [mixin/]: Reference map 'LongerChatHistory-forge-refmap.json' for longerchathistory.mixins.json could not be read. If this is a development environment you can ignore this message
[14May2026 17:48:18.156] [main/WARN] [mixin/]: Reference map 'coroutil.refmap.json' for coroutil.mixins.json could not be read. If this is a development environment you can ignore this message
[14May2026 17:48:18.201] [main/WARN] [mixin/]: Reference map 'namingunconvention.refmap.json' for naming_unconvention.mixins.json could not be read. If this is a development environment you can ignore this message
[14May2026 17:48:18.212] [main/WARN] [mixin/]: Reference map 'heartstone-common-refmap.json' for heartstone-common.mixins.json could not be read. If this is a development environment you can ignore this message
[14May2026 17:48:18.222] [main/INFO] [BadOptimizations/]: Loading config from /home/jonas/.local/share/PrismLauncher/instances/DB3K/minecraft/config/badoptimizations.txt
[14May2026 17:48:18.222] [main/INFO] [BadOptimizations/]: Config version: 3
[14May2026 17:48:18.223] [main/INFO] [BadOptimizations/]: BadOptimizations config dump:
[14May2026 17:48:18.223] [main/INFO] [BadOptimizations/]: enable_toast_optimizations: true
[14May2026 17:48:18.223] [main/INFO] [BadOptimizations/]: ignore_mod_incompatibilities: false
[14May2026 17:48:18.223] [main/INFO] [BadOptimizations/]: lightmap_time_change_needed_for_update: 80
[14May2026 17:48:18.223] [main/INFO] [BadOptimizations/]: enable_lightmap_caching: true
[14May2026 17:48:18.223] [main/INFO] [BadOptimizations/]: enable_particle_manager_optimization: true
[14May2026 17:48:18.223] [main/INFO] [BadOptimizations/]: enable_entity_renderer_caching: true
[14May2026 17:48:18.223] [main/INFO] [BadOptimizations/]: log_config: true
[14May2026 17:48:18.223] [main/INFO] [BadOptimizations/]: enable_remove_redundant_fov_calculations: true
[14May2026 17:48:18.223] [main/INFO] [BadOptimizations/]: config_version: 3
[14May2026 17:48:18.223] [main/INFO] [BadOptimizations/]: enable_sky_angle_caching_in_worldrenderer: true
[14May2026 17:48:18.223] [main/INFO] [BadOptimizations/]: enable_block_entity_renderer_caching: true
[14May2026 17:48:18.223] [main/INFO] [BadOptimizations/]: skycolor_time_change_needed_for_update: 3
[14May2026 17:48:18.223] [main/INFO] [BadOptimizations/]: enable_entity_flag_caching: true
[14May2026 17:48:18.224] [main/INFO] [BadOptimizations/]: enable_debug_renderer_disable_if_not_needed: true
[14May2026 17:48:18.224] [main/INFO] [BadOptimizations/]: enable_sky_color_caching: true
[14May2026 17:48:18.224] [main/INFO] [BadOptimizations/]: enable_remove_tutorial_if_not_demo: true
[14May2026 17:48:18.224] [main/INFO] [BadOptimizations/]: show_f3_text: true
[14May2026 17:48:18.368] [main/INFO] [net.minecraftforge.coremod.CoreMod.placebo/COREMODLOG]: Patching IForgeItemStack#getEnchantmentLevel
[14May2026 17:48:18.406] [main/INFO] [net.minecraftforge.coremod.CoreMod.placebo/COREMODLOG]: Patching IForgeItemStack#getEnchantmentLevel
[14May2026 17:48:18.620] [main/WARN] [mixin/]: Error loading class: mezz/modnametooltip/TooltipEventHandler (java.lang.ClassNotFoundException: mezz.modnametooltip.TooltipEventHandler)
[14May2026 17:48:18.622] [main/WARN] [mixin/]: Error loading class: me/shedaniel/rei/impl/client/ClientHelperImpl (java.lang.ClassNotFoundException: me.shedaniel.rei.impl.client.ClientHelperImpl)
[14May2026 17:48:19.061] [main/WARN] [mixin/]: Error loading class: vectorwing/farmersdelight/common/block/TomatoVineBlock (java.lang.ClassNotFoundException: vectorwing.farmersdelight.common.block.TomatoVineBlock)
[14May2026 17:48:19.061] [main/WARN] [mixin/]: @Mixin target vectorwing.farmersdelight.common.block.TomatoVineBlock was not found supplementaries.mixins.json:CompatFarmersDelightMixin
[14May2026 17:48:19.157] [main/WARN] [mixin/]: Error loading class: net/raphimc/immediatelyfast/feature/core/ImmediateAdapter (java.lang.ClassNotFoundException: net.raphimc.immediatelyfast.feature.core.ImmediateAdapter)
[14May2026 17:48:19.158] [main/WARN] [mixin/]: Error loading class: net/coderbot/batchedentityrendering/impl/FullyBufferedMultiBufferSource (java.lang.ClassNotFoundException: net.coderbot.batchedentityrendering.impl.FullyBufferedMultiBufferSource)
[14May2026 17:48:19.161] [main/WARN] [mixin/]: Error loading class: net/coderbot/iris/layer/InnerWrappedRenderType (java.lang.ClassNotFoundException: net.coderbot.iris.layer.InnerWrappedRenderType)
[14May2026 17:48:19.163] [main/WARN] [mixin/]: Error loading class: net/coderbot/iris/layer/OuterWrappedRenderType (java.lang.ClassNotFoundException: net.coderbot.iris.layer.OuterWrappedRenderType)
[14May2026 17:48:19.164] [main/WARN] [mixin/]: Error loading class: dev/tr7zw/skinlayers/render/CustomizableModelPart (java.lang.ClassNotFoundException: dev.tr7zw.skinlayers.render.CustomizableModelPart)
[14May2026 17:48:19.374] [main/WARN] [mixin/]: Error loading class: mezz/jei/gui/elements/GuiIconToggleButton (java.lang.ClassNotFoundException: mezz.jei.gui.elements.GuiIconToggleButton)
[14May2026 17:48:19.375] [main/WARN] [mixin/]: Error loading class: mezz/jei/gui/overlay/IngredientGrid (java.lang.ClassNotFoundException: mezz.jei.gui.overlay.IngredientGrid)
[14May2026 17:48:19.377] [main/WARN] [mixin/]: Error loading class: mezz/jei/gui/overlay/IngredientGridWithNavigation (java.lang.ClassNotFoundException: mezz.jei.gui.overlay.IngredientGridWithNavigation)
[14May2026 17:48:19.378] [main/WARN] [mixin/]: Error loading class: mezz/jei/gui/overlay/IngredientListOverlay (java.lang.ClassNotFoundException: mezz.jei.gui.overlay.IngredientListOverlay)
[14May2026 17:48:19.380] [main/WARN] [mixin/]: Error loading class: mezz/jei/gui/input/MouseUtil (java.lang.ClassNotFoundException: mezz.jei.gui.input.MouseUtil)
[14May2026 17:48:19.382] [main/WARN] [mixin/]: Error loading class: mezz/jei/gui/PageNavigation (java.lang.ClassNotFoundException: mezz.jei.gui.PageNavigation)
[14May2026 17:48:19.425] [main/WARN] [mixin/]: Error loading class: twilightforest/TFMagicMapData$TFMapDecoration (java.lang.ClassNotFoundException: twilightforest.TFMagicMapData$TFMapDecoration)
[14May2026 17:48:19.487] [main/WARN] [mixin/]: Error loading class: mezz/jei/library/load/PluginCaller (java.lang.ClassNotFoundException: mezz.jei.library.load.PluginCaller)
[14May2026 17:48:19.780] [main/WARN] [mixin/]: Error loading class: noobanidus/mods/lootr/config/ConfigManager (java.lang.ClassNotFoundException: noobanidus.mods.lootr.config.ConfigManager)
[14May2026 17:48:19.831] [main/WARN] [mixin/]: Error loading class: appeng/client/gui/me/common/MEStorageScreen (java.lang.ClassNotFoundException: appeng.client.gui.me.common.MEStorageScreen)
[14May2026 17:48:19.831] [main/WARN] [mixin/]: @Mixin target appeng.client.gui.me.common.MEStorageScreen was not found extrasounds.mixins.json:integration.ae2.MEStorageScreenMixin
[14May2026 17:48:19.833] [main/WARN] [mixin/]: Error loading class: mezz/jei/gui/overlay/IngredientGridWithNavigation$UserInputHandler (java.lang.ClassNotFoundException: mezz.jei.gui.overlay.IngredientGridWithNavigation$UserInputHandler)
[14May2026 17:48:19.833] [main/WARN] [mixin/]: @Mixin target mezz.jei.gui.overlay.IngredientGridWithNavigation$UserInputHandler was not found extrasounds.mixins.json:integration.jei.IngredientGridWithNavigationMixin
[14May2026 17:48:19.835] [main/WARN] [mixin/]: Error loading class: mezz/jei/gui/recipes/RecipeGuiLogic (java.lang.ClassNotFoundException: mezz.jei.gui.recipes.RecipeGuiLogic)
[14May2026 17:48:19.835] [main/WARN] [mixin/]: @Mixin target mezz.jei.gui.recipes.RecipeGuiLogic was not found extrasounds.mixins.json:integration.jei.RecipeGuiLogicMixin
[14May2026 17:48:19.836] [main/WARN] [mixin/]: Error loading class: mezz/jei/library/ingredients/TypedIngredient (java.lang.ClassNotFoundException: mezz.jei.library.ingredients.TypedIngredient)
[14May2026 17:48:19.836] [main/WARN] [mixin/]: @Mixin target mezz.jei.library.ingredients.TypedIngredient was not found extrasounds.mixins.json:integration.jei.TypedIngredientMixin
[14May2026 17:48:19.837] [main/WARN] [mixin/]: Error loading class: me/shedaniel/rei/impl/client/gui/widget/EntryWidget (java.lang.ClassNotFoundException: me.shedaniel.rei.impl.client.gui.widget.EntryWidget)
[14May2026 17:48:19.837] [main/WARN] [mixin/]: @Mixin target me.shedaniel.rei.impl.client.gui.widget.EntryWidget was not found extrasounds.mixins.json:integration.rei.EntryWidgetMixin
[14May2026 17:48:19.839] [main/WARN] [mixin/]: Error loading class: me/shedaniel/rei/impl/client/gui/modules/MenuHolder (java.lang.ClassNotFoundException: me.shedaniel.rei.impl.client.gui.modules.MenuHolder)
[14May2026 17:48:19.839] [main/WARN] [mixin/]: @Mixin target me.shedaniel.rei.impl.client.gui.modules.MenuHolder was not found extrasounds.mixins.json:integration.rei.MenuHolderMixin
[14May2026 17:48:19.886] [main/WARN] [mixin/]: Error loading class: com/hollingsworth/arsnouveau/common/entity/LightningEntity (java.lang.ClassNotFoundException: com.hollingsworth.arsnouveau.common.entity.LightningEntity)
[14May2026 17:48:19.887] [main/WARN] [mixin/]: @Mixin target com.hollingsworth.arsnouveau.common.entity.LightningEntity was not found lychee.mixins.json:arsnouveau.LightningEntityMixin
[14May2026 17:48:19.888] [main/WARN] [mixin/]: Error loading class: me/shedaniel/rei/plugin/common/displays/crafting/DefaultCraftingDisplay (java.lang.ClassNotFoundException: me.shedaniel.rei.plugin.common.displays.crafting.DefaultCraftingDisplay)
[14May2026 17:48:19.888] [main/WARN] [mixin/]: @Mixin target me.shedaniel.rei.plugin.common.displays.crafting.DefaultCraftingDisplay was not found lychee.mixins.json:rei.DefaultCraftingDisplayMixin
[14May2026 17:48:19.904] [main/WARN] [mixin/]: Error loading class: mcjty/theoneprobe/apiimpl/providers/HarvestInfoTools (java.lang.ClassNotFoundException: mcjty.theoneprobe.apiimpl.providers.HarvestInfoTools)
[14May2026 17:48:19.905] [main/WARN] [mixin/]: @Mixin target mcjty.theoneprobe.apiimpl.providers.HarvestInfoTools was not found hltweaker.mixins.json:TOPHarvestInfoToolsMixin
[14May2026 17:48:19.907] [main/WARN] [mixin/]: Error loading class: snownee/jade/addon/harvest/HarvestToolProvider (java.lang.ClassNotFoundException: snownee.jade.addon.harvest.HarvestToolProvider)
[14May2026 17:48:19.907] [main/WARN] [mixin/]: @Mixin target snownee.jade.addon.harvest.HarvestToolProvider was not found hltweaker.mixins.json:JadeHarvestToolProviderMixin
[14May2026 17:48:19.908] [main/WARN] [mixin/]: Error loading class: squeek/wthitharvestability/WailaHandler (java.lang.ClassNotFoundException: squeek.wthitharvestability.WailaHandler)
[14May2026 17:48:19.908] [main/WARN] [mixin/]: @Mixin target squeek.wthitharvestability.WailaHandler was not found hltweaker.mixins.json:WTHITWailaHandlerMixin
[14May2026 17:48:20.349] [main/INFO] [MixinExtras|Service/]: Initializing MixinExtras via com.llamalad7.mixinextras.service.MixinExtrasServiceImpl(version=0.5.0).
[14May2026 17:48:20.493] [main/INFO] [Smooth Boot (Reloaded)/]: Smooth Boot (Reloaded) config initialized
[14May2026 17:48:21.363] [pool-3-thread-1/INFO] [net.minecraftforge.coremod.CoreMod.placebo/COREMODLOG]: Patching IForgeItemStack#getEnchantmentLevel
[14May2026 17:48:21.364] [pool-3-thread-1/INFO] [net.minecraftforge.coremod.CoreMod.placebo/COREMODLOG]: Patching IForgeItemStack#getEnchantmentLevel
[14May2026 17:48:22.876] [pool-3-thread-1/INFO] [net.minecraftforge.coremod.CoreMod.placebo/COREMODLOG]: Patching IForgeItemStack#getEnchantmentLevel
[14May2026 17:48:22.877] [pool-3-thread-1/INFO] [net.minecraftforge.coremod.CoreMod.placebo/COREMODLOG]: Patching IForgeItemStack#getEnchantmentLevel
[14May2026 17:48:23.929] [pool-3-thread-1/INFO] [net.minecraft.util.datafix.DataFixers/]: Building unoptimized datafixer
[14May2026 17:48:25.341] [pool-3-thread-1/INFO] [quark/]: TerraBlender not found, using injection method
[14May2026 17:48:26.204] [Render thread/INFO] [Forgery/]: FabInjector found a Redirect from mod.adrenix.nostalgic.mixin.client.MinecraftMixin;redirect$dno000$NT$onCheckBusyHands; which has been added to net/minecraft/client/Minecraft;fabrication$allowUsageWhileRiding
[14May2026 17:48:26.206] [Render thread/WARN] [Forgery/]: FabInjector failed to find injection point for net/minecraft/client/Minecraft;m_202354_()Z	Lnet/minecraft/client/player/LocalPlayer;m_108637_()Z
 may have been caused by another mods Redirect, assuming fixed
[14May2026 17:48:26.530] [Render thread/WARN] [net.minecraft.server.packs.VanillaPackResources/]: Assets URL 'union:/home/jonas/.local/share/PrismLauncher/libraries/net/minecraft/client/1.19.2-20220805.130853/client-1.19.2-20220805.130853-srg.jar%23371!/assets/.mcassetsroot' uses unexpected schema
[14May2026 17:48:26.530] [Render thread/WARN] [net.minecraft.server.packs.VanillaPackResources/]: Assets URL 'union:/home/jonas/.local/share/PrismLauncher/libraries/net/minecraft/client/1.19.2-20220805.130853/client-1.19.2-20220805.130853-srg.jar%23371!/data/.mcassetsroot' uses unexpected schema
[14May2026 17:48:26.547] [Render thread/INFO] [com.mojang.authlib.yggdrasil.YggdrasilAuthenticationService/]: Environment: authHost='https://authserver.mojang.com', accountsHost='https://api.mojang.com', sessionHost='https://sessionserver.mojang.com', servicesHost='https://api.minecraftservices.com', name='PROD'
[14May2026 17:48:26.811] [Render thread/INFO] [net.minecraft.client.Minecraft/]: Setting user: garfieldfootfan
[14May2026 17:48:26.969] [Render thread/INFO] [defaultoptions/]: Loaded default options for extra-folder
[14May2026 17:48:27.003] [Render thread/INFO] [net.minecraft.client.Minecraft/]: Backend library: LWJGL version 3.3.1 build 7
[14May2026 17:48:27.046] [Render thread/INFO] [KubeJS/]: Loaded client.properties
[14May2026 17:48:27.180] [Render thread/INFO] [ImmediatelyFast/]: Initializing ImmediatelyFast 1.4.0+1.19.2 on AMD Radeon RX 9060 XT (radeonsi, gfx1200, LLVM 21.1.8, DRM 3.64, 6.18.28-gentoo-dist) (AMD) with OpenGL 4.6 (Core Profile) Mesa 25.3.6
[14May2026 17:48:27.526] [modloading-worker-0/INFO] [insane96mcp.insanelib.InsaneLib/]: Found (COMMON) InsaneLib Feature class insane96mcp.insanelib.module.base.feature.TagsFeature
[14May2026 17:48:27.602] [modloading-worker-0/INFO] [auditory/]: Thank you for downloading Auditory! :)
[14May2026 17:48:27.602] [modloading-worker-0/INFO] [insane96mcp.insanelib.InsaneLib/]: Found (COMMON) InsaneLib Feature class insane96mcp.insanelib.module.base.feature.FixFeature
[14May2026 17:48:27.609] [modloading-worker-0/INFO] [Forgery/]: Loading of fscript.ini done in 6.139 ms with 0 warnings
[14May2026 17:48:27.626] [modloading-worker-0/INFO] [insane96mcp.insanelib.InsaneLib/]: Found (COMMON) InsaneLib Feature class insane96mcp.insanelib.module.base.feature.AEC3DFeature
[14May2026 17:48:27.641] [modloading-worker-0/WARN] [Forgery/]: @materials.minecraft:leather is not a valid material definition (got  which only has 1 elements, need 2 or 3) at line 48 in gear_components.ini
[14May2026 17:48:27.642] [modloading-worker-0/WARN] [Forgery/]: @materials.minecraft:chain is not a valid material definition (got  which only has 1 elements, need 2 or 3) at line 49 in gear_components.ini
[14May2026 17:48:27.642] [modloading-worker-0/WARN] [Forgery/]: @materials.minecraft:stone is not a valid material definition (got  which only has 1 elements, need 2 or 3) at line 50 in gear_components.ini
[14May2026 17:48:27.643] [modloading-worker-0/WARN] [Forgery/]: @materials.minecraft:gold is not a valid material definition (got  which only has 1 elements, need 2 or 3) at line 51 in gear_components.ini
[14May2026 17:48:27.643] [modloading-worker-0/WARN] [Forgery/]: @materials.minecraft:iron is not a valid material definition (got  which only has 1 elements, need 2 or 3) at line 52 in gear_components.ini
[14May2026 17:48:27.643] [modloading-worker-0/WARN] [Forgery/]: @materials.minecraft:diamond is not a valid material definition (got  which only has 1 elements, need 2 or 3) at line 53 in gear_components.ini
[14May2026 17:48:27.643] [modloading-worker-0/WARN] [Forgery/]: @materials.minecraft:netherite is not a valid material definition (got  which only has 1 elements, need 2 or 3) at line 54 in gear_components.ini
[14May2026 17:48:27.644] [modloading-worker-0/WARN] [Forgery/]: @materials.minecraft:stick is not a valid material definition (got  which only has 1 elements, need 2 or 3) at line 55 in gear_components.ini
[14May2026 17:48:27.644] [modloading-worker-0/WARN] [Forgery/]: @materials.minecraft:flint is not a valid material definition (got  which only has 1 elements, need 2 or 3) at line 56 in gear_components.ini
[14May2026 17:48:27.644] [modloading-worker-0/WARN] [Forgery/]: @materials.minecraft:string is not a valid material definition (got  which only has 1 elements, need 2 or 3) at line 57 in gear_components.ini
[14May2026 17:48:27.645] [modloading-worker-0/WARN] [Forgery/]: @materials.minecraft:scute is not a valid material definition (got  which only has 1 elements, need 2 or 3) at line 58 in gear_components.ini
[14May2026 17:48:27.645] [modloading-worker-0/WARN] [Forgery/]: minecraft:bow is not a valid material value definition (got ) at line 69 in gear_components.ini
[14May2026 17:48:27.646] [modloading-worker-0/WARN] [Forgery/]: minecraft:crossbow is not a valid material value definition (got ) at line 70 in gear_components.ini
[14May2026 17:48:27.646] [modloading-worker-0/WARN] [Forgery/]: minecraft:shears is not a valid material value definition (got ) at line 71 in gear_components.ini
[14May2026 17:48:27.647] [modloading-worker-0/WARN] [Forgery/]: minecraft:flint_and_steel is not a valid material value definition (got ) at line 72 in gear_components.ini
[14May2026 17:48:27.647] [modloading-worker-0/WARN] [Forgery/]: minecraft:shield is not a valid material value definition (got ) at line 73 in gear_components.ini
[14May2026 17:48:27.651] [modloading-worker-0/WARN] [Forgery/]: minecraft:fishing_rod is not a valid material value definition (got 1 wood!) at line 74 in gear_components.ini
[14May2026 17:48:27.653] [modloading-worker-0/WARN] [Forgery/]: minecraft:turtle_helmet is not a valid material value definition (got ) at line 75 in gear_components.ini
[14May2026 17:48:27.653] [modloading-worker-0/WARN] [Forgery/]: minecraft:wooden_pickaxe is not a valid material value definition (got ) at line 77 in gear_components.ini
[14May2026 17:48:27.653] [modloading-worker-0/WARN] [Forgery/]: minecraft:stone_pickaxe is not a valid material value definition (got ) at line 78 in gear_components.ini
[14May2026 17:48:27.654] [modloading-worker-0/WARN] [Forgery/]: minecraft:golden_pickaxe is not a valid material value definition (got ) at line 79 in gear_components.ini
[14May2026 17:48:27.654] [modloading-worker-0/WARN] [Forgery/]: minecraft:iron_pickaxe is not a valid material value definition (got ) at line 80 in gear_components.ini
[14May2026 17:48:27.654] [modloading-worker-0/WARN] [Forgery/]: minecraft:diamond_pickaxe is not a valid material value definition (got ) at line 81 in gear_components.ini
[14May2026 17:48:27.654] [modloading-worker-0/WARN] [Forgery/]: minecraft:netherite_pickaxe is not a valid material value definition (got ) at line 82 in gear_components.ini
[14May2026 17:48:27.654] [modloading-worker-0/WARN] [Forgery/]: minecraft:wooden_axe is not a valid material value definition (got ) at line 84 in gear_components.ini
[14May2026 17:48:27.655] [modloading-worker-0/WARN] [Forgery/]: minecraft:stone_axe is not a valid material value definition (got ) at line 85 in gear_components.ini
[14May2026 17:48:27.655] [modloading-worker-0/WARN] [Forgery/]: minecraft:golden_axe is not a valid material value definition (got ) at line 86 in gear_components.ini
[14May2026 17:48:27.655] [modloading-worker-0/WARN] [Forgery/]: minecraft:iron_axe is not a valid material value definition (got ) at line 87 in gear_components.ini
[14May2026 17:48:27.656] [modloading-worker-0/WARN] [Forgery/]: minecraft:diamond_axe is not a valid material value definition (got ) at line 88 in gear_components.ini
[14May2026 17:48:27.656] [modloading-worker-0/WARN] [Forgery/]: minecraft:netherite_axe is not a valid material value definition (got ) at line 89 in gear_components.ini
[14May2026 17:48:27.656] [modloading-worker-0/WARN] [Forgery/]: minecraft:wooden_shovel is not a valid material value definition (got ) at line 91 in gear_components.ini
[14May2026 17:48:27.656] [modloading-worker-0/WARN] [Forgery/]: minecraft:stone_shovel is not a valid material value definition (got ) at line 92 in gear_components.ini
[14May2026 17:48:27.657] [modloading-worker-0/WARN] [Forgery/]: minecraft:golden_shovel is not a valid material value definition (got ) at line 93 in gear_components.ini
[14May2026 17:48:27.657] [modloading-worker-0/WARN] [Forgery/]: minecraft:iron_shovel is not a valid material value definition (got ) at line 94 in gear_components.ini
[14May2026 17:48:27.657] [modloading-worker-0/WARN] [Forgery/]: minecraft:diamond_shovel is not a valid material value definition (got ) at line 95 in gear_components.ini
[14May2026 17:48:27.657] [modloading-worker-0/WARN] [Forgery/]: minecraft:netherite_shovel is not a valid material value definition (got ) at line 96 in gear_components.ini
[14May2026 17:48:27.658] [modloading-worker-0/WARN] [Forgery/]: minecraft:wooden_hoe is not a valid material value definition (got ) at line 98 in gear_components.ini
[14May2026 17:48:27.658] [modloading-worker-0/WARN] [Forgery/]: minecraft:stone_hoe is not a valid material value definition (got ) at line 99 in gear_components.ini
[14May2026 17:48:27.658] [modloading-worker-0/WARN] [Forgery/]: minecraft:golden_hoe is not a valid material value definition (got ) at line 100 in gear_components.ini
[14May2026 17:48:27.658] [modloading-worker-0/WARN] [Forgery/]: minecraft:iron_hoe is not a valid material value definition (got ) at line 101 in gear_components.ini
[14May2026 17:48:27.658] [modloading-worker-0/WARN] [Forgery/]: minecraft:diamond_hoe is not a valid material value definition (got ) at line 102 in gear_components.ini
[14May2026 17:48:27.659] [modloading-worker-0/INFO] [de.keksuccino.melody.Melody/]: [MELODY] Loading Melody background audio library..
[14May2026 17:48:27.659] [modloading-worker-0/WARN] [Forgery/]: minecraft:netherite_hoe is not a valid material value definition (got ) at line 103 in gear_components.ini
[14May2026 17:48:27.659] [modloading-worker-0/WARN] [Forgery/]: minecraft:wooden_sword is not a valid material value definition (got ) at line 105 in gear_components.ini
[14May2026 17:48:27.659] [modloading-worker-0/WARN] [Forgery/]: minecraft:stone_sword is not a valid material value definition (got ) at line 106 in gear_components.ini
[14May2026 17:48:27.659] [modloading-worker-0/WARN] [Forgery/]: minecraft:golden_sword is not a valid material value definition (got ) at line 107 in gear_components.ini
[14May2026 17:48:27.660] [modloading-worker-0/WARN] [Forgery/]: minecraft:iron_sword is not a valid material value definition (got ) at line 108 in gear_components.ini
[14May2026 17:48:27.661] [modloading-worker-0/WARN] [Forgery/]: minecraft:diamond_sword is not a valid material value definition (got ) at line 109 in gear_components.ini
[14May2026 17:48:27.661] [modloading-worker-0/WARN] [Forgery/]: minecraft:netherite_sword is not a valid material value definition (got ) at line 110 in gear_components.ini
[14May2026 17:48:27.661] [modloading-worker-0/WARN] [Forgery/]: minecraft:leather_helmet is not a valid material value definition (got ) at line 112 in gear_components.ini
[14May2026 17:48:27.661] [modloading-worker-0/WARN] [Forgery/]: minecraft:chainmail_helmet is not a valid material value definition (got ) at line 113 in gear_components.ini
[14May2026 17:48:27.662] [modloading-worker-0/WARN] [Forgery/]: minecraft:golden_helmet is not a valid material value definition (got ) at line 114 in gear_components.ini
[14May2026 17:48:27.662] [modloading-worker-0/WARN] [Forgery/]: minecraft:iron_helmet is not a valid material value definition (got ) at line 115 in gear_components.ini
[14May2026 17:48:27.662] [modloading-worker-0/WARN] [Forgery/]: minecraft:diamond_helmet is not a valid material value definition (got ) at line 116 in gear_components.ini
[14May2026 17:48:27.662] [modloading-worker-0/WARN] [Forgery/]: minecraft:netherite_helmet is not a valid material value definition (got ) at line 117 in gear_components.ini
[14May2026 17:48:27.662] [modloading-worker-0/WARN] [Forgery/]: minecraft:leather_chestplate is not a valid material value definition (got ) at line 119 in gear_components.ini
[14May2026 17:48:27.663] [modloading-worker-0/WARN] [Forgery/]: minecraft:chainmail_chestplate is not a valid material value definition (got ) at line 120 in gear_components.ini
[14May2026 17:48:27.663] [modloading-worker-0/WARN] [Forgery/]: minecraft:golden_chestplate is not a valid material value definition (got ) at line 121 in gear_components.ini
[14May2026 17:48:27.663] [modloading-worker-0/WARN] [Forgery/]: minecraft:iron_chestplate is not a valid material value definition (got ) at line 122 in gear_components.ini
[14May2026 17:48:27.663] [modloading-worker-0/WARN] [Forgery/]: minecraft:diamond_chestplate is not a valid material value definition (got ) at line 123 in gear_components.ini
[14May2026 17:48:27.663] [modloading-worker-0/WARN] [Forgery/]: minecraft:netherite_chestplate is not a valid material value definition (got ) at line 124 in gear_components.ini
[14May2026 17:48:27.664] [modloading-worker-0/WARN] [Forgery/]: minecraft:leather_leggings is not a valid material value definition (got ) at line 126 in gear_components.ini
[14May2026 17:48:27.664] [modloading-worker-0/WARN] [Forgery/]: minecraft:chainmail_leggings is not a valid material value definition (got ) at line 127 in gear_components.ini
[14May2026 17:48:27.664] [modloading-worker-0/WARN] [Forgery/]: minecraft:golden_leggings is not a valid material value definition (got ) at line 128 in gear_components.ini
[14May2026 17:48:27.664] [modloading-worker-0/WARN] [Forgery/]: minecraft:iron_leggings is not a valid material value definition (got ) at line 129 in gear_components.ini
[14May2026 17:48:27.665] [modloading-worker-0/WARN] [Forgery/]: minecraft:diamond_leggings is not a valid material value definition (got ) at line 130 in gear_components.ini
[14May2026 17:48:27.665] [modloading-worker-0/WARN] [Forgery/]: minecraft:netherite_leggings is not a valid material value definition (got ) at line 131 in gear_components.ini
[14May2026 17:48:27.665] [modloading-worker-0/WARN] [Forgery/]: minecraft:leather_boots is not a valid material value definition (got ) at line 133 in gear_components.ini
[14May2026 17:48:27.665] [modloading-worker-0/WARN] [Forgery/]: minecraft:chainmail_boots is not a valid material value definition (got ) at line 134 in gear_components.ini
[14May2026 17:48:27.665] [modloading-worker-0/WARN] [Forgery/]: minecraft:golden_boots is not a valid material value definition (got ) at line 135 in gear_components.ini
[14May2026 17:48:27.666] [modloading-worker-0/WARN] [Forgery/]: minecraft:iron_boots is not a valid material value definition (got ) at line 136 in gear_components.ini
[14May2026 17:48:27.666] [modloading-worker-0/WARN] [Forgery/]: minecraft:diamond_boots is not a valid material value definition (got ) at line 137 in gear_components.ini
[14May2026 17:48:27.666] [modloading-worker-0/WARN] [Forgery/]: minecraft:netherite_boots is not a valid material value definition (got ) at line 138 in gear_components.ini
[14May2026 17:48:27.671] [modloading-worker-0/WARN] [Forgery/]: Unknown material name  in drops for item minecraft:fishing_rod
[14May2026 17:48:27.675] [modloading-worker-0/INFO] [Forgery/]: Loading of gear_components.ini done in 62.29 ms with 73 warnings
[14May2026 17:48:27.687] [modloading-worker-0/INFO] [Puzzles Lib/]: Constructing client components for mod easyanvils
[14May2026 17:48:27.710] [modloading-worker-0/INFO] [Forgery/]: Loading of block_logo.png done in 22.10 ms with 0 warnings
[14May2026 17:48:27.712] [modloading-worker-0/INFO] [Forgery/]: Loading of block_logo.ini done in 31.11 ms with 0 warnings
[14May2026 17:48:27.722] [modloading-worker-0/INFO] [io.wispforest.lmft.LMFTCommon/]: [LMFT]: Loaded Config File!
[14May2026 17:48:27.726] [modloading-worker-0/INFO] [Forgery/]: Loading of dimensional_tools.ini done in 5.943 ms with 0 warnings
[14May2026 17:48:27.744] [modloading-worker-0/INFO] [Forgery/]: Loading of yeet_recipes.ini done in 496.8 ?s with 0 warnings
[14May2026 17:48:27.743] [modloading-worker-0/INFO] [traben.entity_model_features.EMF/]: Loading Entity Model Features, one of the mods ever made!
[14May2026 17:48:27.792] [modloading-worker-0/INFO] [Forgery/]: Loading of taggable_players.ini done in 36.92 ms with 0 warnings
[14May2026 17:48:27.797] [modloading-worker-0/INFO] [Forgery/]: Loading of classic_block_drops.ini done in 1.717 ms with 0 warnings
[14May2026 17:48:27.836] [modloading-worker-0/INFO] [Forgery/]: Loading of item_despawn.ini done in 898.0 ?s with 0 warnings
[14May2026 17:48:27.871] [modloading-worker-0/INFO] [de.keksuccino.konkrete.Konkrete/]: [KONKRETE] Successfully initialized!
[14May2026 17:48:27.872] [modloading-worker-0/INFO] [de.keksuccino.konkrete.Konkrete/]: [KONKRETE] Server-side libs ready to use!
[14May2026 17:48:27.874] [modloading-worker-0/INFO] [Entity Texture Features/]: Loading Entity Texture Features, 0% Opti, 100% Fine.
[14May2026 17:48:27.924] [modloading-worker-0/INFO] [mod.adrenix.nostalgic.util.common.log.ModLogger/]: [Nostalgic Tweaks] [INFO] Initializing client config prematurely for mixin compatibility
[14May2026 17:48:27.959] [modloading-worker-0/INFO] [net.fabricmc.fabric.impl.client.indigo.Indigo/]: [Indigo] Registering Indigo renderer!
[14May2026 17:48:27.959] [modloading-worker-0/INFO] [Collective/]: Loading Collective version 7.64.
[14May2026 17:48:28.007] [modloading-worker-0/INFO] [mod.adrenix.nostalgic.util.common.log.ModLogger/]: [Nostalgic Tweaks] [INFO] Created new startup config backup at /home/jonas/.local/share/PrismLauncher/instances/DB3K/minecraft/config/nostalgic_tweaks/backup/nostalgic_tweaks-client-startup_backup.json
[14May2026 17:48:28.049] [modloading-worker-0/INFO] [Puzzles Lib/]: Constructing common components for mod easyanvils
[14May2026 17:48:28.065] [modloading-worker-0/INFO] [Entity Texture Features/]: 6 new ETF Random Properties registered by entity_model_features.
[14May2026 17:48:28.096] [modloading-worker-0/INFO] [com.cupboard.Cupboard/]: Loaded config for: cupboard.json
[14May2026 17:48:28.130] [modloading-worker-0/INFO] [insane96mcp.insanelib.InsaneLib/]: Found (COMMON) InsaneLib Feature class insane96mcp.enhancedai.modules.zombie.feature.PearlerZombie
[14May2026 17:48:28.140] [modloading-worker-0/INFO] [insane96mcp.insanelib.InsaneLib/]: Found (COMMON) InsaneLib Feature class insane96mcp.enhancedai.modules.zombie.feature.FisherZombie
[14May2026 17:48:28.144] [modloading-worker-0/INFO] [insane96mcp.insanelib.InsaneLib/]: Found (COMMON) InsaneLib Feature class insane96mcp.enhancedai.modules.zombie.feature.DiggerZombie
[14May2026 17:48:28.150] [modloading-worker-0/INFO] [insane96mcp.insanelib.InsaneLib/]: Found (COMMON) InsaneLib Feature class insane96mcp.enhancedai.modules.witch.feature.WitchPotionThrowing
[14May2026 17:48:28.162] [modloading-worker-0/INFO] [insane96mcp.insanelib.InsaneLib/]: Found (COMMON) InsaneLib Feature class insane96mcp.enhancedai.modules.witch.feature.WitchFleeTarget
[14May2026 17:48:28.176] [modloading-worker-0/INFO] [insane96mcp.insanelib.InsaneLib/]: Found (COMMON) InsaneLib Feature class insane96mcp.enhancedai.modules.witch.feature.ThirstyWitches
[14May2026 17:48:28.177] [modloading-worker-0/INFO] [insane96mcp.insanelib.InsaneLib/]: Found (COMMON) InsaneLib Feature class insane96mcp.enhancedai.modules.witch.feature.DarkArtWitch
[14May2026 17:48:28.193] [modloading-worker-0/INFO] [insane96mcp.insanelib.InsaneLib/]: Found (COMMON) InsaneLib Feature class insane96mcp.enhancedai.modules.villager.feature.VillagerAttacking
[14May2026 17:48:28.197] [modloading-worker-0/INFO] [insane96mcp.insanelib.InsaneLib/]: Found (COMMON) InsaneLib Feature class insane96mcp.enhancedai.modules.spider.feature.ThrowingWeb
[14May2026 17:48:28.242] [modloading-worker-0/INFO] [insane96mcp.insanelib.InsaneLib/]: Found (COMMON) InsaneLib Feature class insane96mcp.enhancedai.modules.spider.feature.Misc
[14May2026 17:48:28.248] [modloading-worker-0/INFO] [insane96mcp.insanelib.InsaneLib/]: Found (COMMON) InsaneLib Feature class insane96mcp.enhancedai.modules.skeleton.feature.SkeletonShoot
[14May2026 17:48:28.250] [modloading-worker-0/INFO] [insane96mcp.insanelib.InsaneLib/]: Found (COMMON) InsaneLib Feature class insane96mcp.enhancedai.modules.skeleton.feature.SkeletonFleeTarget
[14May2026 17:48:28.255] [modloading-worker-0/WARN] [insane96mcp.insanelib.InsaneLib/]: No module found with ID enhancedai:mobs
[14May2026 17:48:28.263] [modloading-worker-0/INFO] [insane96mcp.insanelib.InsaneLib/]: Found (COMMON) InsaneLib Feature class insane96mcp.enhancedai.modules.ghast.feature.GhastShoot
[14May2026 17:48:28.265] [modloading-worker-0/INFO] [mod.adrenix.nostalgic.util.common.log.ModLogger/]: [Nostalgic Tweaks] [INFO] Validated 1 customized block outline entries
[14May2026 17:48:28.265] [modloading-worker-0/INFO] [mod.adrenix.nostalgic.util.common.log.ModLogger/]: [Nostalgic Tweaks] [INFO] Validated 0 ignored old item holding entries
[14May2026 17:48:28.266] [modloading-worker-0/INFO] [insane96mcp.insanelib.InsaneLib/]: Found (COMMON) InsaneLib Feature class insane96mcp.enhancedai.modules.enderman.feature.ItemDisruption
[14May2026 17:48:28.266] [modloading-worker-0/INFO] [mod.adrenix.nostalgic.util.common.log.ModLogger/]: [Nostalgic Tweaks] [INFO] Validated 13 customized food health values
[14May2026 17:48:28.269] [modloading-worker-0/INFO] [mod.adrenix.nostalgic.util.common.log.ModLogger/]: [Nostalgic Tweaks] [INFO] Validated 0 customized maximum food item stack sizes
[14May2026 17:48:28.269] [modloading-worker-0/INFO] [mod.adrenix.nostalgic.util.common.log.ModLogger/]: [Nostalgic Tweaks] [INFO] Validated 0 customized item stack sizes
[14May2026 17:48:28.272] [modloading-worker-0/INFO] [mod.adrenix.nostalgic.util.common.log.ModLogger/]: [Nostalgic Tweaks] [INFO] Validated 0 left-click customized swing speeds
[14May2026 17:48:28.272] [modloading-worker-0/INFO] [mod.adrenix.nostalgic.util.common.log.ModLogger/]: [Nostalgic Tweaks] [INFO] Validated 0 right-click customized swing speeds
[14May2026 17:48:28.272] [modloading-worker-0/INFO] [insane96mcp.insanelib.InsaneLib/]: Found (COMMON) InsaneLib Feature class insane96mcp.enhancedai.modules.enderman.feature.GetOverHere
[14May2026 17:48:28.275] [modloading-worker-0/INFO] [insane96mcp.insanelib.InsaneLib/]: Found (COMMON) InsaneLib Feature class insane96mcp.enhancedai.modules.drowned.feature.DrownedSwimming
[14May2026 17:48:28.278] [modloading-worker-0/INFO] [Puzzles Lib/]: Constructing client components for mod stylisheffects
[14May2026 17:48:28.285] [modloading-worker-0/INFO] [insane96mcp.insanelib.InsaneLib/]: Found (COMMON) InsaneLib Feature class insane96mcp.enhancedai.modules.creeper.feature.CreeperSwell
[14May2026 17:48:28.286] [modloading-worker-0/INFO] [KubeJS/]: Looking for KubeJS plugins...
[14May2026 17:48:28.288] [modloading-worker-0/INFO] [KubeJS/]: Found plugin source kubejs
[14May2026 17:48:28.299] [modloading-worker-0/INFO] [EMF/]: [EMF (Entity Model Features)]: Clearing data for reload.
[14May2026 17:48:28.301] [modloading-worker-0/INFO] [KubeJS/]: Loaded common.properties
[14May2026 17:48:28.305] [modloading-worker-0/INFO] [insane96mcp.insanelib.InsaneLib/]: Found (COMMON) InsaneLib Feature class insane96mcp.enhancedai.modules.blaze.feature.BlazeAttack
[14May2026 17:48:28.305] [modloading-worker-0/INFO] [mod.adrenix.nostalgic.util.common.log.ModLogger/]: [Nostalgic Tweaks] [INFO] Config was reloaded
[14May2026 17:48:28.306] [modloading-worker-0/INFO] [KubeJS/]: Loaded dev.properties
[14May2026 17:48:28.306] [modloading-worker-0/WARN] [KubeJS/]: Plugin dev.latvian.mods.kubejs.integration.forge.gamestages.GameStagesIntegration does not have required mod gamestages loaded, skipping
[14May2026 17:48:28.307] [modloading-worker-0/INFO] [KubeJS/]: Found plugin source keybindjs
[14May2026 17:48:28.308] [modloading-worker-0/INFO] [KubeJS/]: Found plugin source capejs
[14May2026 17:48:28.311] [modloading-worker-0/INFO] [KubeJS/]: Found plugin source entityjs
[14May2026 17:48:28.313] [modloading-worker-0/INFO] [KubeJS/]: Found plugin source lychee
[14May2026 17:48:28.324] [modloading-worker-0/INFO] [insane96mcp.insanelib.InsaneLib/]: Found (COMMON) InsaneLib Feature class insane96mcp.enhancedai.modules.base.feature.Targeting
[14May2026 17:48:28.326] [modloading-worker-0/INFO] [KubeJS/]: Done in 39.54 ms
[14May2026 17:48:28.328] [modloading-worker-0/INFO] [Puzzles Lib/]: Constructing common components for mod stylisheffects
[14May2026 17:48:28.332] [modloading-worker-0/INFO] [insane96mcp.insanelib.InsaneLib/]: Found (COMMON) InsaneLib Feature class insane96mcp.enhancedai.modules.base.feature.Shielding
[14May2026 17:48:28.334] [modloading-worker-0/INFO] [insane96mcp.insanelib.InsaneLib/]: Found (COMMON) InsaneLib Feature class insane96mcp.enhancedai.modules.base.feature.Movement
[14May2026 17:48:28.354] [modloading-worker-0/INFO] [insane96mcp.insanelib.InsaneLib/]: Found (COMMON) InsaneLib Feature class insane96mcp.enhancedai.modules.base.feature.Base
[14May2026 17:48:28.357] [modloading-worker-0/INFO] [insane96mcp.insanelib.InsaneLib/]: Found (COMMON) InsaneLib Feature class insane96mcp.enhancedai.modules.base.feature.AvoidExplosions
[14May2026 17:48:28.373] [modloading-worker-0/INFO] [insane96mcp.insanelib.InsaneLib/]: Found (COMMON) InsaneLib Feature class insane96mcp.enhancedai.modules.base.feature.Attacking
[14May2026 17:48:28.374] [modloading-worker-0/INFO] [insane96mcp.insanelib.InsaneLib/]: Found (COMMON) InsaneLib Feature class insane96mcp.enhancedai.modules.base.feature.AntiCheese
[14May2026 17:48:28.377] [modloading-worker-0/INFO] [insane96mcp.insanelib.InsaneLib/]: Found (COMMON) InsaneLib Feature class insane96mcp.enhancedai.modules.animal.feature.AnimalAttacking
[14May2026 17:48:28.384] [modloading-worker-0/INFO] [mod.adrenix.nostalgic.util.common.log.ModLogger/]: [Nostalgic Tweaks] [INFO] Loaded 320 tweaks
[14May2026 17:48:28.448] [modloading-worker-0/INFO] [dev.architectury.networking.forge.NetworkManagerImpl/]: Registering S2C receiver with id architectury:sync_ids
[14May2026 17:48:28.449] [modloading-worker-0/INFO] [dev.architectury.networking.forge.NetworkManagerImpl/]: Registering C2S receiver with id architectury:sync_ids
[14May2026 17:48:28.460] [modloading-worker-0/INFO] [Aquifers Be Gone/]: [Aquifers Be Gone] Loading...
[14May2026 17:48:28.480] [modloading-worker-0/ERROR] [net.minecraft.server.packs.AbstractPackResources/]: Couldn't load pack metadata
com.google.gson.JsonParseException: com.google.gson.stream.MalformedJsonException: Unterminated object at line 4 column 9 path $.pack.pack_format
	at net.minecraft.util.GsonHelper.m_13780_(GsonHelper.java:512) ~[client-1.19.2-20220805.130853-srg.jar%23371!/:?]
	at net.minecraft.util.GsonHelper.m_13861_(GsonHelper.java:562) ~[client-1.19.2-20220805.130853-srg.jar%23371!/:?]
	at net.minecraft.util.GsonHelper.m_13859_(GsonHelper.java:570) ~[client-1.19.2-20220805.130853-srg.jar%23371!/:?]
	at net.minecraft.server.packs.AbstractPackResources.m_10214_(AbstractPackResources.java:91) ~[client-1.19.2-20220805.130853-srg.jar%23371!/:?]
	at net.minecraft.server.packs.AbstractPackResources.m_5550_(AbstractPackResources.java:64) ~[client-1.19.2-20220805.130853-srg.jar%23371!/:?]
	at net.minecraft.server.packs.repository.Pack.m_10430_(Pack.java:40) ~[client-1.19.2-20220805.130853-srg.jar%23371!/:?]
	at net.minecraft.server.packs.repository.FolderRepositorySource.m_7686_(FolderRepositorySource.java:40) ~[client-1.19.2-20220805.130853-srg.jar%23371!/:?]
	at net.minecraft.server.packs.repository.PackRepository.m_10526_(PackRepository.java:47) ~[client-1.19.2-20220805.130853-srg.jar%23371!/:?]
	at net.minecraft.server.packs.repository.PackRepository.m_10506_(PackRepository.java:39) ~[client-1.19.2-20220805.130853-srg.jar%23371!/:?]
	at net.minecraft.client.Minecraft.m_168019_(Minecraft.java:844) ~[client-1.19.2-20220805.130853-srg.jar%23371!/:?]
	at net.minecraft.client.Minecraft.m_91391_(Minecraft.java:832) ~[client-1.19.2-20220805.130853-srg.jar%23371!/:?]
	at com.unascribed.fabrication.features.FeatureOldLavaScaling.apply(FeatureOldLavaScaling.java:14) ~[forgery-3.5.8+1.19.jar%23308!/:3.5.8+1.19]
	at com.unascribed.fabrication.FabricationMod.onInitialize(FabricationMod.java:78) ~[forgery-3.5.8+1.19.jar%23308!/:3.5.8+1.19]
	at com.unascribed.fabrication.ConvertedModInitializer.<init>(ConvertedModInitializer.java:9) ~[forgery-3.5.8+1.19.jar%23308!/:3.5.8+1.19]
	at com.unascribed.fabrication.FabricationMod.<init>(FabricationMod.java:49) ~[forgery-3.5.8+1.19.jar%23308!/:3.5.8+1.19]
	at jdk.internal.reflect.NativeConstructorAccessorImpl.newInstance0(Native Method) ~[?:?]
	at jdk.internal.reflect.NativeConstructorAccessorImpl.newInstance(NativeConstructorAccessorImpl.java:77) ~[?:?]
	at jdk.internal.reflect.DelegatingConstructorAccessorImpl.newInstance(DelegatingConstructorAccessorImpl.java:45) ~[?:?]
	at java.lang.reflect.Constructor.newInstanceWithCaller(Constructor.java:500) ~[?:?]
	at java.lang.reflect.Constructor.newInstance(Constructor.java:481) ~[?:?]
	at net.minecraftforge.fml.javafmlmod.FMLModContainer.constructMod(FMLModContainer.java:77) ~[javafmllanguage-1.19.2-43.5.1.jar%23373!/:?]
	at net.minecraftforge.fml.ModContainer.lambda$buildTransitionHandler$5(ModContainer.java:124) ~[fmlcore-1.19.2-43.5.1.jar%23372!/:?]
	at java.util.concurrent.CompletableFuture$AsyncRun.run(CompletableFuture.java:1804) [?:?]
	at java.util.concurrent.CompletableFuture$AsyncRun.exec(CompletableFuture.java:1796) [?:?]
	at java.util.concurrent.ForkJoinTask.doExec(ForkJoinTask.java:373) [?:?]
	at java.util.concurrent.ForkJoinPool$WorkQueue.topLevelExec(ForkJoinPool.java:1182) [?:?]
	at java.util.concurrent.ForkJoinPool.scan(ForkJoinPool.java:1655) [?:?]
	at java.util.concurrent.ForkJoinPool.runWorker(ForkJoinPool.java:1622) [?:?]
	at java.util.concurrent.ForkJoinWorkerThread.run(ForkJoinWorkerThread.java:165) [?:?]
Caused by: com.google.gson.stream.MalformedJsonException: Unterminated object at line 4 column 9 path $.pack.pack_format
	at com.google.gson.stream.JsonReader.syntaxError(JsonReader.java:1562) ~[gson-2.8.9.jar%23112!/:?]
	at com.google.gson.stream.JsonReader.doPeek(JsonReader.java:490) ~[gson-2.8.9.jar%23112!/:?]
	at com.google.gson.stream.JsonReader.hasNext(JsonReader.java:413) ~[gson-2.8.9.jar%23112!/:?]
	at com.google.gson.internal.bind.TypeAdapters$27.read(TypeAdapters.java:683) ~[gson-2.8.9.jar%23112!/:?]
	at com.google.gson.internal.bind.TypeAdapters$27.read(TypeAdapters.java:684) ~[gson-2.8.9.jar%23112!/:?]
	at com.google.gson.internal.bind.TypeAdapters$27.read(TypeAdapters.java:655) ~[gson-2.8.9.jar%23112!/:?]
	at com.google.gson.internal.bind.TypeAdapters$33$1.read(TypeAdapters.java:866) ~[gson-2.8.9.jar%23112!/:?]
	at net.minecraft.util.GsonHelper.m_13780_(GsonHelper.java:510) ~[client-1.19.2-20220805.130853-srg.jar%23371!/:?]
	... 28 more
[14May2026 17:48:28.481] [modloading-worker-0/WARN] [net.minecraft.server.packs.repository.Pack/]: Couldn't find pack meta for pack file/color_filtering
[14May2026 17:48:28.482] [modloading-worker-0/INFO] [Kiwi/Init]: Processing 2 KiwiModule annotations
[14May2026 17:48:28.491] [modloading-worker-0/INFO] [Kiwi/]: Loading config from file: /home/jonas/.local/share/PrismLauncher/instances/DB3K/minecraft/config/kiwi-client.toml
[14May2026 17:48:28.497] [modloading-worker-0/INFO] [coroutil/]: forge loader environment detected
[14May2026 17:48:28.543] [modloading-worker-0/INFO] [net.minecraftforge.common.ForgeMod/FORGEMOD]: Forge mod loading, version 43.5.1, for MC 1.19.2 with MCP 20220805.130853
[14May2026 17:48:28.544] [modloading-worker-0/INFO] [net.minecraftforge.common.MinecraftForge/FORGE]: MinecraftForge v43.5.1 Initialized
[14May2026 17:48:28.557] [modloading-worker-0/INFO] [Kiwi/]: Loading config from file: /home/jonas/.local/share/PrismLauncher/instances/DB3K/minecraft/config/lychee-common.toml
[14May2026 17:48:28.574] [modloading-worker-0/INFO] [net.minecraft.server.packs.resources.ReloadableResourceManager/]: Reloading ResourceManager: Default, Fabrication Grayscale, KubeJS Resource Pack [assets]
[14May2026 17:48:28.693] [modloading-worker-0/INFO] [snownee.lychee.Lychee/]: LycheeKubeJSPlugin is there!
[14May2026 17:48:28.816] [modloading-worker-0/INFO] [de.keksuccino.fancymenu.FancyMenu/]: [FANCYMENU] Starting late client initialization phase..
[14May2026 17:48:28.846] [modloading-worker-0/INFO] [net.liopyu.entityjs.EntityJSMod/]: Loading EntityJS-Liopyu
[14May2026 17:48:28.859] [modloading-worker-0/INFO] [EMF/]: [EMF (Entity Model Features)]: Clearing data for reload.
[14May2026 17:48:28.891] [modloading-worker-0/INFO] [de.keksuccino.spiffyhud.SpiffyHud/]: [SPIFFY HUD] Loading v3.0.0 in client-side mode on FORGE!
[14May2026 17:48:28.934] [modloading-worker-0/INFO] [Rhino Script Remapper/]: Loading Rhino Minecraft remapper...
[14May2026 17:48:28.938] [modloading-worker-0/INFO] [dev.latvian.mods.rhino.mod.util.RhinoProperties/]: Rhino properties loaded.
[14May2026 17:48:28.949] [modloading-worker-0/INFO] [de.keksuccino.fancymenu.FancyMenu/]: [FANCYMENU] Loading v3.5.0 in client-side mode on FORGE!
[14May2026 17:48:28.972] [modloading-worker-0/INFO] [quark/]: Found Quark module class vazkii.quark.content.experimental.module.VariantSelectorModule
[14May2026 17:48:28.992] [modloading-worker-0/INFO] [Rhino Script Remapper/]: Loading mappings for 1.19.2
[14May2026 17:48:28.993] [modloading-worker-0/INFO] [quark/]: Found Quark module class vazkii.quark.content.experimental.module.NarratorReadoutModule
[14May2026 17:48:28.996] [modloading-worker-0/INFO] [quark/]: Found Quark module class vazkii.quark.content.experimental.module.ClimateControlRemoverModule
[14May2026 17:48:29.010] [modloading-worker-0/INFO] [quark/]: Found Quark module class vazkii.quark.content.experimental.module.EnchantmentsBegoneModule
[14May2026 17:48:29.014] [modloading-worker-0/INFO] [quark/]: Found Quark module class vazkii.quark.content.experimental.module.GameNerfsModule
[14May2026 17:48:29.027] [modloading-worker-0/INFO] [quark/]: Found Quark module class vazkii.quark.content.experimental.module.SpawnerReplacerModule
[14May2026 17:48:29.033] [modloading-worker-0/INFO] [quark/]: Found Quark module class vazkii.quark.content.experimental.module.AdjustableChatModule
[14May2026 17:48:29.042] [modloading-worker-0/INFO] [quark/]: Found Quark module class vazkii.quark.content.experimental.module.VillagerRerollingReworkModule
[14May2026 17:48:29.043] [modloading-worker-0/ERROR] [supplementaries/]: You have disabled more than 78% of Supplementaries content. Consider uninstalling the mod
[14May2026 17:48:29.071] [modloading-worker-0/INFO] [quark/]: Found Quark module class vazkii.quark.content.experimental.module.OverlayShaderModule
[14May2026 17:48:29.073] [modloading-worker-0/INFO] [quark/]: Found Quark module class vazkii.quark.content.experimental.module.EnchantmentPredicatesModule
[14May2026 17:48:29.083] [modloading-worker-0/INFO] [quark/]: Found Quark module class vazkii.quark.content.building.module.VariantLaddersModule
[14May2026 17:48:29.085] [modloading-worker-0/INFO] [quark/]: Found Quark module class vazkii.quark.content.building.module.VariantBookshelvesModule
[14May2026 17:48:29.086] [modloading-worker-0/INFO] [quark/]: Found Quark module class vazkii.quark.content.building.module.BambooBackportModule
[14May2026 17:48:29.092] [modloading-worker-0/INFO] [quark/]: Found Quark module class vazkii.quark.content.building.module.CompressedBlocksModule
[14May2026 17:48:29.119] [modloading-worker-0/INFO] [quark/]: Found Quark module class vazkii.quark.content.building.module.MorePottedPlantsModule
[14May2026 17:48:29.125] [modloading-worker-0/INFO] [quark/]: Found Quark module class vazkii.quark.content.building.module.DuskboundBlocksModule
[14May2026 17:48:29.146] [modloading-worker-0/INFO] [quark/]: Found Quark module class vazkii.quark.content.building.module.WoodenPostsModule
[14May2026 17:48:29.159] [modloading-worker-0/INFO] [Rhino Script Remapper/]: Done in 0.225 s
[14May2026 17:48:29.177] [modloading-worker-0/INFO] [quark/]: Found Quark module class vazkii.quark.content.building.module.ThatchModule
[14May2026 17:48:29.197] [modloading-worker-0/INFO] [quark/]: Found Quark module class vazkii.quark.content.building.module.MoreStoneVariantsModule
[14May2026 17:48:29.198] [modloading-worker-0/INFO] [quark/]: Found Quark module class vazkii.quark.content.building.module.ShearVinesModule
[14May2026 17:48:29.214] [modloading-worker-0/INFO] [quark/]: Found Quark module class vazkii.quark.content.building.module.NetherBrickFenceGateModule
[14May2026 17:48:29.215] [modloading-worker-0/INFO] [quark/]: Found Quark module class vazkii.quark.content.building.module.GoldBarsModule
[14May2026 17:48:29.228] [modloading-worker-0/INFO] [quark/]: Found Quark module class vazkii.quark.content.building.module.RopeModule
[14May2026 17:48:29.246] [modloading-worker-0/INFO] [quark/]: Found Quark module class vazkii.quark.content.building.module.CelebratoryLampsModule
[14May2026 17:48:29.252] [modloading-worker-0/INFO] [quark/]: Found Quark module class vazkii.quark.content.building.module.SoulSandstoneModule
[14May2026 17:48:29.254] [modloading-worker-0/INFO] [quark/]: Found Quark module class vazkii.quark.content.building.module.VariantChestsModule
[14May2026 17:48:29.266] [modloading-worker-0/INFO] [quark/]: Found Quark module class vazkii.quark.content.building.module.LeafCarpetModule
[14May2026 17:48:29.292] [modloading-worker-0/INFO] [quark/]: Found Quark module class vazkii.quark.content.building.module.FramedGlassModule
[14May2026 17:48:29.293] [modloading-worker-0/INFO] [quark/]: Found Quark module class vazkii.quark.content.building.module.VerticalPlanksModule
[14May2026 17:48:29.313] [modloading-worker-0/INFO] [Puzzles Lib/]: Constructing common components for mod puzzleslib
[14May2026 17:48:29.317] [modloading-worker-0/INFO] [quark/]: Found Quark module class vazkii.quark.content.building.module.VariantFurnacesModule
[14May2026 17:48:29.319] [modloading-worker-0/INFO] [quark/]: Found Quark module class vazkii.quark.content.building.module.HedgesModule
[14May2026 17:48:29.323] [modloading-worker-0/INFO] [quark/]: Found Quark module class vazkii.quark.content.building.module.HollowLogsModule
[14May2026 17:48:29.326] [modloading-worker-0/INFO] [quark/]: Found Quark module class vazkii.quark.content.building.module.MidoriModule
[14May2026 17:48:29.329] [modloading-worker-0/INFO] [quark/]: Found Quark module class vazkii.quark.content.building.module.RainbowLampsModule
[14May2026 17:48:29.333] [modloading-worker-0/INFO] [quark/]: Found Quark module class vazkii.quark.content.building.module.VerticalSlabsModule
[14May2026 17:48:29.368] [modloading-worker-0/INFO] [quark/]: Found Quark module class vazkii.quark.content.building.module.ShinglesModule
[14May2026 17:48:29.368] [modloading-worker-0/INFO] [quark/]: Found Quark module class vazkii.quark.content.building.module.SturdyStoneModule
[14May2026 17:48:29.369] [modloading-worker-0/INFO] [quark/]: Found Quark module class vazkii.quark.content.building.module.StoolsModule
[14May2026 17:48:29.370] [modloading-worker-0/INFO] [quark/]: Found Quark module class vazkii.quark.content.building.module.RawMetalBricksModule
[14May2026 17:48:29.370] [modloading-worker-0/INFO] [quark/]: Found Quark module class vazkii.quark.content.building.module.MoreMudBlocksModule
[14May2026 17:48:29.371] [modloading-worker-0/INFO] [quark/]: Found Quark module class vazkii.quark.content.building.module.GrateModule
[14May2026 17:48:29.377] [modloading-worker-0/INFO] [thedarkcolour.kotlinforforge.test.KotlinForForge/]: Kotlin For Forge Enabled!
[14May2026 17:48:29.387] [modloading-worker-0/INFO] [quark/]: Found Quark module class vazkii.quark.content.building.module.JapanesePaletteModule
[14May2026 17:48:29.388] [modloading-worker-0/INFO] [quark/]: Found Quark module class vazkii.quark.content.building.module.MoreBrickTypesModule
[14May2026 17:48:29.390] [modloading-worker-0/INFO] [quark/]: Found Quark module class vazkii.quark.content.building.module.GlassItemFrameModule
[14May2026 17:48:29.429] [modloading-worker-0/INFO] [quark/]: Found Quark module class vazkii.quark.content.building.module.IndustrialPaletteModule
[14May2026 17:48:29.433] [modloading-worker-0/INFO] [quark/]: Found Quark module class vazkii.quark.content.world.module.NetherObsidianSpikesModule
[14May2026 17:48:29.443] [modloading-worker-0/INFO] [quark/]: Found Quark module class vazkii.quark.content.world.module.PermafrostModule
[14May2026 17:48:29.456] [modloading-worker-0/INFO] [quark/]: Found Quark module class vazkii.quark.content.world.module.FairyRingsModule
[14May2026 17:48:29.457] [modloading-worker-0/INFO] [quark/]: Found Quark module class vazkii.quark.content.world.module.BigStoneClustersModule
[14May2026 17:48:29.467] [modloading-worker-0/INFO] [quark/]: Found Quark module class vazkii.quark.content.world.module.SpiralSpiresModule
[14May2026 17:48:29.474] [modloading-worker-0/INFO] [quark/]: Found Quark module class vazkii.quark.content.world.module.AncientWoodModule
[14May2026 17:48:29.482] [modloading-worker-0/INFO] [quark/]: Found Quark module class vazkii.quark.content.world.module.NewStoneTypesModule
[14May2026 17:48:29.486] [modloading-worker-0/INFO] [quark/]: Found Quark module class vazkii.quark.content.world.module.BlossomTreesModule
[14May2026 17:48:29.490] [modloading-worker-0/INFO] [quark/]: Found Quark module class vazkii.quark.content.world.module.GlimmeringWealdModule
[14May2026 17:48:29.511] [modloading-worker-0/INFO] [quark/]: Found Quark module class vazkii.quark.content.world.module.MonsterBoxModule
[14May2026 17:48:29.514] [modloading-worker-0/INFO] [quark/]: Found Quark module class vazkii.quark.content.world.module.AzaleaWoodModule
[14May2026 17:48:29.515] [modloading-worker-0/INFO] [quark/]: Found Quark module class vazkii.quark.content.world.module.NoMoreLavaPocketsModule
[14May2026 17:48:29.516] [modloading-worker-0/INFO] [quark/]: Found Quark module class vazkii.quark.content.world.module.CorundumModule
[14May2026 17:48:29.518] [modloading-worker-0/INFO] [quark/]: Found Quark module class vazkii.quark.content.world.module.ChorusVegetationModule
[14May2026 17:48:29.529] [modloading-worker-0/INFO] [quark/]: Found Quark module class vazkii.quark.content.client.module.CameraModule
[14May2026 17:48:29.530] [modloading-worker-0/INFO] [quark/]: Found Quark module class vazkii.quark.content.client.module.ElytraIndicatorModule
[14May2026 17:48:29.533] [modloading-worker-0/INFO] [quark/]: Found Quark module class vazkii.quark.content.client.module.ImprovedTooltipsModule
[14May2026 17:48:29.535] [modloading-worker-0/INFO] [quark/]: Found Quark module class vazkii.quark.content.client.module.GreenerGrassModule
[14May2026 17:48:29.555] [modloading-worker-0/INFO] [quark/]: Found Quark module class vazkii.quark.content.client.module.BucketsShowInhabitantsModule
[14May2026 17:48:29.557] [modloading-worker-0/INFO] [quark/]: Found Quark module class vazkii.quark.content.client.module.SoulCandlesModule
[14May2026 17:48:29.558] [modloading-worker-0/INFO] [quark/]: Found Quark module class vazkii.quark.content.client.module.AutoWalkKeybindModule
[14May2026 17:48:29.561] [modloading-worker-0/INFO] [quark/]: Found Quark module class vazkii.quark.content.client.module.VariantAnimalTexturesModule
[14May2026 17:48:29.564] [modloading-worker-0/INFO] [quark/]: Found Quark module class vazkii.quark.content.client.module.MicrocraftingHelperModule
[14May2026 17:48:29.565] [modloading-worker-0/INFO] [quark/]: Found Quark module class vazkii.quark.content.client.module.UsesForCursesModule
[14May2026 17:48:29.567] [modloading-worker-0/INFO] [quark/]: Found Quark module class vazkii.quark.content.client.module.WoolShutsUpMinecartsModule
[14May2026 17:48:29.571] [modloading-worker-0/INFO] [quark/]: Found Quark module class vazkii.quark.content.client.module.BackButtonKeybindModule
[14May2026 17:48:29.573] [modloading-worker-0/INFO] [quark/]: Found Quark module class vazkii.quark.content.client.module.ChestSearchingModule
[14May2026 17:48:29.580] [modloading-worker-0/INFO] [quark/]: Found Quark module class vazkii.quark.content.client.module.LongRangePickBlockModule
[14May2026 17:48:29.587] [modloading-worker-0/INFO] [quark/]: Found Quark module class vazkii.quark.content.client.module.UsageTickerModule
[14May2026 17:48:29.589] [modloading-worker-0/INFO] [quark/]: Found Quark module class vazkii.quark.content.automation.module.PistonsMoveTileEntitiesModule
[14May2026 17:48:29.591] [modloading-worker-0/INFO] [quark/]: Found Quark module class vazkii.quark.content.automation.module.EnderWatcherModule
[14May2026 17:48:29.594] [modloading-worker-0/INFO] [quark/]: Found Quark module class vazkii.quark.content.automation.module.RedstoneRandomizerModule
[14May2026 17:48:29.599] [modloading-worker-0/INFO] [quark/]: Found Quark module class vazkii.quark.content.automation.module.FeedingTroughModule
[14May2026 17:48:29.603] [modloading-worker-0/INFO] [quark/]: Found Quark module class vazkii.quark.content.automation.module.MetalButtonsModule
[14May2026 17:48:29.605] [modloading-worker-0/INFO] [quark/]: Found Quark module class vazkii.quark.content.automation.module.IronRodModule
[14May2026 17:48:29.607] [modloading-worker-0/INFO] [quark/]: Found Quark module class vazkii.quark.content.automation.module.ObsidianPlateModule
[14May2026 17:48:29.608] [modloading-worker-0/INFO] [quark/]: Found Quark module class vazkii.quark.content.automation.module.ChainsConnectBlocksModule
[14May2026 17:48:29.609] [modloading-worker-0/INFO] [quark/]: Found Quark module class vazkii.quark.content.automation.module.GravisandModule
[14May2026 17:48:29.611] [modloading-worker-0/INFO] [quark/]: Found Quark module class vazkii.quark.content.automation.module.JukeboxAutomationModule
[14May2026 17:48:29.612] [modloading-worker-0/INFO] [quark/]: Found Quark module class vazkii.quark.content.automation.module.DispensersPlaceBlocksModule
[14May2026 17:48:29.614] [modloading-worker-0/INFO] [quark/]: Found Quark module class vazkii.quark.content.automation.module.ChuteModule
[14May2026 17:48:29.615] [modloading-worker-0/INFO] [quark/]: Found Quark module class vazkii.quark.content.management.module.QuickArmorSwappingModule
[14May2026 17:48:29.617] [modloading-worker-0/INFO] [quark/]: Found Quark module class vazkii.quark.content.management.module.ItemSharingModule
[14May2026 17:48:29.619] [modloading-worker-0/INFO] [quark/]: Found Quark module class vazkii.quark.content.management.module.AutomaticToolRestockModule
[14May2026 17:48:29.624] [modloading-worker-0/INFO] [quark/]: Found Quark module class vazkii.quark.content.management.module.ExpandedItemInteractionsModule
[14May2026 17:48:29.630] [modloading-worker-0/INFO] [quark/]: Found Quark module class vazkii.quark.content.management.module.InventorySortingModule
[14May2026 17:48:29.633] [modloading-worker-0/INFO] [quark/]: Found Quark module class vazkii.quark.content.management.module.HotbarChangerModule
[14May2026 17:48:29.636] [modloading-worker-0/INFO] [quark/]: Found Quark module class vazkii.quark.content.management.module.EasyTransferingModule
[14May2026 17:48:29.639] [modloading-worker-0/INFO] [quark/]: Found Quark module class vazkii.quark.content.tweaks.module.GoldToolsHaveFortuneModule
[14May2026 17:48:29.642] [modloading-worker-0/INFO] [quark/]: Found Quark module class vazkii.quark.content.tweaks.module.AutomaticRecipeUnlockModule
[14May2026 17:48:29.646] [modloading-worker-0/INFO] [quark/]: Found Quark module class vazkii.quark.content.tweaks.module.UtilityRecipesModule
[14May2026 17:48:29.648] [modloading-worker-0/INFO] [quark/]: Found Quark module class vazkii.quark.content.tweaks.module.PoisonPotatoUsageModule
[14May2026 17:48:29.649] [modloading-worker-0/INFO] [quark/]: Found Quark module class vazkii.quark.content.tweaks.module.BetterElytraRocketModule
[14May2026 17:48:29.650] [modloading-worker-0/INFO] [quark/]: Found Quark module class vazkii.quark.content.tweaks.module.RenewableSporeBlossomsModule
[14May2026 17:48:29.654] [modloading-worker-0/INFO] [quark/]: Found Quark module class vazkii.quark.content.tweaks.module.CoralOnCactusModule
[14May2026 17:48:29.655] [modloading-worker-0/INFO] [quark/]: Found Quark module class vazkii.quark.content.tweaks.module.GlassShardModule
[14May2026 17:48:29.662] [modloading-worker-0/INFO] [quark/]: Found Quark module class vazkii.quark.content.tweaks.module.PigLittersModule
[14May2026 17:48:29.664] [modloading-worker-0/INFO] [quark/]: Found Quark module class vazkii.quark.content.tweaks.module.CampfiresBoostElytraModule
[14May2026 17:48:29.667] [modloading-worker-0/INFO] [quark/]: Found Quark module class vazkii.quark.content.tweaks.module.DyeableItemFramesModule
[14May2026 17:48:29.672] [modloading-worker-0/INFO] [quark/]: Found Quark module class vazkii.quark.content.tweaks.module.SlabsToBlocksModule
[14May2026 17:48:29.675] [modloading-worker-0/INFO] [quark/]: Found Quark module class vazkii.quark.content.tweaks.module.MapWashingModule
[14May2026 17:48:29.679] [modloading-worker-0/INFO] [quark/]: Found Quark module class vazkii.quark.content.tweaks.module.EnhancedLaddersModule
[14May2026 17:48:29.681] [modloading-worker-0/INFO] [quark/]: Found Quark module class vazkii.quark.content.tweaks.module.ReacharoundPlacingModule
[14May2026 17:48:29.685] [modloading-worker-0/INFO] [quark/]: Found Quark module class vazkii.quark.content.tweaks.module.HorsesSwimModule
[14May2026 17:48:29.688] [modloading-worker-0/INFO] [quark/]: Found Quark module class vazkii.quark.content.tweaks.module.SpongeOnWaterPlacementModule
[14May2026 17:48:29.689] [modloading-worker-0/INFO] [quark/]: Found Quark module class vazkii.quark.content.tweaks.module.ArmedArmorStandsModule
[14May2026 17:48:29.691] [modloading-worker-0/INFO] [quark/]: Found Quark module class vazkii.quark.content.tweaks.module.DoubleDoorOpeningModule
[14May2026 17:48:29.696] [modloading-worker-0/INFO] [quark/]: Found Quark module class vazkii.quark.content.tweaks.module.ZombieVillagersOnNormalModule
[14May2026 17:48:29.699] [modloading-worker-0/INFO] [quark/]: Found Quark module class vazkii.quark.content.tweaks.module.HoeHarvestingModule
[14May2026 17:48:29.702] [modloading-worker-0/INFO] [quark/]: Found Quark module class vazkii.quark.content.tweaks.module.EmotesModule
[14May2026 17:48:29.705] [modloading-worker-0/INFO] [quark/]: Found Quark module class vazkii.quark.content.tweaks.module.SlimesToMagmaCubesModule
[14May2026 17:48:29.706] [modloading-worker-0/INFO] [quark/]: Found Quark module class vazkii.quark.content.tweaks.module.SnowGolemPlayerHeadsModule
[14May2026 17:48:29.708] [modloading-worker-0/INFO] [quark/]: Found Quark module class vazkii.quark.content.tweaks.module.VexesDieWithTheirMastersModule
[14May2026 17:48:29.709] [modloading-worker-0/INFO] [quark/]: Found Quark module class vazkii.quark.content.tweaks.module.MoreNoteBlockSoundsModule
[14May2026 17:48:29.711] [modloading-worker-0/INFO] [quark/]: Found Quark module class vazkii.quark.content.tweaks.module.PatTheDogsModule
[14May2026 17:48:29.714] [modloading-worker-0/INFO] [quark/]: Found Quark module class vazkii.quark.content.tweaks.module.GrabChickensModule
[14May2026 17:48:29.716] [modloading-worker-0/INFO] [quark/]: Found Quark module class vazkii.quark.content.tweaks.module.MoreBannerLayersModule
[14May2026 17:48:29.719] [modloading-worker-0/INFO] [quark/]: Found Quark module class vazkii.quark.content.tweaks.module.ReplaceScaffoldingModule
[14May2026 17:48:29.721] [modloading-worker-0/INFO] [quark/]: Found Quark module class vazkii.quark.content.tweaks.module.DiamondRepairModule
[14May2026 17:48:29.722] [modloading-worker-0/INFO] [quark/]: Found Quark module class vazkii.quark.content.tweaks.module.SaferCreaturesModule
[14May2026 17:48:29.724] [modloading-worker-0/INFO] [quark/]: Found Quark module class vazkii.quark.content.tweaks.module.LockRotationModule
[14May2026 17:48:29.726] [modloading-worker-0/INFO] [quark/]: Found Quark module class vazkii.quark.content.tweaks.module.VillagersFollowEmeraldsModule
[14May2026 17:48:29.727] [modloading-worker-0/INFO] [quark/]: Found Quark module class vazkii.quark.content.tweaks.module.CompassesWorkEverywhereModule
[14May2026 17:48:29.728] [modloading-worker-0/INFO] [quark/]: Found Quark module class vazkii.quark.content.tweaks.module.NoDurabilityOnCosmeticsModule
[14May2026 17:48:29.728] [modloading-worker-0/INFO] [quark/]: Found Quark module class vazkii.quark.content.tweaks.module.SpongesBetterModule
[14May2026 17:48:29.731] [modloading-worker-0/INFO] [quark/]: Found Quark module class vazkii.quark.content.tweaks.module.SignEditingModule
[14May2026 17:48:29.734] [modloading-worker-0/INFO] [quark/]: Found Quark module class vazkii.quark.content.tweaks.module.SimpleHarvestModule
[14May2026 17:48:29.739] [modloading-worker-0/INFO] [quark/]: Found Quark module class vazkii.quark.content.tweaks.module.DragonScalesModule
[14May2026 17:48:29.740] [modloading-worker-0/INFO] [quark/]: Found Quark module class vazkii.quark.content.tweaks.module.ShulkerPackingModule
[14May2026 17:48:29.744] [modloading-worker-0/INFO] [quark/]: Found Quark module class vazkii.quark.content.mobs.module.FoxhoundModule
[14May2026 17:48:29.756] [modloading-worker-0/INFO] [quark/]: Found Quark module class vazkii.quark.content.mobs.module.WraithModule
[14May2026 17:48:29.767] [modloading-worker-0/INFO] [quark/]: Found Quark module class vazkii.quark.content.mobs.module.CrabsModule
[14May2026 17:48:29.770] [modloading-worker-0/INFO] [quark/]: Found Quark module class vazkii.quark.content.mobs.module.ForgottenModule
[14May2026 17:48:29.782] [modloading-worker-0/INFO] [quark/]: Found Quark module class vazkii.quark.content.mobs.module.ShibaModule
[14May2026 17:48:29.785] [modloading-worker-0/INFO] [quark/]: Found Quark module class vazkii.quark.content.mobs.module.StonelingsModule
[14May2026 17:48:29.787] [modloading-worker-0/INFO] [quark/]: Found Quark module class vazkii.quark.content.mobs.module.ToretoiseModule
[14May2026 17:48:29.796] [modloading-worker-0/INFO] [quark/]: Found Quark module class vazkii.quark.content.tools.module.BeaconRedirectionModule
[14May2026 17:48:29.797] [modloading-worker-0/INFO] [quark/]: Found Quark module class vazkii.quark.content.tools.module.AmbientDiscsModule
[14May2026 17:48:29.799] [modloading-worker-0/INFO] [quark/]: Found Quark module class vazkii.quark.content.tools.module.PathfinderMapsModule
[14May2026 17:48:29.807] [modloading-worker-0/INFO] [quark/]: Found Quark module class vazkii.quark.content.tools.module.ColorRunesModule
[14May2026 17:48:29.813] [modloading-worker-0/INFO] [quark/]: Found Quark module class vazkii.quark.content.tools.module.PickarangModule
[14May2026 17:48:29.829] [modloading-worker-0/INFO] [quark/]: Found Quark module class vazkii.quark.content.tools.module.ParrotEggsModule
[14May2026 17:48:29.833] [modloading-worker-0/INFO] [quark/]: Found Quark module class vazkii.quark.content.tools.module.TrowelModule
[14May2026 17:48:29.839] [modloading-worker-0/INFO] [quark/]: Found Quark module class vazkii.quark.content.tools.module.AbacusModule
[14May2026 17:48:29.844] [modloading-worker-0/INFO] [quark/]: Found Quark module class vazkii.quark.content.tools.module.BottledCloudModule
[14May2026 17:48:29.859] [modloading-worker-0/INFO] [quark/]: Found Quark module class vazkii.quark.content.tools.module.TorchArrowModule
[14May2026 17:48:29.864] [modloading-worker-0/INFO] [quark/]: Found Quark module class vazkii.quark.content.tools.module.BundleRecipeModule
[14May2026 17:48:29.865] [modloading-worker-0/INFO] [quark/]: Found Quark module class vazkii.quark.content.tools.module.AncientTomesModule
[14May2026 17:48:29.870] [modloading-worker-0/INFO] [quark/]: Found Quark module class vazkii.quark.content.tools.module.EndermoshMusicDiscModule
[14May2026 17:48:29.934] [modloading-worker-0/INFO] [quark/]: Found Quark module class vazkii.quark.content.tools.module.SeedPouchModule
[14May2026 17:48:29.941] [modloading-worker-0/INFO] [quark/]: Found Quark module class vazkii.quark.content.tools.module.SkullPikesModule
[14May2026 17:48:29.950] [modloading-worker-0/INFO] [quark/]: Found Quark module class vazkii.quark.content.tools.module.SlimeInABucketModule
[14May2026 17:48:29.959] [modloading-worker-0/INFO] [quark/]: Found Quark module class vazkii.quark.addons.oddities.module.PipesModule
[14May2026 17:48:29.965] [modloading-worker-0/INFO] [quark/]: Found Quark module class vazkii.quark.addons.oddities.module.BackpackModule
[14May2026 17:48:29.968] [modloading-worker-0/INFO] [quark/]: Found Quark module class vazkii.quark.addons.oddities.module.TinyPotatoModule
[14May2026 17:48:29.970] [modloading-worker-0/INFO] [quark/]: Found Quark module class vazkii.quark.addons.oddities.module.MatrixEnchantingModule
[14May2026 17:48:29.974] [modloading-worker-0/INFO] [quark/]: Found Quark module class vazkii.quark.addons.oddities.module.TotemOfHoldingModule
[14May2026 17:48:29.976] [modloading-worker-0/INFO] [quark/]: Found Quark module class vazkii.quark.addons.oddities.module.CrateModule
[14May2026 17:48:29.986] [modloading-worker-0/INFO] [quark/]: Found Quark module class vazkii.quark.addons.oddities.module.MagnetsModule
[14May2026 17:48:29.993] [modloading-worker-0/INFO] [quark/]: Dispatching Module Step CONSTRUCT
[14May2026 17:48:30.062] [modloading-worker-0/INFO] [KubeJS Startup/]: Loaded script startup_scripts:block_modification.js in 0.069 s
[14May2026 17:48:30.063] [modloading-worker-0/INFO] [KubeJS Startup/]: Loaded script startup_scripts:entity_modification.js in 0.001 s
[14May2026 17:48:30.068] [modloading-worker-0/INFO] [KubeJS Startup/]: attribute_modification.js#2: Loaded Java class 'net.minecraft.world.entity.ai.attributes.AttributeModifier'
[14May2026 17:48:30.073] [modloading-worker-0/INFO] [KubeJS Startup/]: Loaded script startup_scripts:attribute_modification.js in 0.01 s
[14May2026 17:48:30.074] [modloading-worker-0/INFO] [KubeJS Startup/]: Loaded script startup_scripts:stack_sizes.js in 0.001 s
[14May2026 17:48:30.075] [modloading-worker-0/INFO] [KubeJS Startup/]: Loaded script startup_scripts:sounds.js in 0.001 s
[14May2026 17:48:30.076] [modloading-worker-0/INFO] [KubeJS Startup/]: Loaded script startup_scripts:worldgen.js in 0.001 s
[14May2026 17:48:30.108] [modloading-worker-0/INFO] [quark/]: Loading Module Pistons Move Tile Entities
[14May2026 17:48:30.112] [modloading-worker-0/INFO] [quark/]: Loading Module Ender Watcher
[14May2026 17:48:30.112] [modloading-worker-0/INFO] [quark/]: Loading Module Redstone Randomizer
[14May2026 17:48:30.112] [modloading-worker-0/INFO] [quark/]: Loading Module Feeding Trough
[14May2026 17:48:30.112] [modloading-worker-0/INFO] [quark/]: Loading Module Metal Buttons
[14May2026 17:48:30.112] [modloading-worker-0/INFO] [KubeJS Startup/]: block_registration.js#3: Loaded Java class 'java.awt.Color'
[14May2026 17:48:30.112] [modloading-worker-0/INFO] [quark/]: Loading Module Iron Rod
[14May2026 17:48:30.112] [modloading-worker-0/INFO] [quark/]: Loading Module Obsidian Plate
[14May2026 17:48:30.112] [modloading-worker-0/INFO] [quark/]: Loading Module Chains Connect Blocks
[14May2026 17:48:30.112] [modloading-worker-0/INFO] [quark/]: Loading Module Gravisand
[14May2026 17:48:30.112] [modloading-worker-0/INFO] [quark/]: Loading Module Jukebox Automation
[14May2026 17:48:30.112] [modloading-worker-0/INFO] [KubeJS Startup/]: Loaded script startup_scripts:block_registration.js in 0.036 s
[14May2026 17:48:30.114] [modloading-worker-0/INFO] [quark/]: Loading Module Dispensers Place Blocks
[14May2026 17:48:30.115] [modloading-worker-0/INFO] [quark/]: Loading Module Chute
[14May2026 17:48:30.115] [modloading-worker-0/INFO] [quark/]: Loading Module Variant Ladders
[14May2026 17:48:30.115] [modloading-worker-0/INFO] [quark/]: Loading Module Variant Bookshelves
[14May2026 17:48:30.115] [modloading-worker-0/INFO] [quark/]: Loading Module Bamboo Backport
[14May2026 17:48:30.115] [modloading-worker-0/INFO] [quark/]: Loading Module Compressed Blocks
[14May2026 17:48:30.115] [modloading-worker-0/INFO] [quark/]: Loading Module More Potted Plants
[14May2026 17:48:30.115] [modloading-worker-0/INFO] [quark/]: Loading Module Duskbound Blocks
[14May2026 17:48:30.115] [modloading-worker-0/INFO] [quark/]: Loading Module Wooden Posts
[14May2026 17:48:30.115] [modloading-worker-0/INFO] [quark/]: Loading Module Thatch
[14May2026 17:48:30.115] [modloading-worker-0/INFO] [quark/]: Loading Module More Stone Variants
[14May2026 17:48:30.115] [modloading-worker-0/INFO] [quark/]: Loading Module Shear Vines
[14May2026 17:48:30.115] [modloading-worker-0/INFO] [quark/]: Loading Module Nether Brick Fence Gate
[14May2026 17:48:30.115] [modloading-worker-0/INFO] [quark/]: Loading Module Gold Bars
[14May2026 17:48:30.115] [modloading-worker-0/INFO] [quark/]: Loading Module Rope
[14May2026 17:48:30.115] [modloading-worker-0/INFO] [quark/]: Loading Module Celebratory Lamps
[14May2026 17:48:30.115] [modloading-worker-0/INFO] [quark/]: Loading Module Soul Sandstone
[14May2026 17:48:30.115] [modloading-worker-0/INFO] [quark/]: Loading Module Variant Chests
[14May2026 17:48:30.115] [modloading-worker-0/INFO] [quark/]: Loading Module Leaf Carpet
[14May2026 17:48:30.115] [modloading-worker-0/INFO] [quark/]: Loading Module Framed Glass
[14May2026 17:48:30.115] [modloading-worker-0/INFO] [quark/]: Loading Module Vertical Planks
[14May2026 17:48:30.116] [modloading-worker-0/INFO] [quark/]: Loading Module Variant Furnaces
[14May2026 17:48:30.116] [modloading-worker-0/INFO] [quark/]: Loading Module Hedges
[14May2026 17:48:30.116] [modloading-worker-0/INFO] [quark/]: Loading Module Hollow Logs
[14May2026 17:48:30.116] [modloading-worker-0/INFO] [quark/]: Loading Module Midori
[14May2026 17:48:30.116] [modloading-worker-0/INFO] [quark/]: Loading Module Rainbow Lamps
[14May2026 17:48:30.116] [modloading-worker-0/INFO] [quark/]: Loading Module Vertical Slabs
[14May2026 17:48:30.116] [modloading-worker-0/INFO] [quark/]: Loading Module Shingles
[14May2026 17:48:30.116] [modloading-worker-0/INFO] [quark/]: Loading Module Sturdy Stone
[14May2026 17:48:30.116] [modloading-worker-0/INFO] [quark/]: Loading Module Stools
[14May2026 17:48:30.119] [modloading-worker-0/INFO] [quark/]: Loading Module Raw Metal Bricks
[14May2026 17:48:30.119] [modloading-worker-0/INFO] [quark/]: Loading Module More Mud Blocks
[14May2026 17:48:30.119] [modloading-worker-0/INFO] [quark/]: Loading Module Grate
[14May2026 17:48:30.119] [modloading-worker-0/INFO] [quark/]: Loading Module Japanese Palette
[14May2026 17:48:30.120] [modloading-worker-0/INFO] [quark/]: Loading Module More Brick Types
[14May2026 17:48:30.120] [modloading-worker-0/INFO] [quark/]: Loading Module Glass Item Frame
[14May2026 17:48:30.120] [modloading-worker-0/INFO] [quark/]: Loading Module Industrial Palette
[14May2026 17:48:30.120] [modloading-worker-0/INFO] [quark/]: Loading Module Quick Armor Swapping
[14May2026 17:48:30.120] [modloading-worker-0/INFO] [quark/]: Loading Module Item Sharing
[14May2026 17:48:30.120] [modloading-worker-0/INFO] [quark/]: Loading Module Automatic Tool Restock
[14May2026 17:48:30.121] [modloading-worker-0/INFO] [KubeJS Startup/]: pig_riding.js#2: Loaded Java class 'net.minecraft.world.phys.Vec2'
[14May2026 17:48:30.121] [modloading-worker-0/INFO] [KubeJS Startup/]: pig_riding.js#4: Loaded Java class 'net.minecraft.client.Minecraft'
[14May2026 17:48:30.122] [modloading-worker-0/INFO] [KubeJS Startup/]: Loaded script startup_scripts:pig_riding.js in 0.01 s
[14May2026 17:48:30.123] [modloading-worker-0/INFO] [quark/]: Loading Module Expanded Item Interactions
[14May2026 17:48:30.125] [modloading-worker-0/INFO] [quark/]: Loading Module Inventory Sorting
[14May2026 17:48:30.126] [modloading-worker-0/INFO] [quark/]: Loading Module Hotbar Changer
[14May2026 17:48:30.126] [modloading-worker-0/INFO] [KubeJS Startup/]: Loaded script startup_scripts:item_registration.js in 0.004 s
[14May2026 17:48:30.128] [modloading-worker-0/INFO] [quark/]: Loading Module Easy Transfering
[14May2026 17:48:30.128] [modloading-worker-0/INFO] [quark/]: Loading Module Beacon Redirection
[14May2026 17:48:30.128] [modloading-worker-0/INFO] [quark/]: Loading Module Ambient Discs
[14May2026 17:48:30.129] [modloading-worker-0/INFO] [KubeJS Startup/]: Loaded script startup_scripts:item_modification.js in 0.003 s
[14May2026 17:48:30.129] [modloading-worker-0/INFO] [quark/]: Loading Module Pathfinder Maps
[14May2026 17:48:30.129] [modloading-worker-0/INFO] [quark/]: Loading Module Color Runes
[14May2026 17:48:30.129] [modloading-worker-0/INFO] [quark/]: Loading Module Pickarang
[14May2026 17:48:30.129] [modloading-worker-0/INFO] [quark/]: Loading Module Parrot Eggs
[14May2026 17:48:30.129] [modloading-worker-0/INFO] [quark/]: Loading Module Trowel
[14May2026 17:48:30.129] [modloading-worker-0/INFO] [quark/]: Loading Module Abacus
[14May2026 17:48:30.130] [modloading-worker-0/INFO] [KubeJS Startup/]: Loaded script startup_scripts:keybind.js in 0.001 s
[14May2026 17:48:30.132] [modloading-worker-0/INFO] [KubeJS Startup/]: burnable.js#29: Loaded Java class 'java.lang.Integer'
[14May2026 17:48:30.133] [modloading-worker-0/INFO] [quark/]: Loading Module Bottled Cloud
[14May2026 17:48:30.133] [modloading-worker-0/INFO] [quark/]: Loading Module Torch Arrow
[14May2026 17:48:30.133] [modloading-worker-0/INFO] [quark/]: Loading Module Bundle Recipe
[14May2026 17:48:30.133] [modloading-worker-0/INFO] [quark/]: Loading Module Ancient Tomes
[14May2026 17:48:30.133] [modloading-worker-0/INFO] [quark/]: Loading Module Endermosh Music Disc
[14May2026 17:48:30.134] [modloading-worker-0/INFO] [quark/]: Loading Module Seed Pouch
[14May2026 17:48:30.134] [modloading-worker-0/INFO] [quark/]: Loading Module Skull Pikes
[14May2026 17:48:30.134] [modloading-worker-0/INFO] [quark/]: Loading Module Slime In A Bucket
[14May2026 17:48:30.135] [modloading-worker-0/INFO] [quark/]: Loading Module Gold Tools Have Fortune
[14May2026 17:48:30.136] [modloading-worker-0/INFO] [quark/]: Loading Module Automatic Recipe Unlock
[14May2026 17:48:30.136] [modloading-worker-0/INFO] [quark/]: Loading Module Utility Recipes
[14May2026 17:48:30.137] [modloading-worker-0/INFO] [quark/]: Loading Module Poison Potato Usage
[14May2026 17:48:30.138] [modloading-worker-0/INFO] [quark/]: Loading Module Better Elytra Rocket
[14May2026 17:48:30.139] [modloading-worker-0/INFO] [quark/]: Loading Module Renewable Spore Blossoms
[14May2026 17:48:30.139] [modloading-worker-0/INFO] [quark/]: Loading Module Coral On Cactus
[14May2026 17:48:30.139] [modloading-worker-0/INFO] [quark/]: Loading Module Glass Shard
[14May2026 17:48:30.139] [modloading-worker-0/INFO] [quark/]: Loading Module Pig Litters
[14May2026 17:48:30.139] [modloading-worker-0/INFO] [quark/]: Loading Module Campfires Boost Elytra
[14May2026 17:48:30.139] [modloading-worker-0/INFO] [quark/]: Loading Module Dyeable Item Frames
[14May2026 17:48:30.139] [modloading-worker-0/INFO] [quark/]: Loading Module Slabs To Blocks
[14May2026 17:48:30.139] [modloading-worker-0/INFO] [quark/]: Loading Module Map Washing
[14May2026 17:48:30.139] [modloading-worker-0/INFO] [quark/]: Loading Module Enhanced Ladders
[14May2026 17:48:30.141] [modloading-worker-0/INFO] [quark/]: Loading Module Reacharound Placing
[14May2026 17:48:30.141] [modloading-worker-0/INFO] [quark/]: Loading Module Horses Swim
[14May2026 17:48:30.141] [modloading-worker-0/INFO] [quark/]: Loading Module Sponge On Water Placement
[14May2026 17:48:30.142] [modloading-worker-0/INFO] [quark/]: Loading Module Armed Armor Stands
[14May2026 17:48:30.142] [modloading-worker-0/INFO] [quark/]: Loading Module Double Door Opening
[14May2026 17:48:30.144] [modloading-worker-0/INFO] [quark/]: Loading Module Zombie Villagers On Normal
[14May2026 17:48:30.144] [modloading-worker-0/INFO] [quark/]: Loading Module Hoe Harvesting
[14May2026 17:48:30.144] [modloading-worker-0/INFO] [quark/]: Loading Module Emotes
[14May2026 17:48:30.148] [modloading-worker-0/INFO] [quark/]: Loading Module Slimes To Magma Cubes
[14May2026 17:48:30.148] [modloading-worker-0/INFO] [quark/]: Loading Module Snow Golem Player Heads
[14May2026 17:48:30.148] [modloading-worker-0/INFO] [quark/]: Loading Module Vexes Die With Their Masters
[14May2026 17:48:30.148] [modloading-worker-0/INFO] [quark/]: Loading Module More Note Block Sounds
[14May2026 17:48:30.149] [modloading-worker-0/INFO] [quark/]: Loading Module Pat The Dogs
[14May2026 17:48:30.151] [modloading-worker-0/INFO] [quark/]: Loading Module Grab Chickens
[14May2026 17:48:30.152] [modloading-worker-0/INFO] [KubeJS Startup/]: burnable.js#30: Loaded Java class 'it.unimi.dsi.fastutil.objects.Object2IntMap'
[14May2026 17:48:30.152] [modloading-worker-0/INFO] [KubeJS Startup/]: burnable.js#31: Loaded Java class 'net.minecraft.world.level.block.Blocks'
[14May2026 17:48:30.153] [modloading-worker-0/INFO] [KubeJS Startup/]: Loaded script startup_scripts:burnable.js in 0.022 s
[14May2026 17:48:30.154] [modloading-worker-0/INFO] [quark/]: Loading Module More Banner Layers
[14May2026 17:48:30.154] [modloading-worker-0/INFO] [quark/]: Loading Module Replace Scaffolding
[14May2026 17:48:30.155] [modloading-worker-0/INFO] [quark/]: Loading Module Diamond Repair
[14May2026 17:48:30.155] [modloading-worker-0/INFO] [quark/]: Loading Module Safer Creatures
[14May2026 17:48:30.156] [modloading-worker-0/INFO] [KubeJS Startup/]: jumpy_mobs.js#15: Loaded Java class 'net.minecraft.core.Direction$Axis'
[14May2026 17:48:30.156] [modloading-worker-0/INFO] [quark/]: Loading Module Lock Rotation
[14May2026 17:48:30.156] [modloading-worker-0/INFO] [quark/]: Loading Module Villagers Follow Emeralds
[14May2026 17:48:30.156] [modloading-worker-0/INFO] [quark/]: Loading Module Compasses Work Everywhere
[14May2026 17:48:30.156] [modloading-worker-0/INFO] [quark/]: Loading Module No Durability On Cosmetics
[14May2026 17:48:30.157] [modloading-worker-0/INFO] [quark/]: Loading Module Sponges Better
[14May2026 17:48:30.157] [modloading-worker-0/INFO] [quark/]: Loading Module Sign Editing
[14May2026 17:48:30.158] [modloading-worker-0/INFO] [quark/]: Loading Module Simple Harvest
[14May2026 17:48:30.158] [modloading-worker-0/INFO] [quark/]: Loading Module Dragon Scales
[14May2026 17:48:30.158] [modloading-worker-0/INFO] [quark/]: Loading Module Shulker Packing
[14May2026 17:48:30.159] [modloading-worker-0/INFO] [quark/]: Loading Module Nether Obsidian Spikes
[14May2026 17:48:30.159] [modloading-worker-0/INFO] [quark/]: Loading Module Permafrost
[14May2026 17:48:30.159] [modloading-worker-0/INFO] [quark/]: Loading Module Fairy Rings
[14May2026 17:48:30.159] [modloading-worker-0/INFO] [quark/]: Loading Module Big Stone Clusters
[14May2026 17:48:30.159] [modloading-worker-0/INFO] [quark/]: Loading Module Spiral Spires
[14May2026 17:48:30.160] [modloading-worker-0/INFO] [quark/]: Loading Module Ancient Wood
[14May2026 17:48:30.160] [modloading-worker-0/INFO] [quark/]: Loading Module New Stone Types
[14May2026 17:48:30.160] [modloading-worker-0/INFO] [quark/]: Loading Module Blossom Trees
[14May2026 17:48:30.160] [modloading-worker-0/INFO] [quark/]: Loading Module Glimmering Weald
[14May2026 17:48:30.160] [modloading-worker-0/INFO] [quark/]: Loading Module Monster Box
[14May2026 17:48:30.161] [modloading-worker-0/INFO] [quark/]: Loading Module Azalea Wood
[14May2026 17:48:30.162] [modloading-worker-0/INFO] [quark/]: Loading Module No More Lava Pockets
[14May2026 17:48:30.162] [modloading-worker-0/INFO] [quark/]: Loading Module Corundum
[14May2026 17:48:30.162] [modloading-worker-0/INFO] [quark/]: Loading Module Chorus Vegetation
[14May2026 17:48:30.162] [modloading-worker-0/INFO] [quark/]: Loading Module Foxhound
[14May2026 17:48:30.162] [modloading-worker-0/INFO] [quark/]: Loading Module Wraith
[14May2026 17:48:30.162] [modloading-worker-0/INFO] [quark/]: Loading Module Crabs
[14May2026 17:48:30.162] [modloading-worker-0/INFO] [quark/]: Loading Module Forgotten
[14May2026 17:48:30.162] [modloading-worker-0/INFO] [quark/]: Loading Module Shiba
[14May2026 17:48:30.162] [modloading-worker-0/INFO] [quark/]: Loading Module Stonelings
[14May2026 17:48:30.163] [modloading-worker-0/INFO] [quark/]: Loading Module Toretoise
[14May2026 17:48:30.163] [modloading-worker-0/INFO] [quark/]: Loading Module Camera
[14May2026 17:48:30.163] [modloading-worker-0/INFO] [KubeJS Startup/]: jumpy_mobs.js#16: Loaded Java class 'net.liopyu.entityjs.builders.modification.ModifyPathfinderMobBuilder'
[14May2026 17:48:30.164] [modloading-worker-0/INFO] [KubeJS Startup/]: Loaded script startup_scripts:jumpy_mobs.js in 0.011 s
[14May2026 17:48:30.166] [modloading-worker-0/INFO] [KubeJS Startup/]: Loaded script startup_scripts:painting_registration.js in 0.002 s
[14May2026 17:48:30.169] [modloading-worker-0/INFO] [quark/]: Loading Module Elytra Indicator
[14May2026 17:48:30.169] [modloading-worker-0/INFO] [KubeJS Startup/]: Loaded script startup_scripts:effect_registration.js in 0.003 s
[14May2026 17:48:30.169] [modloading-worker-0/INFO] [quark/]: Loading Module Improved Tooltips
[14May2026 17:48:30.169] [modloading-worker-0/INFO] [quark/]: Loading Module Greener Grass
[14May2026 17:48:30.170] [modloading-worker-0/INFO] [quark/]: Loading Module Buckets Show Inhabitants
[14May2026 17:48:30.170] [modloading-worker-0/INFO] [quark/]: Loading Module Soul Candles
[14May2026 17:48:30.170] [modloading-worker-0/INFO] [quark/]: Loading Module Auto Walk Keybind
[14May2026 17:48:30.172] [modloading-worker-0/INFO] [KubeJS Startup/]: Loaded 15/15 KubeJS startup scripts in 1.01 s
[14May2026 17:48:30.172] [modloading-worker-0/INFO] [quark/]: Loading Module Variant Animal Textures
[14May2026 17:48:30.172] [modloading-worker-0/INFO] [quark/]: Loading Module Microcrafting Helper
[14May2026 17:48:30.172] [modloading-worker-0/INFO] [quark/]: Loading Module Uses For Curses
[14May2026 17:48:30.172] [modloading-worker-0/INFO] [quark/]: Loading Module Wool Shuts Up Minecarts
[14May2026 17:48:30.172] [modloading-worker-0/INFO] [quark/]: Loading Module Back Button Keybind
[14May2026 17:48:30.174] [modloading-worker-0/INFO] [quark/]: Loading Module Chest Searching
[14May2026 17:48:30.175] [modloading-worker-0/INFO] [quark/]: Loading Module Long Range Pick Block
[14May2026 17:48:30.175] [modloading-worker-0/INFO] [quark/]: Loading Module Usage Ticker
[14May2026 17:48:30.175] [modloading-worker-0/INFO] [quark/]: Loading Module Variant Selector
[14May2026 17:48:30.175] [modloading-worker-0/INFO] [quark/]: Loading Module Narrator Readout
[14May2026 17:48:30.175] [modloading-worker-0/INFO] [quark/]: Loading Module Climate Control Remover
[14May2026 17:48:30.175] [modloading-worker-0/INFO] [quark/]: Loading Module Enchantments Begone
[14May2026 17:48:30.177] [modloading-worker-0/INFO] [quark/]: Loading Module Game Nerfs
[14May2026 17:48:30.180] [modloading-worker-0/INFO] [quark/]: Loading Module Spawner Replacer
[14May2026 17:48:30.180] [modloading-worker-0/INFO] [quark/]: Loading Module Adjustable Chat
[14May2026 17:48:30.181] [modloading-worker-0/INFO] [quark/]: Loading Module Villager Rerolling Rework
[14May2026 17:48:30.182] [modloading-worker-0/INFO] [quark/]: Loading Module Overlay Shader
[14May2026 17:48:30.182] [modloading-worker-0/INFO] [quark/]: Loading Module Enchantment Predicates
[14May2026 17:48:30.182] [modloading-worker-0/INFO] [quark/]: Loading Module Pipes
[14May2026 17:48:30.182] [modloading-worker-0/INFO] [quark/]: Loading Module Backpack
[14May2026 17:48:30.182] [modloading-worker-0/INFO] [quark/]: Loading Module Tiny Potato
[14May2026 17:48:30.182] [modloading-worker-0/INFO] [quark/]: Loading Module Matrix Enchanting
[14May2026 17:48:30.182] [modloading-worker-0/INFO] [quark/]: Loading Module Totem Of Holding
[14May2026 17:48:30.183] [modloading-worker-0/INFO] [quark/]: Loading Module Crate
[14May2026 17:48:30.184] [modloading-worker-0/INFO] [quark/]: Loading Module Magnets
[14May2026 17:48:30.208] [modloading-worker-0/INFO] [quark/]: Dispatching Module Step CONSTRUCT_CLIENT
[14May2026 17:48:30.339] [modloading-worker-0/INFO] [KubeJS Client/]: Loaded script client_scripts:cape.js in 0.001 s
[14May2026 17:48:30.340] [modloading-worker-0/INFO] [KubeJS Client/]: Loaded script client_scripts:coral_particles.js in 0.0 s
[14May2026 17:48:30.343] [modloading-worker-0/INFO] [KubeJS Client/]: Loaded script client_scripts:tooltips.js in 0.002 s
[14May2026 17:48:30.343] [modloading-worker-0/INFO] [KubeJS Client/]: Loaded 3/3 KubeJS client scripts in 0.016 s
[14May2026 17:48:30.405] [modloading-worker-0/INFO] [dev.architectury.networking.forge.NetworkManagerImpl/]: Registering C2S receiver with id kubejs:send_data_from_client
[14May2026 17:48:30.406] [modloading-worker-0/INFO] [dev.architectury.networking.forge.NetworkManagerImpl/]: Registering S2C receiver with id kubejs:send_data_from_server
[14May2026 17:48:30.407] [modloading-worker-0/INFO] [dev.architectury.networking.forge.NetworkManagerImpl/]: Registering S2C receiver with id kubejs:paint
[14May2026 17:48:30.408] [modloading-worker-0/INFO] [dev.architectury.networking.forge.NetworkManagerImpl/]: Registering S2C receiver with id kubejs:add_stage
[14May2026 17:48:30.410] [modloading-worker-0/INFO] [dev.architectury.networking.forge.NetworkManagerImpl/]: Registering S2C receiver with id kubejs:remove_stage
[14May2026 17:48:30.411] [modloading-worker-0/INFO] [dev.architectury.networking.forge.NetworkManagerImpl/]: Registering S2C receiver with id kubejs:sync_stages
[14May2026 17:48:30.412] [modloading-worker-0/INFO] [dev.architectury.networking.forge.NetworkManagerImpl/]: Registering C2S receiver with id kubejs:first_click
[14May2026 17:48:30.414] [modloading-worker-0/INFO] [dev.architectury.networking.forge.NetworkManagerImpl/]: Registering S2C receiver with id kubejs:toast
[14May2026 17:48:30.526] [Render thread/INFO] [quark/]: Dispatching Module Step REGISTER
[14May2026 17:48:30.932] [Render thread/INFO] [quark/]: Dispatching Module Step POST_REGISTER
[14May2026 17:48:31.391] [Render thread/INFO] [moonlight/]: Initialized block sets in 7ms
[14May2026 17:48:31.715] [Render thread/INFO] [dev.arbor.extrasoundsnext.ExtraSoundsNext/]: Loaded sound generator: minecraft
[14May2026 17:48:31.717] [Render thread/INFO] [dev.arbor.extrasoundsnext.ExtraSoundsNext/]: [ExtraSoundsNext] Regenerating cache...
[14May2026 17:48:31.840] [Render thread/INFO] [dev.arbor.extrasoundsnext.ExtraSoundsNext/]: [ExtraSoundsNext] sound pack successfully loaded; 7983 entries.
[14May2026 17:48:32.088] [Render thread/ERROR] [net.minecraft.server.packs.AbstractPackResources/]: Couldn't load pack metadata
com.google.gson.JsonParseException: com.google.gson.stream.MalformedJsonException: Unterminated object at line 4 column 9 path $.pack.pack_format
	at net.minecraft.util.GsonHelper.m_13780_(GsonHelper.java:512) ~[client-1.19.2-20220805.130853-srg.jar%23371!/:?]
	at net.minecraft.util.GsonHelper.m_13861_(GsonHelper.java:562) ~[client-1.19.2-20220805.130853-srg.jar%23371!/:?]
	at net.minecraft.util.GsonHelper.m_13859_(GsonHelper.java:570) ~[client-1.19.2-20220805.130853-srg.jar%23371!/:?]
	at net.minecraft.server.packs.AbstractPackResources.m_10214_(AbstractPackResources.java:91) ~[client-1.19.2-20220805.130853-srg.jar%23371!/:?]
	at net.minecraft.server.packs.AbstractPackResources.m_5550_(AbstractPackResources.java:64) ~[client-1.19.2-20220805.130853-srg.jar%23371!/:?]
	at net.minecraft.server.packs.repository.Pack.m_10430_(Pack.java:40) ~[client-1.19.2-20220805.130853-srg.jar%23371!/:?]
	at net.minecraft.server.packs.repository.FolderRepositorySource.m_7686_(FolderRepositorySource.java:40) ~[client-1.19.2-20220805.130853-srg.jar%23371!/:?]
	at net.minecraft.server.packs.repository.PackRepository.m_10526_(PackRepository.java:47) ~[client-1.19.2-20220805.130853-srg.jar%23371!/:?]
	at net.minecraft.server.packs.repository.PackRepository.m_10506_(PackRepository.java:39) ~[client-1.19.2-20220805.130853-srg.jar%23371!/:?]
	at net.minecraft.client.Minecraft.<init>(Minecraft.java:469) ~[client-1.19.2-20220805.130853-srg.jar%23371!/:?]
	at net.minecraft.client.main.Main.m_239872_(Main.java:176) ~[client-1.19.2-20220805.130853-srg.jar%23371!/:?]
	at net.minecraft.client.main.Main.main(Main.java:51) ~[client-1.19.2-20220805.130853-srg.jar%23371!/:?]
	at jdk.internal.reflect.NativeMethodAccessorImpl.invoke0(Native Method) ~[?:?]
	at jdk.internal.reflect.NativeMethodAccessorImpl.invoke(NativeMethodAccessorImpl.java:77) ~[?:?]
	at jdk.internal.reflect.DelegatingMethodAccessorImpl.invoke(DelegatingMethodAccessorImpl.java:43) ~[?:?]
	at java.lang.reflect.Method.invoke(Method.java:569) ~[?:?]
	at net.minecraftforge.fml.loading.targets.CommonClientLaunchHandler.lambda$launchService$0(CommonClientLaunchHandler.java:27) ~[fmlloader-1.19.2-43.5.1.jar%23140!/:?]
	at cpw.mods.modlauncher.LaunchServiceHandlerDecorator.launch(LaunchServiceHandlerDecorator.java:30) [modlauncher-10.0.8.jar%23127!/:?]
	at cpw.mods.modlauncher.LaunchServiceHandler.launch(LaunchServiceHandler.java:53) [modlauncher-10.0.8.jar%23127!/:?]
	at cpw.mods.modlauncher.LaunchServiceHandler.launch(LaunchServiceHandler.java:71) [modlauncher-10.0.8.jar%23127!/:?]
	at cpw.mods.modlauncher.Launcher.run(Launcher.java:106) [modlauncher-10.0.8.jar%23127!/:?]
	at cpw.mods.modlauncher.Launcher.main(Launcher.java:77) [modlauncher-10.0.8.jar%23127!/:?]
	at cpw.mods.modlauncher.BootstrapLaunchConsumer.accept(BootstrapLaunchConsumer.java:26) [modlauncher-10.0.8.jar%23127!/:?]
	at cpw.mods.modlauncher.BootstrapLaunchConsumer.accept(BootstrapLaunchConsumer.java:23) [modlauncher-10.0.8.jar%23127!/:?]
	at cpw.mods.bootstraplauncher.BootstrapLauncher.main(BootstrapLauncher.java:141) [bootstraplauncher-1.1.2.jar:?]
	at jdk.internal.reflect.NativeMethodAccessorImpl.invoke0(Native Method) ~[?:?]
	at jdk.internal.reflect.NativeMethodAccessorImpl.invoke(NativeMethodAccessorImpl.java:77) ~[?:?]
	at jdk.internal.reflect.DelegatingMethodAccessorImpl.invoke(DelegatingMethodAccessorImpl.java:43) ~[?:?]
	at java.lang.reflect.Method.invoke(Method.java:569) ~[?:?]
	at io.github.zekerzhayard.forgewrapper.installer.Main.main(Main.java:67) [ForgeWrapper-prism-2025-12-07.jar:prism-2025-12-07]
	at org.prismlauncher.launcher.impl.StandardLauncher.launch(StandardLauncher.java:105) [NewLaunch.jar:?]
	at org.prismlauncher.EntryPoint.listen(EntryPoint.java:129) [NewLaunch.jar:?]
	at org.prismlauncher.EntryPoint.main(EntryPoint.java:70) [NewLaunch.jar:?]
Caused by: com.google.gson.stream.MalformedJsonException: Unterminated object at line 4 column 9 path $.pack.pack_format
	at com.google.gson.stream.JsonReader.syntaxError(JsonReader.java:1562) ~[gson-2.8.9.jar%23112!/:?]
	at com.google.gson.stream.JsonReader.doPeek(JsonReader.java:490) ~[gson-2.8.9.jar%23112!/:?]
	at com.google.gson.stream.JsonReader.hasNext(JsonReader.java:413) ~[gson-2.8.9.jar%23112!/:?]
	at com.google.gson.internal.bind.TypeAdapters$27.read(TypeAdapters.java:683) ~[gson-2.8.9.jar%23112!/:?]
	at com.google.gson.internal.bind.TypeAdapters$27.read(TypeAdapters.java:684) ~[gson-2.8.9.jar%23112!/:?]
	at com.google.gson.internal.bind.TypeAdapters$27.read(TypeAdapters.java:655) ~[gson-2.8.9.jar%23112!/:?]
	at com.google.gson.internal.bind.TypeAdapters$33$1.read(TypeAdapters.java:866) ~[gson-2.8.9.jar%23112!/:?]
	at net.minecraft.util.GsonHelper.m_13780_(GsonHelper.java:510) ~[client-1.19.2-20220805.130853-srg.jar%23371!/:?]
	... 32 more
[14May2026 17:48:32.089] [Render thread/WARN] [net.minecraft.server.packs.repository.Pack/]: Couldn't find pack meta for pack file/color_filtering
[14May2026 17:48:32.121] [Render thread/INFO] [Open Loader/]: Preparing Resource Pack injection.
[14May2026 17:48:32.134] [Render thread/INFO] [Open Loader/]: Loaded folder Resource Pack from /home/jonas/.local/share/PrismLauncher/instances/DB3K/minecraft/config/openloader/resources/db3k_clouds.
[14May2026 17:48:32.135] [Render thread/INFO] [Open Loader/]: Loaded folder Resource Pack from /home/jonas/.local/share/PrismLauncher/instances/DB3K/minecraft/config/openloader/resources/db3k_cbs.
[14May2026 17:48:32.156] [Render thread/INFO] [Open Loader/]: Loaded archive Resource Pack from /home/jonas/.local/share/PrismLauncher/instances/DB3K/minecraft/config/openloader/resources/db3k_music.zip.
[14May2026 17:48:32.156] [Render thread/INFO] [Open Loader/]: Loaded folder Resource Pack from /home/jonas/.local/share/PrismLauncher/instances/DB3K/minecraft/config/openloader/resources/db3k_ambientloops.
[14May2026 17:48:32.157] [Render thread/INFO] [Open Loader/]: Loaded archive Resource Pack from /home/jonas/.local/share/PrismLauncher/instances/DB3K/minecraft/config/openloader/resources/db3k_cbs.zip.
[14May2026 17:48:32.157] [Render thread/ERROR] [Open Loader/]: Skipping /home/jonas/.local/share/PrismLauncher/instances/DB3K/minecraft/config/openloader/resources/db3k_fog. It is not a valid Resource Pack!
[14May2026 17:48:32.157] [Render thread/WARN] [Open Loader/]: Can not load /home/jonas/.local/share/PrismLauncher/instances/DB3K/minecraft/config/openloader/resources/db3k_fog as an archive. It is not a file.
[14May2026 17:48:32.157] [Render thread/WARN] [Open Loader/]: Can not load /home/jonas/.local/share/PrismLauncher/instances/DB3K/minecraft/config/openloader/resources/db3k_fog as a folder pack. It is missing a pack.mcmeta file!
[14May2026 17:48:32.157] [Render thread/INFO] [Open Loader/]: Loaded folder Resource Pack from /home/jonas/.local/share/PrismLauncher/instances/DB3K/minecraft/config/openloader/resources/db3k_creative.
[14May2026 17:48:32.182] [Render thread/INFO] [Open Loader/]: Loaded archive Resource Pack from /home/jonas/.local/share/PrismLauncher/instances/DB3K/minecraft/config/openloader/resources/db3k_paintings.zip.
[14May2026 17:48:32.183] [Render thread/INFO] [Open Loader/]: Loaded folder Resource Pack from /home/jonas/.local/share/PrismLauncher/instances/DB3K/minecraft/config/openloader/resources/db3k_resources.
[14May2026 17:48:32.183] [Render thread/INFO] [Open Loader/]: Successfully injected 8/9 packs from /home/jonas/.local/share/PrismLauncher/instances/DB3K/minecraft/config/openloader/resources.
[14May2026 17:48:32.282] [Render thread/INFO] [quark/]: Dispatching Module Step REGISTER_BLOCK_COLORS
[14May2026 17:48:32.294] [Render thread/INFO] [quark/]: Dispatching Module Step REGISTER_ITEM_COLORS
[14May2026 17:48:32.674] [Render thread/INFO] [quark/]: Dispatching Module Step SETUP_CLIENT
[14May2026 17:48:32.698] [Render thread/INFO] [quark/]: Registering model layer quark:crab#main
[14May2026 17:48:32.698] [Render thread/INFO] [quark/]: Registering model layer quark:shiba#main
[14May2026 17:48:32.698] [Render thread/INFO] [quark/]: Registering model layer quark:quark_boat_chest#main
[14May2026 17:48:32.698] [Render thread/INFO] [quark/]: Registering model layer quark:wraith#main
[14May2026 17:48:32.698] [Render thread/INFO] [quark/]: Registering model layer quark:forgotten_hat#main
[14May2026 17:48:32.698] [Render thread/INFO] [quark/]: Registering model layer quark:stoneling#main
[14May2026 17:48:32.698] [Render thread/INFO] [quark/]: Registering model layer quark:toretoise#main
[14May2026 17:48:32.698] [Render thread/INFO] [quark/]: Registering model layer quark:quark_boat#main
[14May2026 17:48:32.698] [Render thread/INFO] [quark/]: Registering model layer quark:foxhound#main
[14May2026 17:48:32.698] [Render thread/INFO] [quark/]: Registering model layer quark:backpack#main
[14May2026 17:48:32.983] [Render thread/INFO] [quark/]: Dispatching Module Step REGISTER_TOOLTIP_COMPONENT_FACTORIES
[14May2026 17:48:32.999] [Render thread/INFO] [quark/]: Dispatching Module Step REGISTER_KEYBINDS
[14May2026 17:48:33.034] [Render thread/INFO] [net.minecraft.client.Minecraft/]: [FANCYMENU] Registering resource reload listener..
[14May2026 17:48:33.136] [Render thread/ERROR] [com.mojang.text2speech.Narrator/]: Error while loading the narrator
com.mojang.text2speech.Narrator$InitializeException: Failed to load library flite
	at com.mojang.text2speech.NarratorLinux$FliteLibrary.loadNative(NarratorLinux.java:69) ~[text2speech-1.16.7.jar%23121!/:?]
	at com.mojang.text2speech.NarratorLinux.<init>(NarratorLinux.java:18) ~[text2speech-1.16.7.jar%23121!/:?]
	at com.mojang.text2speech.Narrator.getNarrator(Narrator.java:41) ~[text2speech-1.16.7.jar%23121!/:?]
	at net.minecraft.client.GameNarrator.<init>(GameNarrator.java:19) ~[client-1.19.2-20220805.130853-srg.jar%23371!/:?]
	at net.minecraft.client.Minecraft.<init>(Minecraft.java:570) ~[client-1.19.2-20220805.130853-srg.jar%23371!/:?]
	at net.minecraft.client.main.Main.m_239872_(Main.java:176) ~[client-1.19.2-20220805.130853-srg.jar%23371!/:?]
	at net.minecraft.client.main.Main.main(Main.java:51) ~[client-1.19.2-20220805.130853-srg.jar%23371!/:?]
	at jdk.internal.reflect.NativeMethodAccessorImpl.invoke0(Native Method) ~[?:?]
	at jdk.internal.reflect.NativeMethodAccessorImpl.invoke(NativeMethodAccessorImpl.java:77) ~[?:?]
	at jdk.internal.reflect.DelegatingMethodAccessorImpl.invoke(DelegatingMethodAccessorImpl.java:43) ~[?:?]
	at java.lang.reflect.Method.invoke(Method.java:569) ~[?:?]
	at net.minecraftforge.fml.loading.targets.CommonClientLaunchHandler.lambda$launchService$0(CommonClientLaunchHandler.java:27) ~[fmlloader-1.19.2-43.5.1.jar%23140!/:?]
	at cpw.mods.modlauncher.LaunchServiceHandlerDecorator.launch(LaunchServiceHandlerDecorator.java:30) [modlauncher-10.0.8.jar%23127!/:?]
	at cpw.mods.modlauncher.LaunchServiceHandler.launch(LaunchServiceHandler.java:53) [modlauncher-10.0.8.jar%23127!/:?]
	at cpw.mods.modlauncher.LaunchServiceHandler.launch(LaunchServiceHandler.java:71) [modlauncher-10.0.8.jar%23127!/:?]
	at cpw.mods.modlauncher.Launcher.run(Launcher.java:106) [modlauncher-10.0.8.jar%23127!/:?]
	at cpw.mods.modlauncher.Launcher.main(Launcher.java:77) [modlauncher-10.0.8.jar%23127!/:?]
	at cpw.mods.modlauncher.BootstrapLaunchConsumer.accept(BootstrapLaunchConsumer.java:26) [modlauncher-10.0.8.jar%23127!/:?]
	at cpw.mods.modlauncher.BootstrapLaunchConsumer.accept(BootstrapLaunchConsumer.java:23) [modlauncher-10.0.8.jar%23127!/:?]
	at cpw.mods.bootstraplauncher.BootstrapLauncher.main(BootstrapLauncher.java:141) [bootstraplauncher-1.1.2.jar:?]
	at jdk.internal.reflect.NativeMethodAccessorImpl.invoke0(Native Method) ~[?:?]
	at jdk.internal.reflect.NativeMethodAccessorImpl.invoke(NativeMethodAccessorImpl.java:77) ~[?:?]
	at jdk.internal.reflect.DelegatingMethodAccessorImpl.invoke(DelegatingMethodAccessorImpl.java:43) ~[?:?]
	at java.lang.reflect.Method.invoke(Method.java:569) ~[?:?]
	at io.github.zekerzhayard.forgewrapper.installer.Main.main(Main.java:67) [ForgeWrapper-prism-2025-12-07.jar:prism-2025-12-07]
	at org.prismlauncher.launcher.impl.StandardLauncher.launch(StandardLauncher.java:105) [NewLaunch.jar:?]
	at org.prismlauncher.EntryPoint.listen(EntryPoint.java:129) [NewLaunch.jar:?]
	at org.prismlauncher.EntryPoint.main(EntryPoint.java:70) [NewLaunch.jar:?]
Caused by: java.lang.UnsatisfiedLinkError: Unable to load library 'flite':
libflite.so: cannot open shared object file: No such file or directory
libflite.so: cannot open shared object file: No such file or directory
Native library (linux-x86-64/libflite.so) not found in resource path (/home/jonas/.local/share/PrismLauncher/libraries/org/lwjgl/lwjgl-glfw-natives-linux/3.3.2-lwjgl.1/lwjgl-glfw-natives-linux-3.3.2-lwjgl.1.jar:/home/jonas/.local/share/PrismLauncher/libraries/org/lwjgl/lwjgl-glfw/3.3.1/lwjgl-glfw-3.3.1.jar:/home/jonas/.local/share/PrismLauncher/libraries/org/lwjgl/lwjgl-jemalloc-natives-linux/3.3.1/lwjgl-jemalloc-natives-linux-3.3.1.jar:/home/jonas/.local/share/PrismLauncher/libraries/org/lwjgl/lwjgl-jemalloc/3.3.1/lwjgl-jemalloc-3.3.1.jar:/home/jonas/.local/share/PrismLauncher/libraries/org/lwjgl/lwjgl-natives-linux/3.3.1/lwjgl-natives-linux-3.3.1.jar:/home/jonas/.local/share/PrismLauncher/libraries/org/lwjgl/lwjgl-openal-natives-linux/3.3.1/lwjgl-openal-natives-linux-3.3.1.jar:/home/jonas/.local/share/PrismLauncher/libraries/org/lwjgl/lwjgl-openal/3.3.1/lwjgl-openal-3.3.1.jar:/home/jonas/.local/share/PrismLauncher/libraries/org/lwjgl/lwjgl-opengl-natives-linux/3.3.1/lwjgl-opengl-natives-linux-3.3.1.jar:/home/jonas/.local/share/PrismLauncher/libraries/org/lwjgl/lwjgl-opengl/3.3.1/lwjgl-opengl-3.3.1.jar:/home/jonas/.local/share/PrismLauncher/libraries/org/lwjgl/lwjgl-stb-natives-linux/3.3.1/lwjgl-stb-natives-linux-3.3.1.jar:/home/jonas/.local/share/PrismLauncher/libraries/org/lwjgl/lwjgl-stb/3.3.1/lwjgl-stb-3.3.1.jar:/home/jonas/.local/share/PrismLauncher/libraries/org/lwjgl/lwjgl-tinyfd-natives-linux/3.3.1/lwjgl-tinyfd-natives-linux-3.3.1.jar:/home/jonas/.local/share/PrismLauncher/libraries/org/lwjgl/lwjgl-tinyfd/3.3.1/lwjgl-tinyfd-3.3.1.jar:/home/jonas/.local/share/PrismLauncher/libraries/org/lwjgl/lwjgl/3.3.1/lwjgl-3.3.1.jar:/home/jonas/.local/share/PrismLauncher/libraries/com/mojang/logging/1.0.0/logging-1.0.0.jar:/home/jonas/.local/share/PrismLauncher/libraries/com/mojang/blocklist/1.0.10/blocklist-1.0.10.jar:/home/jonas/.local/share/PrismLauncher/libraries/com/mojang/patchy/2.2.10/patchy-2.2.10.jar:/home/jonas/.local/share/PrismLauncher/libraries/com/github/oshi/oshi-core/5.8.5/oshi-core-5.8.5.jar:/home/jonas/.local/share/PrismLauncher/libraries/net/java/dev/jna/jna/5.12.1/jna-5.12.1.jar:/home/jonas/.local/share/PrismLauncher/libraries/net/java/dev/jna/jna-platform/5.12.1/jna-platform-5.12.1.jar:/home/jonas/.local/share/PrismLauncher/libraries/org/slf4j/slf4j-api/1.8.0-beta4/slf4j-api-1.8.0-beta4.jar:/home/jonas/.local/share/PrismLauncher/libraries/org/apache/logging/log4j/log4j-slf4j18-impl/2.17.1/log4j-slf4j18-impl-2.17.1.jar:/home/jonas/.local/share/PrismLauncher/libraries/com/ibm/icu/icu4j/70.1/icu4j-70.1.jar:/home/jonas/.local/share/PrismLauncher/libraries/com/mojang/javabridge/1.2.24/javabridge-1.2.24.jar:/home/jonas/.local/share/PrismLauncher/libraries/net/sf/jopt-simple/jopt-simple/5.0.4/jopt-simple-5.0.4.jar:/home/jonas/.local/share/PrismLauncher/libraries/io/netty/netty-common/4.1.77.Final/netty-common-4.1.77.Final.jar:/home/jonas/.local/share/PrismLauncher/libraries/io/netty/netty-buffer/4.1.77.Final/netty-buffer-4.1.77.Final.jar:/home/jonas/.local/share/PrismLauncher/libraries/io/netty/netty-codec/4.1.77.Final/netty-codec-4.1.77.Final.jar:/home/jonas/.local/share/PrismLauncher/libraries/io/netty/netty-handler/4.1.77.Final/netty-handler-4.1.77.Final.jar:/home/jonas/.local/share/PrismLauncher/libraries/io/netty/netty-resolver/4.1.77.Final/netty-resolver-4.1.77.Final.jar:/home/jonas/.local/share/PrismLauncher/libraries/io/netty/netty-transport/4.1.77.Final/netty-transport-4.1.77.Final.jar:/home/jonas/.local/share/PrismLauncher/libraries/io/netty/netty-transport-native-unix-common/4.1.77.Final/netty-transport-native-unix-common-4.1.77.Final.jar:/home/jonas/.local/share/PrismLauncher/libraries/io/netty/netty-transport-classes-epoll/4.1.77.Final/netty-transport-classes-epoll-4.1.77.Final.jar:/home/jonas/.local/share/PrismLauncher/libraries/io/netty/netty-transport-native-epoll/4.1.77.Final/netty-transport-native-epoll-4.1.77.Final-linux-x86_64.jar:/home/jonas/.local/share/PrismLauncher/libraries/io/netty/netty-transport-native-epoll/4.1.77.Final/netty-transport-native-epoll-4.1.77.Final-linux-aarch_64.jar:/home/jonas/.local/share/PrismLauncher/libraries/com/google/guava/failureaccess/1.0.1/failureaccess-1.0.1.jar:/home/jonas/.local/share/PrismLauncher/libraries/com/google/guava/guava/31.0.1-jre/guava-31.0.1-jre.jar:/home/jonas/.local/share/PrismLauncher/libraries/org/apache/commons/commons-lang3/3.12.0/commons-lang3-3.12.0.jar:/home/jonas/.local/share/PrismLauncher/libraries/commons-io/commons-io/2.11.0/commons-io-2.11.0.jar:/home/jonas/.local/share/PrismLauncher/libraries/commons-codec/commons-codec/1.15/commons-codec-1.15.jar:/home/jonas/.local/share/PrismLauncher/libraries/com/mojang/brigadier/1.0.18/brigadier-1.0.18.jar:/home/jonas/.local/share/PrismLauncher/libraries/com/mojang/datafixerupper/5.0.28/datafixerupper-5.0.28.jar:/home/jonas/.local/share/PrismLauncher/libraries/com/google/code/gson/gson/2.8.9/gson-2.8.9.jar:/home/jonas/.local/share/PrismLauncher/libraries/com/mojang/authlib/3.11.49/authlib-3.11.49.jar:/home/jonas/.local/share/PrismLauncher/libraries/org/apache/commons/commons-compress/1.21/commons-compress-1.21.jar:/home/jonas/.local/share/PrismLauncher/libraries/org/apache/httpcomponents/httpclient/4.5.13/httpclient-4.5.13.jar:/home/jonas/.local/share/PrismLauncher/libraries/commons-logging/commons-logging/1.2/commons-logging-1.2.jar:/home/jonas/.local/share/PrismLauncher/libraries/org/apache/httpcomponents/httpcore/4.4.14/httpcore-4.4.14.jar:/home/jonas/.local/share/PrismLauncher/libraries/it/unimi/dsi/fastutil/8.5.6/fastutil-8.5.6.jar:/home/jonas/.local/share/PrismLauncher/libraries/org/apache/logging/log4j/log4j-api/2.17.1/log4j-api-2.17.1.jar:/home/jonas/.local/share/PrismLauncher/libraries/org/apache/logging/log4j/log4j-core/2.17.1/log4j-core-2.17.1.jar:/home/jonas/.local/share/PrismLauncher/libraries/com/mojang/text2speech/1.16.7/text2speech-1.16.7.jar:/home/jonas/.local/share/PrismLauncher/libraries/io/github/zekerzhayard/ForgeWrapper/prism-2025-12-07/ForgeWrapper-prism-2025-12-07.jar:/home/jonas/.local/share/PrismLauncher/libraries/cpw/mods/securejarhandler/2.1.4/securejarhandler-2.1.4.jar:/home/jonas/.local/share/PrismLauncher/libraries/org/ow2/asm/asm/9.7.1/asm-9.7.1.jar:/home/jonas/.local/share/PrismLauncher/libraries/org/ow2/asm/asm-commons/9.7.1/asm-commons-9.7.1.jar:/home/jonas/.local/share/PrismLauncher/libraries/org/ow2/asm/asm-tree/9.7.1/asm-tree-9.7.1.jar:/home/jonas/.local/share/PrismLauncher/libraries/org/ow2/asm/asm-util/9.7.1/asm-util-9.7.1.jar:/home/jonas/.local/share/PrismLauncher/libraries/org/ow2/asm/asm-analysis/9.7.1/asm-analysis-9.7.1.jar:/home/jonas/.local/share/PrismLauncher/libraries/net/minecraftforge/accesstransformers/8.0.4/accesstransformers-8.0.4.jar:/home/jonas/.local/share/PrismLauncher/libraries/org/antlr/antlr4-runtime/4.9.1/antlr4-runtime-4.9.1.jar:/home/jonas/.local/share/PrismLauncher/libraries/net/minecraftforge/eventbus/6.0.3/eventbus-6.0.3.jar:/home/jonas/.local/share/PrismLauncher/libraries/net/minecraftforge/forgespi/6.0.0/forgespi-6.0.0.jar:/home/jonas/.local/share/PrismLauncher/libraries/net/minecraftforge/coremods/5.2.4/coremods-5.2.4.jar:/home/jonas/.local/share/PrismLauncher/libraries/cpw/mods/modlauncher/10.0.8/modlauncher-10.0.8.jar:/home/jonas/.local/share/PrismLauncher/libraries/net/minecraftforge/unsafe/0.2.0/unsafe-0.2.0.jar:/home/jonas/.local/share/PrismLauncher/libraries/com/electronwill/night-config/core/3.6.4/core-3.6.4.jar:/home/jonas/.local/share/PrismLauncher/libraries/com/electronwill/night-config/toml/3.6.4/toml-3.6.4.jar:/home/jonas/.local/share/PrismLauncher/libraries/org/apache/maven/maven-artifact/3.8.5/maven-artifact-3.8.5.jar:/home/jonas/.local/share/PrismLauncher/libraries/net/jodah/typetools/0.8.3/typetools-0.8.3.jar:/home/jonas/.local/share/PrismLauncher/libraries/net/minecrell/terminalconsoleappender/1.2.0/terminalconsoleappender-1.2.0.jar:/home/jonas/.local/share/PrismLauncher/libraries/org/jline/jline-reader/3.12.1/jline-reader-3.12.1.jar:/home/jonas/.local/share/PrismLauncher/libraries/org/jline/jline-terminal/3.12.1/jline-terminal-3.12.1.jar:/home/jonas/.local/share/PrismLauncher/libraries/org/spongepowered/mixin/0.8.5/mixin-0.8.5.jar:/home/jonas/.local/share/PrismLauncher/libraries/org/openjdk/nashorn/nashorn-core/15.4/nashorn-core-15.4.jar:/home/jonas/.local/share/PrismLauncher/libraries/net/minecraftforge/JarJarSelector/0.3.16/JarJarSelector-0.3.16.jar:/home/jonas/.local/share/PrismLauncher/libraries/net/minecraftforge/JarJarMetadata/0.3.16/JarJarMetadata-0.3.16.jar:/home/jonas/.local/share/PrismLauncher/libraries/cpw/mods/bootstraplauncher/1.1.2/bootstraplauncher-1.1.2.jar:/home/jonas/.local/share/PrismLauncher/libraries/net/minecraftforge/JarJarFileSystems/0.3.16/JarJarFileSystems-0.3.16.jar:/home/jonas/.local/share/PrismLauncher/libraries/net/minecraftforge/fmlloader/1.19.2-43.5.1/fmlloader-1.19.2-43.5.1.jar:/home/jonas/.local/share/PrismLauncher/libraries/com/mojang/minecraft/1.19.2/minecraft-1.19.2-client.jar)
	at com.sun.jna.NativeLibrary.loadLibrary(NativeLibrary.java:307) ~[jna-5.12.1.jar%2389!/:5.12.1 (b0)]
	at com.sun.jna.NativeLibrary.getInstance(NativeLibrary.java:467) ~[jna-5.12.1.jar%2389!/:5.12.1 (b0)]
	at com.sun.jna.NativeLibrary.getInstance(NativeLibrary.java:409) ~[jna-5.12.1.jar%2389!/:5.12.1 (b0)]
	at com.mojang.text2speech.NarratorLinux$FliteLibrary.loadNative(NarratorLinux.java:67) ~[text2speech-1.16.7.jar%23121!/:?]
	... 27 more
	Suppressed: java.lang.UnsatisfiedLinkError: libflite.so: cannot open shared object file: No such file or directory
		at com.sun.jna.Native.open(Native Method) ~[jna-5.12.1.jar%2389!/:5.12.1 (b0)]
		at com.sun.jna.NativeLibrary.loadLibrary(NativeLibrary.java:197) ~[jna-5.12.1.jar%2389!/:5.12.1 (b0)]
		at com.sun.jna.NativeLibrary.getInstance(NativeLibrary.java:467) ~[jna-5.12.1.jar%2389!/:5.12.1 (b0)]
		at com.sun.jna.NativeLibrary.getInstance(NativeLibrary.java:409) ~[jna-5.12.1.jar%2389!/:5.12.1 (b0)]
		at com.mojang.text2speech.NarratorLinux$FliteLibrary.loadNative(NarratorLinux.java:67) ~[text2speech-1.16.7.jar%23121!/:?]
		at com.mojang.text2speech.NarratorLinux.<init>(NarratorLinux.java:18) ~[text2speech-1.16.7.jar%23121!/:?]
		at com.mojang.text2speech.Narrator.getNarrator(Narrator.java:41) ~[text2speech-1.16.7.jar%23121!/:?]
		at net.minecraft.client.GameNarrator.<init>(GameNarrator.java:19) ~[client-1.19.2-20220805.130853-srg.jar%23371!/:?]
		at net.minecraft.client.Minecraft.<init>(Minecraft.java:570) ~[client-1.19.2-20220805.130853-srg.jar%23371!/:?]
		at net.minecraft.client.main.Main.m_239872_(Main.java:176) ~[client-1.19.2-20220805.130853-srg.jar%23371!/:?]
		at net.minecraft.client.main.Main.main(Main.java:51) ~[client-1.19.2-20220805.130853-srg.jar%23371!/:?]
		at jdk.internal.reflect.NativeMethodAccessorImpl.invoke0(Native Method) ~[?:?]
		at jdk.internal.reflect.NativeMethodAccessorImpl.invoke(NativeMethodAccessorImpl.java:77) ~[?:?]
		at jdk.internal.reflect.DelegatingMethodAccessorImpl.invoke(DelegatingMethodAccessorImpl.java:43) ~[?:?]
		at java.lang.reflect.Method.invoke(Method.java:569) ~[?:?]
		at net.minecraftforge.fml.loading.targets.CommonClientLaunchHandler.lambda$launchService$0(CommonClientLaunchHandler.java:27) ~[fmlloader-1.19.2-43.5.1.jar%23140!/:?]
		at cpw.mods.modlauncher.LaunchServiceHandlerDecorator.launch(LaunchServiceHandlerDecorator.java:30) [modlauncher-10.0.8.jar%23127!/:?]
		at cpw.mods.modlauncher.LaunchServiceHandler.launch(LaunchServiceHandler.java:53) [modlauncher-10.0.8.jar%23127!/:?]
		at cpw.mods.modlauncher.LaunchServiceHandler.launch(LaunchServiceHandler.java:71) [modlauncher-10.0.8.jar%23127!/:?]
		at cpw.mods.modlauncher.Launcher.run(Launcher.java:106) [modlauncher-10.0.8.jar%23127!/:?]
		at cpw.mods.modlauncher.Launcher.main(Launcher.java:77) [modlauncher-10.0.8.jar%23127!/:?]
		at cpw.mods.modlauncher.BootstrapLaunchConsumer.accept(BootstrapLaunchConsumer.java:26) [modlauncher-10.0.8.jar%23127!/:?]
		at cpw.mods.modlauncher.BootstrapLaunchConsumer.accept(BootstrapLaunchConsumer.java:23) [modlauncher-10.0.8.jar%23127!/:?]
		at cpw.mods.bootstraplauncher.BootstrapLauncher.main(BootstrapLauncher.java:141) [bootstraplauncher-1.1.2.jar:?]
		at jdk.internal.reflect.NativeMethodAccessorImpl.invoke0(Native Method) ~[?:?]
		at jdk.internal.reflect.NativeMethodAccessorImpl.invoke(NativeMethodAccessorImpl.java:77) ~[?:?]
		at jdk.internal.reflect.DelegatingMethodAccessorImpl.invoke(DelegatingMethodAccessorImpl.java:43) ~[?:?]
		at java.lang.reflect.Method.invoke(Method.java:569) ~[?:?]
		at io.github.zekerzhayard.forgewrapper.installer.Main.main(Main.java:67) [ForgeWrapper-prism-2025-12-07.jar:prism-2025-12-07]
		at org.prismlauncher.launcher.impl.StandardLauncher.launch(StandardLauncher.java:105) [NewLaunch.jar:?]
		at org.prismlauncher.EntryPoint.listen(EntryPoint.java:129) [NewLaunch.jar:?]
		at org.prismlauncher.EntryPoint.main(EntryPoint.java:70) [NewLaunch.jar:?]
	Suppressed: java.lang.UnsatisfiedLinkError: libflite.so: cannot open shared object file: No such file or directory
		at com.sun.jna.Native.open(Native Method) ~[jna-5.12.1.jar%2389!/:5.12.1 (b0)]
		at com.sun.jna.NativeLibrary.loadLibrary(NativeLibrary.java:210) ~[jna-5.12.1.jar%2389!/:5.12.1 (b0)]
		at com.sun.jna.NativeLibrary.getInstance(NativeLibrary.java:467) ~[jna-5.12.1.jar%2389!/:5.12.1 (b0)]
		at com.sun.jna.NativeLibrary.getInstance(NativeLibrary.java:409) ~[jna-5.12.1.jar%2389!/:5.12.1 (b0)]
		at com.mojang.text2speech.NarratorLinux$FliteLibrary.loadNative(NarratorLinux.java:67) ~[text2speech-1.16.7.jar%23121!/:?]
		at com.mojang.text2speech.NarratorLinux.<init>(NarratorLinux.java:18) ~[text2speech-1.16.7.jar%23121!/:?]
		at com.mojang.text2speech.Narrator.getNarrator(Narrator.java:41) ~[text2speech-1.16.7.jar%23121!/:?]
		at net.minecraft.client.GameNarrator.<init>(GameNarrator.java:19) ~[client-1.19.2-20220805.130853-srg.jar%23371!/:?]
		at net.minecraft.client.Minecraft.<init>(Minecraft.java:570) ~[client-1.19.2-20220805.130853-srg.jar%23371!/:?]
		at net.minecraft.client.main.Main.m_239872_(Main.java:176) ~[client-1.19.2-20220805.130853-srg.jar%23371!/:?]
		at net.minecraft.client.main.Main.main(Main.java:51) ~[client-1.19.2-20220805.130853-srg.jar%23371!/:?]
		at jdk.internal.reflect.NativeMethodAccessorImpl.invoke0(Native Method) ~[?:?]
		at jdk.internal.reflect.NativeMethodAccessorImpl.invoke(NativeMethodAccessorImpl.java:77) ~[?:?]
		at jdk.internal.reflect.DelegatingMethodAccessorImpl.invoke(DelegatingMethodAccessorImpl.java:43) ~[?:?]
		at java.lang.reflect.Method.invoke(Method.java:569) ~[?:?]
		at net.minecraftforge.fml.loading.targets.CommonClientLaunchHandler.lambda$launchService$0(CommonClientLaunchHandler.java:27) ~[fmlloader-1.19.2-43.5.1.jar%23140!/:?]
		at cpw.mods.modlauncher.LaunchServiceHandlerDecorator.launch(LaunchServiceHandlerDecorator.java:30) [modlauncher-10.0.8.jar%23127!/:?]
		at cpw.mods.modlauncher.LaunchServiceHandler.launch(LaunchServiceHandler.java:53) [modlauncher-10.0.8.jar%23127!/:?]
		at cpw.mods.modlauncher.LaunchServiceHandler.launch(LaunchServiceHandler.java:71) [modlauncher-10.0.8.jar%23127!/:?]
		at cpw.mods.modlauncher.Launcher.run(Launcher.java:106) [modlauncher-10.0.8.jar%23127!/:?]
		at cpw.mods.modlauncher.Launcher.main(Launcher.java:77) [modlauncher-10.0.8.jar%23127!/:?]
		at cpw.mods.modlauncher.BootstrapLaunchConsumer.accept(BootstrapLaunchConsumer.java:26) [modlauncher-10.0.8.jar%23127!/:?]
		at cpw.mods.modlauncher.BootstrapLaunchConsumer.accept(BootstrapLaunchConsumer.java:23) [modlauncher-10.0.8.jar%23127!/:?]
		at cpw.mods.bootstraplauncher.BootstrapLauncher.main(BootstrapLauncher.java:141) [bootstraplauncher-1.1.2.jar:?]
		at jdk.internal.reflect.NativeMethodAccessorImpl.invoke0(Native Method) ~[?:?]
		at jdk.internal.reflect.NativeMethodAccessorImpl.invoke(NativeMethodAccessorImpl.java:77) ~[?:?]
		at jdk.internal.reflect.DelegatingMethodAccessorImpl.invoke(DelegatingMethodAccessorImpl.java:43) ~[?:?]
		at java.lang.reflect.Method.invoke(Method.java:569) ~[?:?]
		at io.github.zekerzhayard.forgewrapper.installer.Main.main(Main.java:67) [ForgeWrapper-prism-2025-12-07.jar:prism-2025-12-07]
		at org.prismlauncher.launcher.impl.StandardLauncher.launch(StandardLauncher.java:105) [NewLaunch.jar:?]
		at org.prismlauncher.EntryPoint.listen(EntryPoint.java:129) [NewLaunch.jar:?]
		at org.prismlauncher.EntryPoint.main(EntryPoint.java:70) [NewLaunch.jar:?]
	Suppressed: java.io.IOException: Native library (linux-x86-64/libflite.so) not found in resource path (/home/jonas/.local/share/PrismLauncher/libraries/org/lwjgl/lwjgl-glfw-natives-linux/3.3.2-lwjgl.1/lwjgl-glfw-natives-linux-3.3.2-lwjgl.1.jar:/home/jonas/.local/share/PrismLauncher/libraries/org/lwjgl/lwjgl-glfw/3.3.1/lwjgl-glfw-3.3.1.jar:/home/jonas/.local/share/PrismLauncher/libraries/org/lwjgl/lwjgl-jemalloc-natives-linux/3.3.1/lwjgl-jemalloc-natives-linux-3.3.1.jar:/home/jonas/.local/share/PrismLauncher/libraries/org/lwjgl/lwjgl-jemalloc/3.3.1/lwjgl-jemalloc-3.3.1.jar:/home/jonas/.local/share/PrismLauncher/libraries/org/lwjgl/lwjgl-natives-linux/3.3.1/lwjgl-natives-linux-3.3.1.jar:/home/jonas/.local/share/PrismLauncher/libraries/org/lwjgl/lwjgl-openal-natives-linux/3.3.1/lwjgl-openal-natives-linux-3.3.1.jar:/home/jonas/.local/share/PrismLauncher/libraries/org/lwjgl/lwjgl-openal/3.3.1/lwjgl-openal-3.3.1.jar:/home/jonas/.local/share/PrismLauncher/libraries/org/lwjgl/lwjgl-opengl-natives-linux/3.3.1/lwjgl-opengl-natives-linux-3.3.1.jar:/home/jonas/.local/share/PrismLauncher/libraries/org/lwjgl/lwjgl-opengl/3.3.1/lwjgl-opengl-3.3.1.jar:/home/jonas/.local/share/PrismLauncher/libraries/org/lwjgl/lwjgl-stb-natives-linux/3.3.1/lwjgl-stb-natives-linux-3.3.1.jar:/home/jonas/.local/share/PrismLauncher/libraries/org/lwjgl/lwjgl-stb/3.3.1/lwjgl-stb-3.3.1.jar:/home/jonas/.local/share/PrismLauncher/libraries/org/lwjgl/lwjgl-tinyfd-natives-linux/3.3.1/lwjgl-tinyfd-natives-linux-3.3.1.jar:/home/jonas/.local/share/PrismLauncher/libraries/org/lwjgl/lwjgl-tinyfd/3.3.1/lwjgl-tinyfd-3.3.1.jar:/home/jonas/.local/share/PrismLauncher/libraries/org/lwjgl/lwjgl/3.3.1/lwjgl-3.3.1.jar:/home/jonas/.local/share/PrismLauncher/libraries/com/mojang/logging/1.0.0/logging-1.0.0.jar:/home/jonas/.local/share/PrismLauncher/libraries/com/mojang/blocklist/1.0.10/blocklist-1.0.10.jar:/home/jonas/.local/share/PrismLauncher/libraries/com/mojang/patchy/2.2.10/patchy-2.2.10.jar:/home/jonas/.local/share/PrismLauncher/libraries/com/github/oshi/oshi-core/5.8.5/oshi-core-5.8.5.jar:/home/jonas/.local/share/PrismLauncher/libraries/net/java/dev/jna/jna/5.12.1/jna-5.12.1.jar:/home/jonas/.local/share/PrismLauncher/libraries/net/java/dev/jna/jna-platform/5.12.1/jna-platform-5.12.1.jar:/home/jonas/.local/share/PrismLauncher/libraries/org/slf4j/slf4j-api/1.8.0-beta4/slf4j-api-1.8.0-beta4.jar:/home/jonas/.local/share/PrismLauncher/libraries/org/apache/logging/log4j/log4j-slf4j18-impl/2.17.1/log4j-slf4j18-impl-2.17.1.jar:/home/jonas/.local/share/PrismLauncher/libraries/com/ibm/icu/icu4j/70.1/icu4j-70.1.jar:/home/jonas/.local/share/PrismLauncher/libraries/com/mojang/javabridge/1.2.24/javabridge-1.2.24.jar:/home/jonas/.local/share/PrismLauncher/libraries/net/sf/jopt-simple/jopt-simple/5.0.4/jopt-simple-5.0.4.jar:/home/jonas/.local/share/PrismLauncher/libraries/io/netty/netty-common/4.1.77.Final/netty-common-4.1.77.Final.jar:/home/jonas/.local/share/PrismLauncher/libraries/io/netty/netty-buffer/4.1.77.Final/netty-buffer-4.1.77.Final.jar:/home/jonas/.local/share/PrismLauncher/libraries/io/netty/netty-codec/4.1.77.Final/netty-codec-4.1.77.Final.jar:/home/jonas/.local/share/PrismLauncher/libraries/io/netty/netty-handler/4.1.77.Final/netty-handler-4.1.77.Final.jar:/home/jonas/.local/share/PrismLauncher/libraries/io/netty/netty-resolver/4.1.77.Final/netty-resolver-4.1.77.Final.jar:/home/jonas/.local/share/PrismLauncher/libraries/io/netty/netty-transport/4.1.77.Final/netty-transport-4.1.77.Final.jar:/home/jonas/.local/share/PrismLauncher/libraries/io/netty/netty-transport-native-unix-common/4.1.77.Final/netty-transport-native-unix-common-4.1.77.Final.jar:/home/jonas/.local/share/PrismLauncher/libraries/io/netty/netty-transport-classes-epoll/4.1.77.Final/netty-transport-classes-epoll-4.1.77.Final.jar:/home/jonas/.local/share/PrismLauncher/libraries/io/netty/netty-transport-native-epoll/4.1.77.Final/netty-transport-native-epoll-4.1.77.Final-linux-x86_64.jar:/home/jonas/.local/share/PrismLauncher/libraries/io/netty/netty-transport-native-epoll/4.1.77.Final/netty-transport-native-epoll-4.1.77.Final-linux-aarch_64.jar:/home/jonas/.local/share/PrismLauncher/libraries/com/google/guava/failureaccess/1.0.1/failureaccess-1.0.1.jar:/home/jonas/.local/share/PrismLauncher/libraries/com/google/guava/guava/31.0.1-jre/guava-31.0.1-jre.jar:/home/jonas/.local/share/PrismLauncher/libraries/org/apache/commons/commons-lang3/3.12.0/commons-lang3-3.12.0.jar:/home/jonas/.local/share/PrismLauncher/libraries/commons-io/commons-io/2.11.0/commons-io-2.11.0.jar:/home/jonas/.local/share/PrismLauncher/libraries/commons-codec/commons-codec/1.15/commons-codec-1.15.jar:/home/jonas/.local/share/PrismLauncher/libraries/com/mojang/brigadier/1.0.18/brigadier-1.0.18.jar:/home/jonas/.local/share/PrismLauncher/libraries/com/mojang/datafixerupper/5.0.28/datafixerupper-5.0.28.jar:/home/jonas/.local/share/PrismLauncher/libraries/com/google/code/gson/gson/2.8.9/gson-2.8.9.jar:/home/jonas/.local/share/PrismLauncher/libraries/com/mojang/authlib/3.11.49/authlib-3.11.49.jar:/home/jonas/.local/share/PrismLauncher/libraries/org/apache/commons/commons-compress/1.21/commons-compress-1.21.jar:/home/jonas/.local/share/PrismLauncher/libraries/org/apache/httpcomponents/httpclient/4.5.13/httpclient-4.5.13.jar:/home/jonas/.local/share/PrismLauncher/libraries/commons-logging/commons-logging/1.2/commons-logging-1.2.jar:/home/jonas/.local/share/PrismLauncher/libraries/org/apache/httpcomponents/httpcore/4.4.14/httpcore-4.4.14.jar:/home/jonas/.local/share/PrismLauncher/libraries/it/unimi/dsi/fastutil/8.5.6/fastutil-8.5.6.jar:/home/jonas/.local/share/PrismLauncher/libraries/org/apache/logging/log4j/log4j-api/2.17.1/log4j-api-2.17.1.jar:/home/jonas/.local/share/PrismLauncher/libraries/org/apache/logging/log4j/log4j-core/2.17.1/log4j-core-2.17.1.jar:/home/jonas/.local/share/PrismLauncher/libraries/com/mojang/text2speech/1.16.7/text2speech-1.16.7.jar:/home/jonas/.local/share/PrismLauncher/libraries/io/github/zekerzhayard/ForgeWrapper/prism-2025-12-07/ForgeWrapper-prism-2025-12-07.jar:/home/jonas/.local/share/PrismLauncher/libraries/cpw/mods/securejarhandler/2.1.4/securejarhandler-2.1.4.jar:/home/jonas/.local/share/PrismLauncher/libraries/org/ow2/asm/asm/9.7.1/asm-9.7.1.jar:/home/jonas/.local/share/PrismLauncher/libraries/org/ow2/asm/asm-commons/9.7.1/asm-commons-9.7.1.jar:/home/jonas/.local/share/PrismLauncher/libraries/org/ow2/asm/asm-tree/9.7.1/asm-tree-9.7.1.jar:/home/jonas/.local/share/PrismLauncher/libraries/org/ow2/asm/asm-util/9.7.1/asm-util-9.7.1.jar:/home/jonas/.local/share/PrismLauncher/libraries/org/ow2/asm/asm-analysis/9.7.1/asm-analysis-9.7.1.jar:/home/jonas/.local/share/PrismLauncher/libraries/net/minecraftforge/accesstransformers/8.0.4/accesstransformers-8.0.4.jar:/home/jonas/.local/share/PrismLauncher/libraries/org/antlr/antlr4-runtime/4.9.1/antlr4-runtime-4.9.1.jar:/home/jonas/.local/share/PrismLauncher/libraries/net/minecraftforge/eventbus/6.0.3/eventbus-6.0.3.jar:/home/jonas/.local/share/PrismLauncher/libraries/net/minecraftforge/forgespi/6.0.0/forgespi-6.0.0.jar:/home/jonas/.local/share/PrismLauncher/libraries/net/minecraftforge/coremods/5.2.4/coremods-5.2.4.jar:/home/jonas/.local/share/PrismLauncher/libraries/cpw/mods/modlauncher/10.0.8/modlauncher-10.0.8.jar:/home/jonas/.local/share/PrismLauncher/libraries/net/minecraftforge/unsafe/0.2.0/unsafe-0.2.0.jar:/home/jonas/.local/share/PrismLauncher/libraries/com/electronwill/night-config/core/3.6.4/core-3.6.4.jar:/home/jonas/.local/share/PrismLauncher/libraries/com/electronwill/night-config/toml/3.6.4/toml-3.6.4.jar:/home/jonas/.local/share/PrismLauncher/libraries/org/apache/maven/maven-artifact/3.8.5/maven-artifact-3.8.5.jar:/home/jonas/.local/share/PrismLauncher/libraries/net/jodah/typetools/0.8.3/typetools-0.8.3.jar:/home/jonas/.local/share/PrismLauncher/libraries/net/minecrell/terminalconsoleappender/1.2.0/terminalconsoleappender-1.2.0.jar:/home/jonas/.local/share/PrismLauncher/libraries/org/jline/jline-reader/3.12.1/jline-reader-3.12.1.jar:/home/jonas/.local/share/PrismLauncher/libraries/org/jline/jline-terminal/3.12.1/jline-terminal-3.12.1.jar:/home/jonas/.local/share/PrismLauncher/libraries/org/spongepowered/mixin/0.8.5/mixin-0.8.5.jar:/home/jonas/.local/share/PrismLauncher/libraries/org/openjdk/nashorn/nashorn-core/15.4/nashorn-core-15.4.jar:/home/jonas/.local/share/PrismLauncher/libraries/net/minecraftforge/JarJarSelector/0.3.16/JarJarSelector-0.3.16.jar:/home/jonas/.local/share/PrismLauncher/libraries/net/minecraftforge/JarJarMetadata/0.3.16/JarJarMetadata-0.3.16.jar:/home/jonas/.local/share/PrismLauncher/libraries/cpw/mods/bootstraplauncher/1.1.2/bootstraplauncher-1.1.2.jar:/home/jonas/.local/share/PrismLauncher/libraries/net/minecraftforge/JarJarFileSystems/0.3.16/JarJarFileSystems-0.3.16.jar:/home/jonas/.local/share/PrismLauncher/libraries/net/minecraftforge/fmlloader/1.19.2-43.5.1/fmlloader-1.19.2-43.5.1.jar:/home/jonas/.local/share/PrismLauncher/libraries/com/mojang/minecraft/1.19.2/minecraft-1.19.2-client.jar)
		at com.sun.jna.Native.extractFromResourcePath(Native.java:1145) ~[jna-5.12.1.jar%2389!/:5.12.1 (b0)]
		at com.sun.jna.NativeLibrary.loadLibrary(NativeLibrary.java:281) ~[jna-5.12.1.jar%2389!/:5.12.1 (b0)]
		at com.sun.jna.NativeLibrary.getInstance(NativeLibrary.java:467) ~[jna-5.12.1.jar%2389!/:5.12.1 (b0)]
		at com.sun.jna.NativeLibrary.getInstance(NativeLibrary.java:409) ~[jna-5.12.1.jar%2389!/:5.12.1 (b0)]
		at com.mojang.text2speech.NarratorLinux$FliteLibrary.loadNative(NarratorLinux.java:67) ~[text2speech-1.16.7.jar%23121!/:?]
		at com.mojang.text2speech.NarratorLinux.<init>(NarratorLinux.java:18) ~[text2speech-1.16.7.jar%23121!/:?]
		at com.mojang.text2speech.Narrator.getNarrator(Narrator.java:41) ~[text2speech-1.16.7.jar%23121!/:?]
		at net.minecraft.client.GameNarrator.<init>(GameNarrator.java:19) ~[client-1.19.2-20220805.130853-srg.jar%23371!/:?]
		at net.minecraft.client.Minecraft.<init>(Minecraft.java:570) ~[client-1.19.2-20220805.130853-srg.jar%23371!/:?]
		at net.minecraft.client.main.Main.m_239872_(Main.java:176) ~[client-1.19.2-20220805.130853-srg.jar%23371!/:?]
		at net.minecraft.client.main.Main.main(Main.java:51) ~[client-1.19.2-20220805.130853-srg.jar%23371!/:?]
		at jdk.internal.reflect.NativeMethodAccessorImpl.invoke0(Native Method) ~[?:?]
		at jdk.internal.reflect.NativeMethodAccessorImpl.invoke(NativeMethodAccessorImpl.java:77) ~[?:?]
		at jdk.internal.reflect.DelegatingMethodAccessorImpl.invoke(DelegatingMethodAccessorImpl.java:43) ~[?:?]
		at java.lang.reflect.Method.invoke(Method.java:569) ~[?:?]
		at net.minecraftforge.fml.loading.targets.CommonClientLaunchHandler.lambda$launchService$0(CommonClientLaunchHandler.java:27) ~[fmlloader-1.19.2-43.5.1.jar%23140!/:?]
		at cpw.mods.modlauncher.LaunchServiceHandlerDecorator.launch(LaunchServiceHandlerDecorator.java:30) [modlauncher-10.0.8.jar%23127!/:?]
		at cpw.mods.modlauncher.LaunchServiceHandler.launch(LaunchServiceHandler.java:53) [modlauncher-10.0.8.jar%23127!/:?]
		at cpw.mods.modlauncher.LaunchServiceHandler.launch(LaunchServiceHandler.java:71) [modlauncher-10.0.8.jar%23127!/:?]
		at cpw.mods.modlauncher.Launcher.run(Launcher.java:106) [modlauncher-10.0.8.jar%23127!/:?]
		at cpw.mods.modlauncher.Launcher.main(Launcher.java:77) [modlauncher-10.0.8.jar%23127!/:?]
		at cpw.mods.modlauncher.BootstrapLaunchConsumer.accept(BootstrapLaunchConsumer.java:26) [modlauncher-10.0.8.jar%23127!/:?]
		at cpw.mods.modlauncher.BootstrapLaunchConsumer.accept(BootstrapLaunchConsumer.java:23) [modlauncher-10.0.8.jar%23127!/:?]
		at cpw.mods.bootstraplauncher.BootstrapLauncher.main(BootstrapLauncher.java:141) [bootstraplauncher-1.1.2.jar:?]
		at jdk.internal.reflect.NativeMethodAccessorImpl.invoke0(Native Method) ~[?:?]
		at jdk.internal.reflect.NativeMethodAccessorImpl.invoke(NativeMethodAccessorImpl.java:77) ~[?:?]
		at jdk.internal.reflect.DelegatingMethodAccessorImpl.invoke(DelegatingMethodAccessorImpl.java:43) ~[?:?]
		at java.lang.reflect.Method.invoke(Method.java:569) ~[?:?]
		at io.github.zekerzhayard.forgewrapper.installer.Main.main(Main.java:67) [ForgeWrapper-prism-2025-12-07.jar:prism-2025-12-07]
		at org.prismlauncher.launcher.impl.StandardLauncher.launch(StandardLauncher.java:105) [NewLaunch.jar:?]
		at org.prismlauncher.EntryPoint.listen(EntryPoint.java:129) [NewLaunch.jar:?]
		at org.prismlauncher.EntryPoint.main(EntryPoint.java:70) [NewLaunch.jar:?]
[14May2026 17:48:33.138] [Render thread/INFO] [de.keksuccino.fancymenu.customization.ScreenCustomization/]: [FANCYMENU] Initializing screen customization engine! Addons should NOT REGISTER TO REGISTRIES anymore now!
[14May2026 17:48:33.490] [Render thread/INFO] [de.keksuccino.fancymenu.customization.layout.editor.buddy.TamagotchiBuddyWidget/]: Creating new TamagotchiEasterEgg with screen size: 0x0
[14May2026 17:48:33.500] [Render thread/INFO] [de.keksuccino.fancymenu.customization.layout.editor.buddy.gui.BuddyGui/]: Initialized 2 GUI buttons
[14May2026 17:48:33.500] [Render thread/INFO] [de.keksuccino.fancymenu.customization.layout.editor.buddy.TamagotchiBuddyWidget/]: Delaying buddy state loading until screen size is properly set
[14May2026 17:48:33.513] [Render thread/INFO] [de.keksuccino.fancymenu.customization.layer.ScreenCustomizationLayerHandler/]: [FANCYMENU] Minecraft resource reload: STARTING
[14May2026 17:48:33.513] [Render thread/WARN] [net.minecraft.client.ResourceLoadStateTracker/]: Reload already ongoing, replacing
[14May2026 17:48:33.513] [Render thread/INFO] [net.minecraft.server.packs.resources.ReloadableResourceManager/]: Reloading ResourceManager: Default, Forgery, Fabrication Grayscale, Supplementaries Generated Pack, Mod Resources, quark-emote-pack, KubeJS Resource Pack [assets], db3k_cbs.zip, db3k_music.zip, db3k_paintings.zip, db3k_resources, db3k_cbs, db3k_creative, db3k_ambientloops, db3k_clouds
[14May2026 17:48:33.749] [Render thread/INFO] [supplementaries/]: Generated runtime CLIENT_RESOURCES for pack Supplementaries Generated Pack in: 161 ms
[14May2026 17:48:33.813] [Render thread/INFO] [defaultoptions/]: Loaded default options for keymappings
[14May2026 17:48:33.899] [modloading-worker-0/INFO] [Puzzles Lib/]: Loading client config for easyanvils
[14May2026 17:48:33.947] [Worker-Main2/INFO] [quark/]: Dispatching Module Step TEXTURE_STITCH
[14May2026 17:48:34.128] [Worker-Main7/INFO] [quark/]: Dispatching Module Step TEXTURE_STITCH
[14May2026 17:48:34.149] [Worker-Main3/INFO] [quark/]: Dispatching Module Step TEXTURE_STITCH
[14May2026 17:48:34.174] [modloading-worker-0/WARN] [net.minecraftforge.common.ForgeConfigSpec/CORE]: Configuration file /home/jonas/.local/share/PrismLauncher/instances/DB3K/minecraft/config/waterdripsound-client.toml is not correct. Correcting
[14May2026 17:48:34.174] [modloading-worker-0/WARN] [net.minecraftforge.common.ForgeConfigSpec/CORE]: Incorrect key General.soundCategory was corrected from AMBIENT to its default, AMBIENT. 
[14May2026 17:48:34.200] [modloading-worker-0/INFO] [Puzzles Lib/]: Loading client config for stylisheffects
[14May2026 17:48:34.201] [Thread-0/INFO] [Puzzles Lib/]: Reloading client config for stylisheffects
[14May2026 17:48:34.221] [Worker-Main5/INFO] [CITResewn/]: [citresewn] Parsing CITs...
[14May2026 17:48:34.297] [Worker-Main4/INFO] [quark/]: Dispatching Module Step TEXTURE_STITCH
[14May2026 17:48:34.359] [Worker-Main5/INFO] [CITResewn/]: [citresewn] Found 3 CITs in db3k_resources
[14May2026 17:48:34.360] [Worker-Main5/INFO] [CITResewn/]: [citresewn] Activating CITs...
[14May2026 17:48:34.363] [Worker-Main5/INFO] [CITResewn/]: [citresewn] Loading CITItem models...
[14May2026 17:48:34.522] [Worker-Main1/WARN] [net.minecraft.client.sounds.SoundManager/]: File minecraft:sounds/item.bow.shoot.ogg does not exist, cannot add it to event minecraft:item.crossbow.shoot
[14May2026 17:48:34.572] [Worker-Main1/WARN] [net.minecraft.client.sounds.SoundManager/]: File minecraft:sounds/item.bow.shoot.ogg does not exist, cannot add it to event minecraft:item.crossbow.shoot
[14May2026 17:48:34.636] [modloading-worker-0/INFO] [quark/]: Dispatching Module Step CONFIG_CHANGED
[14May2026 17:48:34.651] [modloading-worker-0/INFO] [quark/]: Dispatching Module Step CONFIG_CHANGED_CLIENT
[14May2026 17:48:34.656] [Worker-Main1/INFO] [quark/]: Dispatching Module Step TEXTURE_STITCH
[14May2026 17:48:35.360] [Worker-Main6/INFO] [quark/]: Dispatching Module Step TEXTURE_STITCH
[14May2026 17:48:35.515] [Worker-Main5/WARN] [net.minecraft.client.resources.model.ModelBakery/]: Unable to load model: 'minecraft:block/granite_slab_double' referenced from: minecraft:granite_slab#type=top,waterlogged=true: java.io.FileNotFoundException: minecraft:models/block/granite_slab_double.json
[14May2026 17:48:35.517] [Worker-Main5/WARN] [net.minecraft.client.resources.model.ModelBakery/]: Unable to load model: 'minecraft:block/andesite_slab_double' referenced from: minecraft:andesite_slab#type=top,waterlogged=true: java.io.FileNotFoundException: minecraft:models/block/andesite_slab_double.json
[14May2026 17:48:35.647] [Worker-Main5/WARN] [net.minecraft.client.resources.model.ModelBakery/]: Unable to load model: 'minecraft:block/soul_campfire_off' referenced from: minecraft:soul_campfire#facing=north,lit=true,signal_fire=true,waterlogged=true: java.io.FileNotFoundException: minecraft:models/block/soul_campfire_off.json
[14May2026 17:48:37.483] [Worker-Main5/INFO] [quark/]: Dispatching Module Step REGISTER_ADDITIONAL_MODELS
[14May2026 17:48:37.532] [Worker-Main5/WARN] [net.minecraft.client.resources.model.ModelBakery/]: Unable to load model: 'supplementaries:blocks/wall_lanterns/wall_lantern_lead' referenced from: supplementaries:blocks/wall_lanterns/wall_lantern_lead: java.io.FileNotFoundException: supplementaries:models/blocks/wall_lanterns/wall_lantern_lead.json
[14May2026 17:48:37.534] [Worker-Main5/WARN] [net.minecraft.client.resources.model.ModelBakery/]: Unable to load model: 'supplementaries:blocks/wall_lanterns/wall_lantern_silver' referenced from: supplementaries:blocks/wall_lanterns/wall_lantern_silver: java.io.FileNotFoundException: supplementaries:models/blocks/wall_lanterns/wall_lantern_silver.json
[14May2026 17:48:37.536] [Worker-Main5/WARN] [net.minecraft.client.resources.model.ModelBakery/]: Unable to load model: 'supplementaries:blocks/wall_lanterns/wall_lantern_copper' referenced from: supplementaries:blocks/wall_lanterns/wall_lantern_copper: java.io.FileNotFoundException: supplementaries:models/blocks/wall_lanterns/wall_lantern_copper.json
[14May2026 17:48:37.536] [Worker-Main5/WARN] [net.minecraft.client.resources.model.ModelBakery/]: Unable to load model: 'supplementaries:blocks/wall_lanterns/wall_lantern_brass' referenced from: supplementaries:blocks/wall_lanterns/wall_lantern_brass: java.io.FileNotFoundException: supplementaries:models/blocks/wall_lanterns/wall_lantern_brass.json
[14May2026 17:48:37.539] [Worker-Main5/WARN] [net.minecraft.client.resources.model.ModelBakery/]: Unable to load model: 'supplementaries:blocks/wall_lanterns/wall_lantern_gold' referenced from: supplementaries:blocks/wall_lanterns/wall_lantern_gold: java.io.FileNotFoundException: supplementaries:models/blocks/wall_lanterns/wall_lantern_gold.json
[14May2026 17:48:39.511] [Worker-Main5/WARN] [net.minecraft.client.resources.model.ModelBakery/]: Unable to resolve texture reference: #particle in 
[14May2026 17:48:39.511] [Worker-Main5/WARN] [net.minecraft.client.resources.model.ModelBakery/]: Unable to resolve texture reference: #missing in another_furniture:block/chair/oak_tucked
[14May2026 17:48:39.511] [Worker-Main5/WARN] [net.minecraft.client.resources.model.ModelBakery/]: Unable to resolve texture reference: #missingno in minecraft:builtin/missing
[14May2026 17:48:39.511] [Worker-Main5/WARN] [net.minecraft.client.resources.model.ModelBakery/]: Unable to resolve texture reference: #missing in another_furniture:block/chair/oak
[14May2026 17:48:39.511] [Worker-Main5/WARN] [net.minecraft.client.resources.model.ModelBakery/]: Unable to resolve texture reference: #missing in supplementaries:block/planter
[14May2026 17:48:39.511] [Worker-Main5/WARN] [net.minecraft.client.resources.model.ModelBakery/]: Unable to resolve texture reference: #missing in supplementaries:item/planter
[14May2026 17:48:39.511] [Worker-Main5/WARN] [net.minecraft.client.resources.model.ModelBakery/]: Unable to resolve texture reference: #missing in minecraft:block/soul_torch
[14May2026 17:48:39.515] [Worker-Main5/INFO] [quark/]: Dispatching Module Step TEXTURE_STITCH
[14May2026 17:48:39.524] [Worker-Main9/INFO] [com.gpumemleakfix.Gpumemleakfix/]: gpumemleakfix mod initialized
[14May2026 17:48:39.545] [Worker-Main9/INFO] [Debugify/]: Enabled 66/69 bugs!
[14May2026 17:48:39.546] [Worker-Main9/INFO] [Debugify/]: Successfully Debugify'd your game!
[14May2026 17:48:39.546] [Worker-Main9/INFO] [Kiwi/]: Loading config from file: /home/jonas/.local/share/PrismLauncher/instances/DB3K/minecraft/config/kiwi-client.toml
[14May2026 17:48:39.546] [Worker-Main9/INFO] [Kiwi/]: Loading config from file: /home/jonas/.local/share/PrismLauncher/instances/DB3K/minecraft/config/lychee-common.toml
[14May2026 17:48:39.559] [Worker-Main9/INFO] [Aquifers Be Gone/]: [Aquifers Be Gone] Loaded.
[14May2026 17:48:39.636] [Forge Version Check/INFO] [net.minecraftforge.fml.VersionChecker/]: [easyanvils] Starting version check at https://raw.githubusercontent.com/Fuzss/modresources/main/update/easyanvils.json
[14May2026 17:48:39.665] [Worker-Main9/INFO] [quark/]: Dispatching Module Step CONFIG_CHANGED
[14May2026 17:48:39.667] [Worker-Main9/INFO] [quark/]: Dispatching Module Step CONFIG_CHANGED_CLIENT
[14May2026 17:48:39.670] [Worker-Main9/INFO] [quark/]: Dispatching Module Step SETUP
[14May2026 17:48:39.718] [Worker-Main9/ERROR] [net.minecraft.client.renderer.texture.TextureAtlas/]: Using missing texture, file kubejs:textures/item/cured_porkchop.png not found
[14May2026 17:48:39.777] [Forge Version Check/INFO] [net.minecraftforge.fml.VersionChecker/]: [easyanvils] Found status: UP_TO_DATE Current: 4.0.11 Target: null
[14May2026 17:48:39.777] [Forge Version Check/INFO] [net.minecraftforge.fml.VersionChecker/]: [worldplaytime] Starting version check at https://updates.khajiitos.fun/world-play-time/updates-forge.json
[14May2026 17:48:39.812] [Forge Version Check/WARN] [net.minecraftforge.fml.VersionChecker/]: Failed to process update information
java.net.ConnectException: null
	at jdk.internal.net.http.HttpClientImpl.send(HttpClientImpl.java:900) ~[java.net.http:?]
	at jdk.internal.net.http.HttpClientFacade.send(HttpClientFacade.java:133) ~[java.net.http:?]
	at net.minecraftforge.fml.VersionChecker$1.openUrlString(VersionChecker.java:139) ~[fmlcore-1.19.2-43.5.1.jar%23372!/:?]
	at net.minecraftforge.fml.VersionChecker$1.process(VersionChecker.java:177) ~[fmlcore-1.19.2-43.5.1.jar%23372!/:?]
	at java.lang.Iterable.forEach(Iterable.java:75) [?:?]
	at net.minecraftforge.fml.VersionChecker$1.run(VersionChecker.java:114) [fmlcore-1.19.2-43.5.1.jar%23372!/:?]
Caused by: java.net.ConnectException
	at jdk.internal.net.http.common.Utils.toConnectException(Utils.java:1107) ~[java.net.http:?]
	at jdk.internal.net.http.PlainHttpConnection.connectAsync(PlainHttpConnection.java:203) ~[java.net.http:?]
	at jdk.internal.net.http.AsyncSSLConnection.connectAsync(AsyncSSLConnection.java:56) ~[java.net.http:?]
	at jdk.internal.net.http.Http2Connection.createAsync(Http2Connection.java:450) ~[java.net.http:?]
	at jdk.internal.net.http.Http2ClientImpl.getConnectionFor(Http2ClientImpl.java:133) ~[java.net.http:?]
	at jdk.internal.net.http.ExchangeImpl.get(ExchangeImpl.java:98) ~[java.net.http:?]
	at jdk.internal.net.http.Exchange.establishExchange(Exchange.java:374) ~[java.net.http:?]
	at jdk.internal.net.http.Exchange.responseAsyncImpl0(Exchange.java:567) ~[java.net.http:?]
	at jdk.internal.net.http.Exchange.responseAsyncImpl(Exchange.java:411) ~[java.net.http:?]
	at jdk.internal.net.http.Exchange.responseAsync(Exchange.java:403) ~[java.net.http:?]
	at jdk.internal.net.http.MultiExchange.responseAsyncImpl(MultiExchange.java:430) ~[java.net.http:?]
	at jdk.internal.net.http.MultiExchange.lambda$responseAsyncImpl$7(MultiExchange.java:471) ~[java.net.http:?]
	at java.util.concurrent.CompletableFuture.uniHandle(CompletableFuture.java:934) ~[?:?]
	at java.util.concurrent.CompletableFuture.uniHandleStage(CompletableFuture.java:950) ~[?:?]
	at java.util.concurrent.CompletableFuture.handle(CompletableFuture.java:2340) ~[?:?]
	at jdk.internal.net.http.MultiExchange.responseAsyncImpl(MultiExchange.java:461) ~[java.net.http:?]
	at jdk.internal.net.http.MultiExchange.lambda$responseAsync0$2(MultiExchange.java:350) ~[java.net.http:?]
	at java.util.concurrent.CompletableFuture$UniCompose.tryFire(CompletableFuture.java:1150) ~[?:?]
	at java.util.concurrent.CompletableFuture.postComplete(CompletableFuture.java:510) ~[?:?]
	at java.util.concurrent.CompletableFuture$AsyncSupply.run(CompletableFuture.java:1773) ~[?:?]
	at jdk.internal.net.http.HttpClientImpl$DelegatingExecutor.execute(HttpClientImpl.java:174) ~[java.net.http:?]
	at java.util.concurrent.CompletableFuture.completeAsync(CompletableFuture.java:2673) ~[?:?]
	at jdk.internal.net.http.MultiExchange.responseAsync(MultiExchange.java:303) ~[java.net.http:?]
	at jdk.internal.net.http.HttpClientImpl.sendAsync(HttpClientImpl.java:991) ~[java.net.http:?]
	at jdk.internal.net.http.HttpClientImpl.send(HttpClientImpl.java:878) ~[java.net.http:?]
	... 5 more
Caused by: java.nio.channels.UnresolvedAddressException
	at sun.nio.ch.Net.checkAddress(Net.java:159) ~[?:?]
	at sun.nio.ch.Net.checkAddress(Net.java:167) ~[?:?]
	at sun.nio.ch.SocketChannelImpl.checkRemote(SocketChannelImpl.java:816) ~[?:?]
	at sun.nio.ch.SocketChannelImpl.connect(SocketChannelImpl.java:839) ~[?:?]
	at jdk.internal.net.http.PlainHttpConnection.lambda$connectAsync$0(PlainHttpConnection.java:187) ~[java.net.http:?]
	at java.security.AccessController.doPrivileged(AccessController.java:569) ~[?:?]
	at jdk.internal.net.http.PlainHttpConnection.connectAsync(PlainHttpConnection.java:189) ~[java.net.http:?]
	at jdk.internal.net.http.AsyncSSLConnection.connectAsync(AsyncSSLConnection.java:56) ~[java.net.http:?]
	at jdk.internal.net.http.Http2Connection.createAsync(Http2Connection.java:450) ~[java.net.http:?]
	at jdk.internal.net.http.Http2ClientImpl.getConnectionFor(Http2ClientImpl.java:133) ~[java.net.http:?]
	at jdk.internal.net.http.ExchangeImpl.get(ExchangeImpl.java:98) ~[java.net.http:?]
	at jdk.internal.net.http.Exchange.establishExchange(Exchange.java:374) ~[java.net.http:?]
	at jdk.internal.net.http.Exchange.responseAsyncImpl0(Exchange.java:567) ~[java.net.http:?]
	at jdk.internal.net.http.Exchange.responseAsyncImpl(Exchange.java:411) ~[java.net.http:?]
	at jdk.internal.net.http.Exchange.responseAsync(Exchange.java:403) ~[java.net.http:?]
	at jdk.internal.net.http.MultiExchange.responseAsyncImpl(MultiExchange.java:430) ~[java.net.http:?]
	at jdk.internal.net.http.MultiExchange.lambda$responseAsyncImpl$7(MultiExchange.java:471) ~[java.net.http:?]
	at java.util.concurrent.CompletableFuture.uniHandle(CompletableFuture.java:934) ~[?:?]
	at java.util.concurrent.CompletableFuture.uniHandleStage(CompletableFuture.java:950) ~[?:?]
	at java.util.concurrent.CompletableFuture.handle(CompletableFuture.java:2340) ~[?:?]
	at jdk.internal.net.http.MultiExchange.responseAsyncImpl(MultiExchange.java:461) ~[java.net.http:?]
	at jdk.internal.net.http.MultiExchange.lambda$responseAsync0$2(MultiExchange.java:350) ~[java.net.http:?]
	at java.util.concurrent.CompletableFuture$UniCompose.tryFire(CompletableFuture.java:1150) ~[?:?]
	at java.util.concurrent.CompletableFuture.postComplete(CompletableFuture.java:510) ~[?:?]
	at java.util.concurrent.CompletableFuture$AsyncSupply.run(CompletableFuture.java:1773) ~[?:?]
	at jdk.internal.net.http.HttpClientImpl$DelegatingExecutor.execute(HttpClientImpl.java:174) ~[java.net.http:?]
	at java.util.concurrent.CompletableFuture.completeAsync(CompletableFuture.java:2673) ~[?:?]
	at jdk.internal.net.http.MultiExchange.responseAsync(MultiExchange.java:303) ~[java.net.http:?]
	at jdk.internal.net.http.HttpClientImpl.sendAsync(HttpClientImpl.java:991) ~[java.net.http:?]
	at jdk.internal.net.http.HttpClientImpl.send(HttpClientImpl.java:878) ~[java.net.http:?]
	... 5 more
[14May2026 17:48:39.819] [Forge Version Check/INFO] [net.minecraftforge.fml.VersionChecker/]: [resourcepackoverrides] Starting version check at https://raw.githubusercontent.com/Fuzss/modresources/main/update/resourcepackoverrides.json
[14May2026 17:48:39.827] [Render thread/INFO] [moonlight/]: Initialized color sets in 19ms
[14May2026 17:48:39.844] [Render thread/INFO] [moonlight/]: Initialized color sets in 16ms
[14May2026 17:48:39.846] [Forge Version Check/INFO] [net.minecraftforge.fml.VersionChecker/]: [resourcepackoverrides] Found status: UP_TO_DATE Current: 4.0.4 Target: null
[14May2026 17:48:39.846] [Forge Version Check/INFO] [net.minecraftforge.fml.VersionChecker/]: [throttle] Starting version check at https://raw.githubusercontent.com/DuckyCrayfish/throttle/main/res/versions.json
[14May2026 17:48:39.856] [Worker-Main9/ERROR] [net.minecraft.client.renderer.texture.TextureAtlas/]: Using missing texture, file minecraft:textures/block/prismarine_slab_side.png not found
[14May2026 17:48:39.860] [Worker-Main9/ERROR] [net.minecraft.client.renderer.texture.TextureAtlas/]: Using missing texture, file minecraft:textures/block/netherite_block_top.png not found
[14May2026 17:48:39.872] [Forge Version Check/INFO] [net.minecraftforge.fml.VersionChecker/]: [throttle] Found status: BETA Current: 1.0.0.0 Target: 1.0.0.0
[14May2026 17:48:39.872] [Forge Version Check/INFO] [net.minecraftforge.fml.VersionChecker/]: [tipthescales] Starting version check at https://updates.blamejared.com/get?n=TipTheScales&gv=1.19.2
[14May2026 17:48:39.921] [Render thread/INFO] [supplementaries/]: Finished mod setup in: [0, 0, 0, 0, 0, 0, 0, 0, 0] ms
[14May2026 17:48:39.982] [Placebo Patreon Trail Loader/INFO] [placebo/]: Loading patreon trails data...
[14May2026 17:48:39.983] [Placebo Patreon Wing Loader/INFO] [placebo/]: Loading patreon wing data...
[14May2026 17:48:39.984] [Worker-Main2/INFO] [capejs/]: Initializing mod: capejs
[14May2026 17:48:39.986] [Worker-Main2/INFO] [capejs/]: Registering custom capes for: capejs
[14May2026 17:48:39.987] [Worker-Main2/INFO] [capejs/]: Adding custom cape for: 8c641065-dba3-41f3-864f-edea4ddfc8bb, at: capejs:textures/capes/dev_cape.png
[14May2026 17:48:39.987] [Worker-Main2/INFO] [capejs/]: Adding custom cape for: f0c86af9-d895-4242-9f45-1c81367a7b66, at: capejs:textures/capes/farland.png
[14May2026 17:48:39.987] [Worker-Main2/INFO] [capejs/]: Adding custom cape for: 546dcb45-caa3-45b1-aa4c-ec4de620496b, at: capejs:textures/capes/vibrera.png
[14May2026 17:48:39.987] [Worker-Main2/INFO] [capejs/]: Adding custom cape for: 086cfd5d-89f1-440a-81a2-75b9ed702b7a, at: capejs:textures/capes/yellowcape.png
[14May2026 17:48:39.987] [Worker-Main2/INFO] [capejs/]: Adding custom cape for: 317820f3-f5cf-494f-a0d0-1dfe65749199, at: capejs:textures/capes/ilja.png
[14May2026 17:48:39.987] [Worker-Main2/INFO] [capejs/]: Adding custom cape for: 60d9ff77-ddd5-49fd-9f34-3a3c782fea1f, at: capejs:textures/capes/pegnok.png
[14May2026 17:48:39.987] [Worker-Main2/INFO] [capejs/]: Adding custom cape for: bf5f7ea7-ee87-4944-a22f-df5a596168dd, at: capejs:textures/capes/argus.png
[14May2026 17:48:39.987] [Worker-Main2/INFO] [capejs/]: Adding custom cape for: aebc7bfd-a5f1-4114-ac49-501b668d7a09, at: capejs:textures/capes/ekho.png
[14May2026 17:48:39.987] [Worker-Main2/INFO] [capejs/]: Adding custom cape for: 2f09b145-f2f1-4c4b-8268-59e942567f51, at: capejs:textures/capes/wisdom.png
[14May2026 17:48:39.987] [Worker-Main2/INFO] [capejs/]: Adding custom cape for: fa554dd6-02d9-4b81-b3c4-b6f4cba8dc0f, at: capejs:textures/capes/awesome.png
[14May2026 17:48:39.987] [Worker-Main2/INFO] [capejs/]: Adding custom cape for: ff07f2ec-1f38-4874-8330-54a8ecd97c23, at: capejs:textures/capes/runic.png
[14May2026 17:48:39.987] [Worker-Main2/INFO] [capejs/]: Adding custom cape for: 5e88e0cd-90bd-46ce-a5fc-fd74a6103233, at: capejs:textures/capes/grace.png
[14May2026 17:48:39.987] [Worker-Main2/INFO] [capejs/]: Adding custom cape for: a182dab4-cc31-428f-b4a5-9f4951000851, at: capejs:textures/capes/crusher.png
[14May2026 17:48:39.996] [Worker-Main2/INFO] [de.keksuccino.konkrete.Konkrete/]: [KONKRETE] Client-side libs ready to use!
[14May2026 17:48:40.012] [Placebo Patreon Trail Loader/INFO] [placebo/]: Loaded 48 patreon trails.
[14May2026 17:48:40.056] [Placebo Patreon Wing Loader/INFO] [placebo/]: Loaded 42 patreon wings.
[14May2026 17:48:40.086] [Worker-Main9/ERROR] [net.minecraft.client.renderer.texture.TextureAtlas/]: Using missing texture, file kubejs:textures/block/substrate.png not found
[14May2026 17:48:40.103] [Worker-Main1/INFO] [quark/]: Dispatching Module Step SETUP_CLIENT
[14May2026 17:48:40.112] [Worker-Main7/ERROR] [net.minecraft.client.renderer.texture.TextureAtlas/]: Using missing texture, file minecraft:textures/item/rock.png not found
[14May2026 17:48:40.112] [Worker-Main7/ERROR] [net.minecraft.client.renderer.texture.TextureAtlas/]: Using missing texture, file minecraft:textures/item/cured_fish.png not found
[14May2026 17:48:40.167] [Worker-Main1/INFO] [dev.architectury.networking.forge.NetworkManagerImpl/]: Registering C2S receiver with id nostalgic_tweaks:network/d9d7ce5286ea37c19806d8ae11302f2d
[14May2026 17:48:40.167] [Worker-Main1/INFO] [dev.architectury.networking.forge.NetworkManagerImpl/]: Registering S2C receiver with id nostalgic_tweaks:network/d9d7ce5286ea37c19806d8ae11302f2d
[14May2026 17:48:40.167] [Worker-Main7/ERROR] [net.minecraft.client.renderer.texture.TextureAtlas/]: Using missing texture, file kubejs:textures/block/basalt_bricks.png not found
[14May2026 17:48:40.171] [Worker-Main1/INFO] [dev.architectury.networking.forge.NetworkManagerImpl/]: Registering C2S receiver with id nostalgic_tweaks:network/1fabb12dd5753dadade2f617da5b92b9
[14May2026 17:48:40.171] [Worker-Main1/INFO] [dev.architectury.networking.forge.NetworkManagerImpl/]: Registering S2C receiver with id nostalgic_tweaks:network/1fabb12dd5753dadade2f617da5b92b9
[14May2026 17:48:40.178] [Worker-Main1/INFO] [dev.architectury.networking.forge.NetworkManagerImpl/]: Registering C2S receiver with id nostalgic_tweaks:network/f6d9ad53d4043869ab1dd54191baa49e
[14May2026 17:48:40.178] [Worker-Main1/INFO] [dev.architectury.networking.forge.NetworkManagerImpl/]: Registering S2C receiver with id nostalgic_tweaks:network/f6d9ad53d4043869ab1dd54191baa49e
[14May2026 17:48:40.180] [Worker-Main1/INFO] [dev.architectury.networking.forge.NetworkManagerImpl/]: Registering C2S receiver with id nostalgic_tweaks:network/9bf8cd8edcf737c5b800a89834283973
[14May2026 17:48:40.180] [Worker-Main1/INFO] [dev.architectury.networking.forge.NetworkManagerImpl/]: Registering S2C receiver with id nostalgic_tweaks:network/9bf8cd8edcf737c5b800a89834283973
[14May2026 17:48:40.180] [Worker-Main1/INFO] [mod.adrenix.nostalgic.util.common.log.ModLogger/]: [Nostalgic Tweaks] [INFO] Loading mod in [FORGE] client environment
[14May2026 17:48:40.182] [Worker-Main9/ERROR] [net.minecraft.client.renderer.texture.TextureAtlas/]: Using missing texture, file kubejs:textures/block/iron.png not found
[14May2026 17:48:40.193] [Worker-Main2/ERROR] [net.minecraft.client.renderer.texture.TextureAtlas/]: Using missing texture, file minecraft:textures/block/prismarine_slab.png not found
[14May2026 17:48:40.194] [Worker-Main4/ERROR] [net.minecraft.client.renderer.texture.TextureAtlas/]: Using missing texture, file minecraft:textures/block/pumpkin_bottom.png not found
[14May2026 17:48:40.205] [Worker-Main3/ERROR] [net.minecraft.client.renderer.texture.TextureAtlas/]: Using missing texture, file supplementaries:textures/blocks/cork_board.png not found
[14May2026 17:48:40.224] [Worker-Main7/ERROR] [net.minecraft.client.renderer.texture.TextureAtlas/]: Using missing texture, file minecraft:textures/block/netherite_block_side.png not found
[14May2026 17:48:40.240] [Render thread/INFO] [Controllable/]: Successfully updated gamepad mappings
[14May2026 17:48:40.257] [Worker-Main1/ERROR] [net.minecraft.client.renderer.texture.TextureAtlas/]: Using missing texture, file quark:textures/block/soulstone.png not found
[14May2026 17:48:40.296] [Worker-Main1/ERROR] [net.minecraft.client.renderer.texture.TextureAtlas/]: Using missing texture, file minecraft:textures/item/player_skull.png not found
[14May2026 17:48:40.316] [Worker-Main4/ERROR] [net.minecraft.client.renderer.texture.TextureAtlas/]: Using missing texture, file minecraft:textures/block/grass_tuft.png not found
[14May2026 17:48:40.353] [Forge Version Check/INFO] [net.minecraftforge.fml.VersionChecker/]: [tipthescales] Found status: BETA Current: 6.0.10 Target: 6.0.10
[14May2026 17:48:40.353] [Forge Version Check/INFO] [net.minecraftforge.fml.VersionChecker/]: [musicdr] Starting version check at https://www.curseforge.com/minecraft/mc-mods/music-duration-reducer
[14May2026 17:48:40.387] [Worker-Main3/ERROR] [net.minecraft.client.renderer.texture.TextureAtlas/]: Using missing texture, file supplementaries:textures/blocks/cork_board_full.png not found
[14May2026 17:48:40.448] [Worker-Main2/ERROR] [net.minecraft.client.renderer.texture.TextureAtlas/]: Using missing texture, file supplementaries:textures/blocks/hanging_signs/wood_type.png not found
[14May2026 17:48:40.454] [Worker-Main1/ERROR] [net.minecraft.client.renderer.texture.TextureAtlas/]: Using missing texture, file supplementaries:textures/items/crank.png not found
[14May2026 17:48:40.478] [Forge Version Check/WARN] [net.minecraftforge.fml.VersionChecker/]: Failed to process update information
com.google.gson.JsonSyntaxException: java.lang.IllegalStateException: Expected BEGIN_OBJECT but was STRING at line 1 column 1 path $
	at com.google.gson.Gson.fromJson(Gson.java:975) ~[gson-2.8.9.jar%23112!/:?]
	at com.google.gson.Gson.fromJson(Gson.java:928) ~[gson-2.8.9.jar%23112!/:?]
	at com.google.gson.Gson.fromJson(Gson.java:877) ~[gson-2.8.9.jar%23112!/:?]
	at com.google.gson.Gson.fromJson(Gson.java:848) ~[gson-2.8.9.jar%23112!/:?]
	at net.minecraftforge.fml.VersionChecker$1.process(VersionChecker.java:183) ~[fmlcore-1.19.2-43.5.1.jar%23372!/:?]
	at java.lang.Iterable.forEach(Iterable.java:75) [?:?]
	at net.minecraftforge.fml.VersionChecker$1.run(VersionChecker.java:114) [fmlcore-1.19.2-43.5.1.jar%23372!/:?]
Caused by: java.lang.IllegalStateException: Expected BEGIN_OBJECT but was STRING at line 1 column 1 path $
	at com.google.gson.stream.JsonReader.beginObject(JsonReader.java:384) ~[gson-2.8.9.jar%23112!/:?]
	at com.google.gson.internal.bind.MapTypeAdapterFactory$Adapter.read(MapTypeAdapterFactory.java:183) ~[gson-2.8.9.jar%23112!/:?]
	at com.google.gson.internal.bind.MapTypeAdapterFactory$Adapter.read(MapTypeAdapterFactory.java:145) ~[gson-2.8.9.jar%23112!/:?]
	at com.google.gson.Gson.fromJson(Gson.java:963) ~[gson-2.8.9.jar%23112!/:?]
	... 6 more
[14May2026 17:48:40.479] [Forge Version Check/INFO] [net.minecraftforge.fml.VersionChecker/]: [pluto] Starting version check at https://github.com/AbdElAziz333/Pluto/blob/mc1.19.2/dev/updates.json
[14May2026 17:48:40.481] [Worker-Main7/ERROR] [net.minecraft.client.renderer.texture.TextureAtlas/]: Using missing texture, file minecraft:textures/block/blossom_leaves.png not found
[14May2026 17:48:40.504] [Worker-Main6/ERROR] [net.minecraft.client.renderer.texture.TextureAtlas/]: Using missing texture, file supplementaries:textures/blocks/planter_top.png not found
[14May2026 17:48:40.507] [Worker-Main7/ERROR] [net.minecraft.client.renderer.texture.TextureAtlas/]: Using missing texture, file minecraft:textures/log_texture.png not found
[14May2026 17:48:40.513] [Worker-Main7/ERROR] [net.minecraft.client.renderer.texture.TextureAtlas/]: Using missing texture, file minecraft:textures/block/netherite_block_bottom.png not found
[14May2026 17:48:40.541] [Worker-Main2/ERROR] [net.minecraft.client.renderer.texture.TextureAtlas/]: Using missing texture, file minecraft:textures/item/poison_apple.png not found
[14May2026 17:48:40.542] [Worker-Main3/ERROR] [net.minecraft.client.renderer.texture.TextureAtlas/]: Using missing texture, file minecraft:textures/item/cured_porkchop.png not found
[14May2026 17:48:40.546] [Worker-Main4/ERROR] [net.minecraft.client.renderer.texture.TextureAtlas/]: Using missing texture, file quark:textures/block/cyan_mushroom.png not found
[14May2026 17:48:40.550] [Worker-Main2/ERROR] [net.minecraft.client.renderer.texture.TextureAtlas/]: Using missing texture, file kubejs:textures/block/cobblestone_bricks.png not found
[14May2026 17:48:40.562] [Worker-Main6/ERROR] [net.minecraft.client.renderer.texture.TextureAtlas/]: Using missing texture, file supplementaries:textures/blocks/framed_stone.png not found
[14May2026 17:48:40.563] [Worker-Main2/ERROR] [net.minecraft.client.renderer.texture.TextureAtlas/]: Using missing texture, file minecraft:textures/item/red_bed.png not found
[14May2026 17:48:40.571] [Worker-Main2/ERROR] [net.minecraft.client.renderer.texture.TextureAtlas/]: Using missing texture, file minecraft:textures/item/turnip.png not found
[14May2026 17:48:40.635] [Worker-Main6/ERROR] [net.minecraft.client.renderer.texture.TextureAtlas/]: Using missing texture, file kubejs:textures/item/apple_pie.png not found
[14May2026 17:48:40.636] [Worker-Main6/ERROR] [net.minecraft.client.renderer.texture.TextureAtlas/]: Using missing texture, file kubejs:textures/block/rubblestone_bricks.png not found
[14May2026 17:48:40.641] [Worker-Main1/ERROR] [net.minecraft.client.renderer.texture.TextureAtlas/]: Using missing texture, file minecraft:textures/item/golden_apple_notch.png not found
[14May2026 17:48:40.856] [Forge Version Check/WARN] [net.minecraftforge.fml.VersionChecker/]: Failed to process update information
com.google.gson.JsonSyntaxException: java.lang.IllegalStateException: Expected BEGIN_OBJECT but was STRING at line 9 column 1 path $
	at com.google.gson.Gson.fromJson(Gson.java:975) ~[gson-2.8.9.jar%23112!/:?]
	at com.google.gson.Gson.fromJson(Gson.java:928) ~[gson-2.8.9.jar%23112!/:?]
	at com.google.gson.Gson.fromJson(Gson.java:877) ~[gson-2.8.9.jar%23112!/:?]
	at com.google.gson.Gson.fromJson(Gson.java:848) ~[gson-2.8.9.jar%23112!/:?]
	at net.minecraftforge.fml.VersionChecker$1.process(VersionChecker.java:183) ~[fmlcore-1.19.2-43.5.1.jar%23372!/:?]
	at java.lang.Iterable.forEach(Iterable.java:75) [?:?]
	at net.minecraftforge.fml.VersionChecker$1.run(VersionChecker.java:114) [fmlcore-1.19.2-43.5.1.jar%23372!/:?]
Caused by: java.lang.IllegalStateException: Expected BEGIN_OBJECT but was STRING at line 9 column 1 path $
	at com.google.gson.stream.JsonReader.beginObject(JsonReader.java:384) ~[gson-2.8.9.jar%23112!/:?]
	at com.google.gson.internal.bind.MapTypeAdapterFactory$Adapter.read(MapTypeAdapterFactory.java:183) ~[gson-2.8.9.jar%23112!/:?]
	at com.google.gson.internal.bind.MapTypeAdapterFactory$Adapter.read(MapTypeAdapterFactory.java:145) ~[gson-2.8.9.jar%23112!/:?]
	at com.google.gson.Gson.fromJson(Gson.java:963) ~[gson-2.8.9.jar%23112!/:?]
	... 6 more
[14May2026 17:48:40.856] [Forge Version Check/INFO] [net.minecraftforge.fml.VersionChecker/]: [fastleafdecay] Starting version check at https://www.olafkeijsers.net/fastleafdecay-update.json
[14May2026 17:48:41.041] [Worker-Main2/WARN] [net.minecraft.client.renderer.texture.TextureAtlasSprite/]: Unused frames in sprite minecraft:block/soul_fire_0: [32, 33, 34, 35, 36, 37, 38, 39, 40, 41, 42, 43, 44, 45, 46, 47, 48, 49, 50, 51, 52, 53, 54, 55, 56, 57, 58, 59, 60, 61, 62, 63, 64, 65, 66, 67, 68, 69, 70, 71, 72, 73, 74, 75, 76, 77, 78, 79, 80, 81, 82, 83, 84, 85, 86, 87, 88, 89, 90, 91, 92, 93, 94, 95, 96, 97, 98, 99, 100, 101, 102, 103, 104, 105, 106, 107, 108, 109, 110, 111, 112, 113, 114, 115, 116, 117, 118, 119, 120, 121, 122, 123, 124, 125, 126, 127, 128, 129, 130, 131, 132, 133, 134, 135, 136, 137, 138, 139, 140, 141, 142, 143, 144, 145, 146, 147, 148, 149, 150, 151, 152, 153, 154, 155, 156, 157, 158, 159, 160, 161, 162, 163, 164, 165, 166, 167, 168, 169, 170, 171, 172, 173, 174, 175, 176, 177, 178, 179, 180, 181, 182, 183, 184, 185, 186, 187, 188, 189, 190, 191, 192, 193, 194, 195, 196, 197, 198, 199, 200, 201, 202, 203, 204, 205, 206, 207, 208, 209, 210, 211, 212, 213, 214, 215, 216, 217, 218, 219, 220, 221, 222, 223, 224, 225, 226, 227, 228, 229, 230, 231, 232, 233, 234, 235, 236, 237, 238, 239, 240, 241, 242, 243, 244, 245, 246, 247, 248, 249, 250, 251, 252, 253, 254, 255, 256, 257, 258, 259, 260, 261, 262, 263, 264, 265, 266, 267, 268, 269, 270, 271, 272, 273, 274, 275, 276, 277, 278, 279, 280, 281, 282, 283, 284, 285, 286, 287, 288, 289, 290, 291, 292, 293, 294, 295, 296, 297]
[14May2026 17:48:41.088] [Worker-Main5/INFO] [quark/]: Dispatching Module Step TEXTURE_STITCH
[14May2026 17:48:41.106] [Worker-Main5/INFO] [quark/]: Dispatching Module Step TEXTURE_STITCH
[14May2026 17:48:41.108] [Worker-Main3/ERROR] [net.minecraft.client.renderer.texture.TextureAtlas/]: Using missing texture, file supplementaries:textures/entity/flags/caverns_and_chasms/abnormals.png not found
[14May2026 17:48:41.116] [Worker-Main5/INFO] [quark/]: Dispatching Module Step TEXTURE_STITCH
[14May2026 17:48:41.123] [Worker-Main5/INFO] [quark/]: Dispatching Module Step TEXTURE_STITCH
[14May2026 17:48:41.132] [Worker-Main5/INFO] [quark/]: Dispatching Module Step TEXTURE_STITCH
[14May2026 17:48:41.138] [Worker-Main5/INFO] [quark/]: Dispatching Module Step TEXTURE_STITCH
[14May2026 17:48:41.278] [Forge Version Check/WARN] [net.minecraftforge.fml.VersionChecker/]: Failed to process update information
javax.net.ssl.SSLHandshakeException: PKIX path validation failed: java.security.cert.CertPathValidatorException: validity check failed
	at jdk.internal.net.http.HttpClientImpl.send(HttpClientImpl.java:905) ~[java.net.http:?]
	at jdk.internal.net.http.HttpClientFacade.send(HttpClientFacade.java:133) ~[java.net.http:?]
	at net.minecraftforge.fml.VersionChecker$1.openUrlString(VersionChecker.java:139) ~[fmlcore-1.19.2-43.5.1.jar%23372!/:?]
	at net.minecraftforge.fml.VersionChecker$1.process(VersionChecker.java:177) ~[fmlcore-1.19.2-43.5.1.jar%23372!/:?]
	at java.lang.Iterable.forEach(Iterable.java:75) [?:?]
	at net.minecraftforge.fml.VersionChecker$1.run(VersionChecker.java:114) [fmlcore-1.19.2-43.5.1.jar%23372!/:?]
Caused by: javax.net.ssl.SSLHandshakeException: PKIX path validation failed: java.security.cert.CertPathValidatorException: validity check failed
	at sun.security.ssl.Alert.createSSLException(Alert.java:131) ~[?:?]
	at sun.security.ssl.TransportContext.fatal(TransportContext.java:383) ~[?:?]
	at sun.security.ssl.TransportContext.fatal(TransportContext.java:326) ~[?:?]
	at sun.security.ssl.TransportContext.fatal(TransportContext.java:321) ~[?:?]
	at sun.security.ssl.CertificateMessage$T13CertificateConsumer.checkServerCerts(CertificateMessage.java:1294) ~[?:?]
	at sun.security.ssl.CertificateMessage$T13CertificateConsumer.onConsumeCertificate(CertificateMessage.java:1169) ~[?:?]
	at sun.security.ssl.CertificateMessage$T13CertificateConsumer.consume(CertificateMessage.java:1112) ~[?:?]
	at sun.security.ssl.SSLHandshake.consume(SSLHandshake.java:396) ~[?:?]
	at sun.security.ssl.HandshakeContext.dispatch(HandshakeContext.java:481) ~[?:?]
	at sun.security.ssl.SSLEngineImpl$DelegatedTask$DelegatedAction.run(SSLEngineImpl.java:1277) ~[?:?]
	at sun.security.ssl.SSLEngineImpl$DelegatedTask$DelegatedAction.run(SSLEngineImpl.java:1264) ~[?:?]
	at java.security.AccessController.doPrivileged(AccessController.java:712) ~[?:?]
	at sun.security.ssl.SSLEngineImpl$DelegatedTask.run(SSLEngineImpl.java:1209) ~[?:?]
	at java.util.ArrayList.forEach(ArrayList.java:1511) ~[?:?]
	at jdk.internal.net.http.common.SSLFlowDelegate.lambda$executeTasks$3(SSLFlowDelegate.java:1133) ~[java.net.http:?]
	at jdk.internal.net.http.HttpClientImpl$DelegatingExecutor.execute(HttpClientImpl.java:174) ~[java.net.http:?]
	at jdk.internal.net.http.common.SSLFlowDelegate.executeTasks(SSLFlowDelegate.java:1128) ~[java.net.http:?]
	at jdk.internal.net.http.common.SSLFlowDelegate.doHandshake(SSLFlowDelegate.java:1094) ~[java.net.http:?]
	at jdk.internal.net.http.common.SSLFlowDelegate$Reader.processData(SSLFlowDelegate.java:498) ~[java.net.http:?]
	at jdk.internal.net.http.common.SSLFlowDelegate$Reader$ReaderDownstreamPusher.run(SSLFlowDelegate.java:282) ~[java.net.http:?]
	at jdk.internal.net.http.common.SequentialScheduler$LockingRestartableTask.run(SequentialScheduler.java:205) ~[java.net.http:?]
	at jdk.internal.net.http.common.SequentialScheduler$CompleteRestartableTask.run(SequentialScheduler.java:149) ~[java.net.http:?]
	at jdk.internal.net.http.common.SequentialScheduler$TryEndDeferredCompleter.complete(SequentialScheduler.java:347) ~[java.net.http:?]
	at jdk.internal.net.http.common.SequentialScheduler$CompleteRestartableTask.run(SequentialScheduler.java:151) ~[java.net.http:?]
	at jdk.internal.net.http.common.SequentialScheduler$SchedulableTask.run(SequentialScheduler.java:230) ~[java.net.http:?]
	at java.util.concurrent.ThreadPoolExecutor.runWorker(ThreadPoolExecutor.java:1136) ~[?:?]
	at java.util.concurrent.ThreadPoolExecutor$Worker.run(ThreadPoolExecutor.java:635) ~[?:?]
	at java.lang.Thread.run(Thread.java:840) ~[?:?]
Caused by: sun.security.validator.ValidatorException: PKIX path validation failed: java.security.cert.CertPathValidatorException: validity check failed
	at sun.security.validator.PKIXValidator.doValidate(PKIXValidator.java:369) ~[?:?]
	at sun.security.validator.PKIXValidator.engineValidate(PKIXValidator.java:275) ~[?:?]
	at sun.security.validator.Validator.validate(Validator.java:264) ~[?:?]
	at sun.security.ssl.X509TrustManagerImpl.checkTrusted(X509TrustManagerImpl.java:285) ~[?:?]
	at sun.security.ssl.X509TrustManagerImpl.checkServerTrusted(X509TrustManagerImpl.java:144) ~[?:?]
	at sun.security.ssl.CertificateMessage$T13CertificateConsumer.checkServerCerts(CertificateMessage.java:1272) ~[?:?]
	at sun.security.ssl.CertificateMessage$T13CertificateConsumer.onConsumeCertificate(CertificateMessage.java:1169) ~[?:?]
	at sun.security.ssl.CertificateMessage$T13CertificateConsumer.consume(CertificateMessage.java:1112) ~[?:?]
	at sun.security.ssl.SSLHandshake.consume(SSLHandshake.java:396) ~[?:?]
	at sun.security.ssl.HandshakeContext.dispatch(HandshakeContext.java:481) ~[?:?]
	at sun.security.ssl.SSLEngineImpl$DelegatedTask$DelegatedAction.run(SSLEngineImpl.java:1277) ~[?:?]
	at sun.security.ssl.SSLEngineImpl$DelegatedTask$DelegatedAction.run(SSLEngineImpl.java:1264) ~[?:?]
	at java.security.AccessController.doPrivileged(AccessController.java:712) ~[?:?]
	at sun.security.ssl.SSLEngineImpl$DelegatedTask.run(SSLEngineImpl.java:1209) ~[?:?]
	at java.util.ArrayList.forEach(ArrayList.java:1511) ~[?:?]
	at jdk.internal.net.http.common.SSLFlowDelegate.lambda$executeTasks$3(SSLFlowDelegate.java:1133) ~[java.net.http:?]
	at jdk.internal.net.http.HttpClientImpl$DelegatingExecutor.execute(HttpClientImpl.java:174) ~[java.net.http:?]
	at jdk.internal.net.http.common.SSLFlowDelegate.executeTasks(SSLFlowDelegate.java:1128) ~[java.net.http:?]
	at jdk.internal.net.http.common.SSLFlowDelegate.doHandshake(SSLFlowDelegate.java:1094) ~[java.net.http:?]
	at jdk.internal.net.http.common.SSLFlowDelegate$Reader.processData(SSLFlowDelegate.java:498) ~[java.net.http:?]
	at jdk.internal.net.http.common.SSLFlowDelegate$Reader$ReaderDownstreamPusher.run(SSLFlowDelegate.java:282) ~[java.net.http:?]
	at jdk.internal.net.http.common.SequentialScheduler$LockingRestartableTask.run(SequentialScheduler.java:205) ~[java.net.http:?]
	at jdk.internal.net.http.common.SequentialScheduler$CompleteRestartableTask.run(SequentialScheduler.java:149) ~[java.net.http:?]
	at jdk.internal.net.http.common.SequentialScheduler$TryEndDeferredCompleter.complete(SequentialScheduler.java:347) ~[java.net.http:?]
	at jdk.internal.net.http.common.SequentialScheduler$CompleteRestartableTask.run(SequentialScheduler.java:151) ~[java.net.http:?]
	at jdk.internal.net.http.common.SequentialScheduler$SchedulableTask.run(SequentialScheduler.java:230) ~[java.net.http:?]
	at java.util.concurrent.ThreadPoolExecutor.runWorker(ThreadPoolExecutor.java:1136) ~[?:?]
	at java.util.concurrent.ThreadPoolExecutor$Worker.run(ThreadPoolExecutor.java:635) ~[?:?]
	at java.lang.Thread.run(Thread.java:840) ~[?:?]
Caused by: java.security.cert.CertPathValidatorException: validity check failed
	at sun.security.provider.certpath.PKIXMasterCertPathValidator.validate(PKIXMasterCertPathValidator.java:135) ~[?:?]
	at sun.security.provider.certpath.PKIXCertPathValidator.validate(PKIXCertPathValidator.java:224) ~[?:?]
	at sun.security.provider.certpath.PKIXCertPathValidator.validate(PKIXCertPathValidator.java:144) ~[?:?]
	at sun.security.provider.certpath.PKIXCertPathValidator.engineValidate(PKIXCertPathValidator.java:83) ~[?:?]
	at java.security.cert.CertPathValidator.validate(CertPathValidator.java:309) ~[?:?]
	at sun.security.validator.PKIXValidator.doValidate(PKIXValidator.java:364) ~[?:?]
	at sun.security.validator.PKIXValidator.engineValidate(PKIXValidator.java:275) ~[?:?]
	at sun.security.validator.Validator.validate(Validator.java:264) ~[?:?]
	at sun.security.ssl.X509TrustManagerImpl.checkTrusted(X509TrustManagerImpl.java:285) ~[?:?]
	at sun.security.ssl.X509TrustManagerImpl.checkServerTrusted(X509TrustManagerImpl.java:144) ~[?:?]
	at sun.security.ssl.CertificateMessage$T13CertificateConsumer.checkServerCerts(CertificateMessage.java:1272) ~[?:?]
	at sun.security.ssl.CertificateMessage$T13CertificateConsumer.onConsumeCertificate(CertificateMessage.java:1169) ~[?:?]
	at sun.security.ssl.CertificateMessage$T13CertificateConsumer.consume(CertificateMessage.java:1112) ~[?:?]
	at sun.security.ssl.SSLHandshake.consume(SSLHandshake.java:396) ~[?:?]
	at sun.security.ssl.HandshakeContext.dispatch(HandshakeContext.java:481) ~[?:?]
	at sun.security.ssl.SSLEngineImpl$DelegatedTask$DelegatedAction.run(SSLEngineImpl.java:1277) ~[?:?]
	at sun.security.ssl.SSLEngineImpl$DelegatedTask$DelegatedAction.run(SSLEngineImpl.java:1264) ~[?:?]
	at java.security.AccessController.doPrivileged(AccessController.java:712) ~[?:?]
	at sun.security.ssl.SSLEngineImpl$DelegatedTask.run(SSLEngineImpl.java:1209) ~[?:?]
	at java.util.ArrayList.forEach(ArrayList.java:1511) ~[?:?]
	at jdk.internal.net.http.common.SSLFlowDelegate.lambda$executeTasks$3(SSLFlowDelegate.java:1133) ~[java.net.http:?]
	at jdk.internal.net.http.HttpClientImpl$DelegatingExecutor.execute(HttpClientImpl.java:174) ~[java.net.http:?]
	at jdk.internal.net.http.common.SSLFlowDelegate.executeTasks(SSLFlowDelegate.java:1128) ~[java.net.http:?]
	at jdk.internal.net.http.common.SSLFlowDelegate.doHandshake(SSLFlowDelegate.java:1094) ~[java.net.http:?]
	at jdk.internal.net.http.common.SSLFlowDelegate$Reader.processData(SSLFlowDelegate.java:498) ~[java.net.http:?]
	at jdk.internal.net.http.common.SSLFlowDelegate$Reader$ReaderDownstreamPusher.run(SSLFlowDelegate.java:282) ~[java.net.http:?]
	at jdk.internal.net.http.common.SequentialScheduler$LockingRestartableTask.run(SequentialScheduler.java:205) ~[java.net.http:?]
	at jdk.internal.net.http.common.SequentialScheduler$CompleteRestartableTask.run(SequentialScheduler.java:149) ~[java.net.http:?]
	at jdk.internal.net.http.common.SequentialScheduler$TryEndDeferredCompleter.complete(SequentialScheduler.java:347) ~[java.net.http:?]
	at jdk.internal.net.http.common.SequentialScheduler$CompleteRestartableTask.run(SequentialScheduler.java:151) ~[java.net.http:?]
	at jdk.internal.net.http.common.SequentialScheduler$SchedulableTask.run(SequentialScheduler.java:230) ~[java.net.http:?]
	at java.util.concurrent.ThreadPoolExecutor.runWorker(ThreadPoolExecutor.java:1136) ~[?:?]
	at java.util.concurrent.ThreadPoolExecutor$Worker.run(ThreadPoolExecutor.java:635) ~[?:?]
	at java.lang.Thread.run(Thread.java:840) ~[?:?]
Caused by: java.security.cert.CertificateExpiredException: NotAfter: Sun Dec 21 18:48:07 EST 2025
	at sun.security.x509.CertificateValidity.valid(CertificateValidity.java:274) ~[?:?]
	at sun.security.x509.X509CertImpl.checkValidity(X509CertImpl.java:621) ~[?:?]
	at sun.security.provider.certpath.BasicChecker.verifyValidity(BasicChecker.java:190) ~[?:?]
	at sun.security.provider.certpath.BasicChecker.check(BasicChecker.java:144) ~[?:?]
	at sun.security.provider.certpath.PKIXMasterCertPathValidator.validate(PKIXMasterCertPathValidator.java:125) ~[?:?]
	at sun.security.provider.certpath.PKIXCertPathValidator.validate(PKIXCertPathValidator.java:224) ~[?:?]
	at sun.security.provider.certpath.PKIXCertPathValidator.validate(PKIXCertPathValidator.java:144) ~[?:?]
	at sun.security.provider.certpath.PKIXCertPathValidator.engineValidate(PKIXCertPathValidator.java:83) ~[?:?]
	at java.security.cert.CertPathValidator.validate(CertPathValidator.java:309) ~[?:?]
	at sun.security.validator.PKIXValidator.doValidate(PKIXValidator.java:364) ~[?:?]
	at sun.security.validator.PKIXValidator.engineValidate(PKIXValidator.java:275) ~[?:?]
	at sun.security.validator.Validator.validate(Validator.java:264) ~[?:?]
	at sun.security.ssl.X509TrustManagerImpl.checkTrusted(X509TrustManagerImpl.java:285) ~[?:?]
	at sun.security.ssl.X509TrustManagerImpl.checkServerTrusted(X509TrustManagerImpl.java:144) ~[?:?]
	at sun.security.ssl.CertificateMessage$T13CertificateConsumer.checkServerCerts(CertificateMessage.java:1272) ~[?:?]
	at sun.security.ssl.CertificateMessage$T13CertificateConsumer.onConsumeCertificate(CertificateMessage.java:1169) ~[?:?]
	at sun.security.ssl.CertificateMessage$T13CertificateConsumer.consume(CertificateMessage.java:1112) ~[?:?]
	at sun.security.ssl.SSLHandshake.consume(SSLHandshake.java:396) ~[?:?]
	at sun.security.ssl.HandshakeContext.dispatch(HandshakeContext.java:481) ~[?:?]
	at sun.security.ssl.SSLEngineImpl$DelegatedTask$DelegatedAction.run(SSLEngineImpl.java:1277) ~[?:?]
	at sun.security.ssl.SSLEngineImpl$DelegatedTask$DelegatedAction.run(SSLEngineImpl.java:1264) ~[?:?]
	at java.security.AccessController.doPrivileged(AccessController.java:712) ~[?:?]
	at sun.security.ssl.SSLEngineImpl$DelegatedTask.run(SSLEngineImpl.java:1209) ~[?:?]
	at java.util.ArrayList.forEach(ArrayList.java:1511) ~[?:?]
	at jdk.internal.net.http.common.SSLFlowDelegate.lambda$executeTasks$3(SSLFlowDelegate.java:1133) ~[java.net.http:?]
	at jdk.internal.net.http.HttpClientImpl$DelegatingExecutor.execute(HttpClientImpl.java:174) ~[java.net.http:?]
	at jdk.internal.net.http.common.SSLFlowDelegate.executeTasks(SSLFlowDelegate.java:1128) ~[java.net.http:?]
	at jdk.internal.net.http.common.SSLFlowDelegate.doHandshake(SSLFlowDelegate.java:1094) ~[java.net.http:?]
	at jdk.internal.net.http.common.SSLFlowDelegate$Reader.processData(SSLFlowDelegate.java:498) ~[java.net.http:?]
	at jdk.internal.net.http.common.SSLFlowDelegate$Reader$ReaderDownstreamPusher.run(SSLFlowDelegate.java:282) ~[java.net.http:?]
	at jdk.internal.net.http.common.SequentialScheduler$LockingRestartableTask.run(SequentialScheduler.java:205) ~[java.net.http:?]
	at jdk.internal.net.http.common.SequentialScheduler$CompleteRestartableTask.run(SequentialScheduler.java:149) ~[java.net.http:?]
	at jdk.internal.net.http.common.SequentialScheduler$TryEndDeferredCompleter.complete(SequentialScheduler.java:347) ~[java.net.http:?]
	at jdk.internal.net.http.common.SequentialScheduler$CompleteRestartableTask.run(SequentialScheduler.java:151) ~[java.net.http:?]
	at jdk.internal.net.http.common.SequentialScheduler$SchedulableTask.run(SequentialScheduler.java:230) ~[java.net.http:?]
	at java.util.concurrent.ThreadPoolExecutor.runWorker(ThreadPoolExecutor.java:1136) ~[?:?]
	at java.util.concurrent.ThreadPoolExecutor$Worker.run(ThreadPoolExecutor.java:635) ~[?:?]
	at java.lang.Thread.run(Thread.java:840) ~[?:?]
[14May2026 17:48:41.280] [Forge Version Check/INFO] [net.minecraftforge.fml.VersionChecker/]: [stylisheffects] Starting version check at https://raw.githubusercontent.com/Fuzss/modresources/main/update/stylisheffects.json
[14May2026 17:48:41.303] [Forge Version Check/INFO] [net.minecraftforge.fml.VersionChecker/]: [stylisheffects] Found status: UP_TO_DATE Current: 4.3.4 Target: null
[14May2026 17:48:41.304] [Forge Version Check/INFO] [net.minecraftforge.fml.VersionChecker/]: [configured] Starting version check at https://mrcrayfish.com/modupdatejson?id=configured
[14May2026 17:48:41.459] [Forge Version Check/WARN] [net.minecraftforge.fml.VersionChecker/]: Failed to process update information
com.google.gson.JsonSyntaxException: java.lang.IllegalStateException: Expected BEGIN_OBJECT but was STRING at line 1 column 1 path $
	at com.google.gson.Gson.fromJson(Gson.java:975) ~[gson-2.8.9.jar%23112!/:?]
	at com.google.gson.Gson.fromJson(Gson.java:928) ~[gson-2.8.9.jar%23112!/:?]
	at com.google.gson.Gson.fromJson(Gson.java:877) ~[gson-2.8.9.jar%23112!/:?]
	at com.google.gson.Gson.fromJson(Gson.java:848) ~[gson-2.8.9.jar%23112!/:?]
	at net.minecraftforge.fml.VersionChecker$1.process(VersionChecker.java:183) ~[fmlcore-1.19.2-43.5.1.jar%23372!/:?]
	at java.lang.Iterable.forEach(Iterable.java:75) [?:?]
	at net.minecraftforge.fml.VersionChecker$1.run(VersionChecker.java:114) [fmlcore-1.19.2-43.5.1.jar%23372!/:?]
Caused by: java.lang.IllegalStateException: Expected BEGIN_OBJECT but was STRING at line 1 column 1 path $
	at com.google.gson.stream.JsonReader.beginObject(JsonReader.java:384) ~[gson-2.8.9.jar%23112!/:?]
	at com.google.gson.internal.bind.MapTypeAdapterFactory$Adapter.read(MapTypeAdapterFactory.java:183) ~[gson-2.8.9.jar%23112!/:?]
	at com.google.gson.internal.bind.MapTypeAdapterFactory$Adapter.read(MapTypeAdapterFactory.java:145) ~[gson-2.8.9.jar%23112!/:?]
	at com.google.gson.Gson.fromJson(Gson.java:963) ~[gson-2.8.9.jar%23112!/:?]
	... 6 more
[14May2026 17:48:41.460] [Forge Version Check/INFO] [net.minecraftforge.fml.VersionChecker/]: [catalogue] Starting version check at https://mrcrayfish.com/modupdatejson?id=catalogue
[14May2026 17:48:41.492] [Forge Version Check/WARN] [net.minecraftforge.fml.VersionChecker/]: Failed to process update information
com.google.gson.JsonSyntaxException: java.lang.IllegalStateException: Expected BEGIN_OBJECT but was STRING at line 1 column 1 path $
	at com.google.gson.Gson.fromJson(Gson.java:975) ~[gson-2.8.9.jar%23112!/:?]
	at com.google.gson.Gson.fromJson(Gson.java:928) ~[gson-2.8.9.jar%23112!/:?]
	at com.google.gson.Gson.fromJson(Gson.java:877) ~[gson-2.8.9.jar%23112!/:?]
	at com.google.gson.Gson.fromJson(Gson.java:848) ~[gson-2.8.9.jar%23112!/:?]
	at net.minecraftforge.fml.VersionChecker$1.process(VersionChecker.java:183) ~[fmlcore-1.19.2-43.5.1.jar%23372!/:?]
	at java.lang.Iterable.forEach(Iterable.java:75) [?:?]
	at net.minecraftforge.fml.VersionChecker$1.run(VersionChecker.java:114) [fmlcore-1.19.2-43.5.1.jar%23372!/:?]
Caused by: java.lang.IllegalStateException: Expected BEGIN_OBJECT but was STRING at line 1 column 1 path $
	at com.google.gson.stream.JsonReader.beginObject(JsonReader.java:384) ~[gson-2.8.9.jar%23112!/:?]
	at com.google.gson.internal.bind.MapTypeAdapterFactory$Adapter.read(MapTypeAdapterFactory.java:183) ~[gson-2.8.9.jar%23112!/:?]
	at com.google.gson.internal.bind.MapTypeAdapterFactory$Adapter.read(MapTypeAdapterFactory.java:145) ~[gson-2.8.9.jar%23112!/:?]
	at com.google.gson.Gson.fromJson(Gson.java:963) ~[gson-2.8.9.jar%23112!/:?]
	... 6 more
[14May2026 17:48:41.492] [Forge Version Check/INFO] [net.minecraftforge.fml.VersionChecker/]: [forge] Starting version check at https://files.minecraftforge.net/net/minecraftforge/forge/promotions_slim.json
[14May2026 17:48:41.588] [Forge Version Check/INFO] [net.minecraftforge.fml.VersionChecker/]: [forge] Found status: OUTDATED Current: 43.5.1 Target: 43.5.2
[14May2026 17:48:41.588] [Forge Version Check/INFO] [net.minecraftforge.fml.VersionChecker/]: [readyplayerfun] Starting version check at https://raw.githubusercontent.com/wendall911/ReadyPlayerFun/1.19.2/files/updates.json
[14May2026 17:48:41.684] [Forge Version Check/INFO] [net.minecraftforge.fml.VersionChecker/]: [readyplayerfun] Found status: UP_TO_DATE Current: 3.0.0.2 Target: null
[14May2026 17:48:41.684] [Forge Version Check/INFO] [net.minecraftforge.fml.VersionChecker/]: [uneffectual] Starting version check at https://raw.github.com/cofh/version/master/uneffectual/update.json
[14May2026 17:48:41.795] [Forge Version Check/INFO] [net.minecraftforge.fml.VersionChecker/]: [uneffectual] Found status: AHEAD Current: 1.1.0.2 Target: null
[14May2026 17:48:41.795] [Forge Version Check/INFO] [net.minecraftforge.fml.VersionChecker/]: [moonlight] Starting version check at https://raw.githubusercontent.com/MehVahdJukaar/Moonlight/multi-loader/forge/update.json
[14May2026 17:48:41.825] [Forge Version Check/INFO] [net.minecraftforge.fml.VersionChecker/]: [moonlight] Found status: UP_TO_DATE Current: 1.19.2-2.3.7 Target: null
[14May2026 17:48:41.825] [Forge Version Check/INFO] [net.minecraftforge.fml.VersionChecker/]: [smoothboot] Starting version check at https://github.com/AbdElAziz333/SmoothBoot-Reloaded/raw/mc1.20.1/dev/updates.json
[14May2026 17:48:41.879] [Forge Version Check/WARN] [net.minecraftforge.fml.VersionChecker/]: Failed to process update information
com.google.gson.JsonSyntaxException: java.lang.IllegalStateException: Expected BEGIN_OBJECT but was STRING at line 9 column 1 path $
	at com.google.gson.Gson.fromJson(Gson.java:975) ~[gson-2.8.9.jar%23112!/:?]
	at com.google.gson.Gson.fromJson(Gson.java:928) ~[gson-2.8.9.jar%23112!/:?]
	at com.google.gson.Gson.fromJson(Gson.java:877) ~[gson-2.8.9.jar%23112!/:?]
	at com.google.gson.Gson.fromJson(Gson.java:848) ~[gson-2.8.9.jar%23112!/:?]
	at net.minecraftforge.fml.VersionChecker$1.process(VersionChecker.java:183) ~[fmlcore-1.19.2-43.5.1.jar%23372!/:?]
	at java.lang.Iterable.forEach(Iterable.java:75) [?:?]
	at net.minecraftforge.fml.VersionChecker$1.run(VersionChecker.java:114) [fmlcore-1.19.2-43.5.1.jar%23372!/:?]
Caused by: java.lang.IllegalStateException: Expected BEGIN_OBJECT but was STRING at line 9 column 1 path $
	at com.google.gson.stream.JsonReader.beginObject(JsonReader.java:384) ~[gson-2.8.9.jar%23112!/:?]
	at com.google.gson.internal.bind.MapTypeAdapterFactory$Adapter.read(MapTypeAdapterFactory.java:183) ~[gson-2.8.9.jar%23112!/:?]
	at com.google.gson.internal.bind.MapTypeAdapterFactory$Adapter.read(MapTypeAdapterFactory.java:145) ~[gson-2.8.9.jar%23112!/:?]
	at com.google.gson.Gson.fromJson(Gson.java:963) ~[gson-2.8.9.jar%23112!/:?]
	... 6 more
[14May2026 17:48:41.879] [Forge Version Check/INFO] [net.minecraftforge.fml.VersionChecker/]: [supplementaries] Starting version check at https://raw.githubusercontent.com/MehVahdJukaar/Supplementaries/master/forge/update.json
[14May2026 17:48:41.907] [Forge Version Check/INFO] [net.minecraftforge.fml.VersionChecker/]: [supplementaries] Found status: BETA Current: 1.19.2-2.4.20 Target: null
[14May2026 17:48:41.907] [Forge Version Check/INFO] [net.minecraftforge.fml.VersionChecker/]: [puzzleslib] Starting version check at https://raw.githubusercontent.com/Fuzss/modresources/main/update/puzzleslib.json
[14May2026 17:48:41.927] [Forge Version Check/INFO] [net.minecraftforge.fml.VersionChecker/]: [puzzleslib] Found status: UP_TO_DATE Current: 4.4.3 Target: null
[14May2026 17:48:41.927] [Forge Version Check/INFO] [net.minecraftforge.fml.VersionChecker/]: [openloader] Starting version check at https://updates.blamejared.com/get?n=openloader&gv=1.19.2
[14May2026 17:48:42.032] [Render thread/ERROR] [net.mehvahdjukaar.mysticaloaktree.MysticalOakTree/]: Failed to read tree dialogue JSON object for mysticaloaktree:talked154 : Input does not contain a key [type]: MapLike[{}]
[14May2026 17:48:42.032] [Render thread/ERROR] [net.mehvahdjukaar.mysticaloaktree.MysticalOakTree/]: Failed to read tree dialogue JSON object for mysticaloaktree:talked155 : Input does not contain a key [type]: MapLike[{}]
[14May2026 17:48:42.032] [Render thread/ERROR] [net.mehvahdjukaar.mysticaloaktree.MysticalOakTree/]: Failed to read tree dialogue JSON object for mysticaloaktree:talked156 : Input does not contain a key [type]: MapLike[{}]
[14May2026 17:48:42.032] [Render thread/ERROR] [net.mehvahdjukaar.mysticaloaktree.MysticalOakTree/]: Failed to read tree dialogue JSON object for mysticaloaktree:talked157 : Input does not contain a key [type]: MapLike[{}]
[14May2026 17:48:42.032] [Render thread/ERROR] [net.mehvahdjukaar.mysticaloaktree.MysticalOakTree/]: Failed to read tree dialogue JSON object for mysticaloaktree:talked158 : Input does not contain a key [type]: MapLike[{}]
[14May2026 17:48:42.032] [Render thread/ERROR] [net.mehvahdjukaar.mysticaloaktree.MysticalOakTree/]: Failed to read tree dialogue JSON object for mysticaloaktree:talked159 : Input does not contain a key [type]: MapLike[{}]
[14May2026 17:48:42.032] [Render thread/ERROR] [net.mehvahdjukaar.mysticaloaktree.MysticalOakTree/]: Failed to read tree dialogue JSON object for mysticaloaktree:talked160 : Input does not contain a key [type]: MapLike[{}]
[14May2026 17:48:42.032] [Render thread/ERROR] [net.mehvahdjukaar.mysticaloaktree.MysticalOakTree/]: Failed to read tree dialogue JSON object for mysticaloaktree:talked161 : Input does not contain a key [type]: MapLike[{}]
[14May2026 17:48:42.032] [Render thread/ERROR] [net.mehvahdjukaar.mysticaloaktree.MysticalOakTree/]: Failed to read tree dialogue JSON object for mysticaloaktree:talked162 : Input does not contain a key [type]: MapLike[{}]
[14May2026 17:48:42.032] [Render thread/ERROR] [net.mehvahdjukaar.mysticaloaktree.MysticalOakTree/]: Failed to read tree dialogue JSON object for mysticaloaktree:talked163 : Input does not contain a key [type]: MapLike[{}]
[14May2026 17:48:42.033] [Render thread/ERROR] [net.mehvahdjukaar.mysticaloaktree.MysticalOakTree/]: Failed to read tree dialogue JSON object for mysticaloaktree:talked164 : Input does not contain a key [type]: MapLike[{}]
[14May2026 17:48:42.033] [Render thread/ERROR] [net.mehvahdjukaar.mysticaloaktree.MysticalOakTree/]: Failed to read tree dialogue JSON object for mysticaloaktree:talked143 : Input does not contain a key [type]: MapLike[{}]
[14May2026 17:48:42.033] [Render thread/ERROR] [net.mehvahdjukaar.mysticaloaktree.MysticalOakTree/]: Failed to read tree dialogue JSON object for mysticaloaktree:talked144 : Input does not contain a key [type]: MapLike[{}]
[14May2026 17:48:42.033] [Render thread/ERROR] [net.mehvahdjukaar.mysticaloaktree.MysticalOakTree/]: Failed to read tree dialogue JSON object for mysticaloaktree:talked145 : Input does not contain a key [type]: MapLike[{}]
[14May2026 17:48:42.033] [Render thread/ERROR] [net.mehvahdjukaar.mysticaloaktree.MysticalOakTree/]: Failed to read tree dialogue JSON object for mysticaloaktree:talked146 : Input does not contain a key [type]: MapLike[{}]
[14May2026 17:48:42.033] [Render thread/ERROR] [net.mehvahdjukaar.mysticaloaktree.MysticalOakTree/]: Failed to read tree dialogue JSON object for mysticaloaktree:talked147 : Input does not contain a key [type]: MapLike[{}]
[14May2026 17:48:42.033] [Render thread/ERROR] [net.mehvahdjukaar.mysticaloaktree.MysticalOakTree/]: Failed to read tree dialogue JSON object for mysticaloaktree:talked148 : Input does not contain a key [type]: MapLike[{}]
[14May2026 17:48:42.033] [Render thread/ERROR] [net.mehvahdjukaar.mysticaloaktree.MysticalOakTree/]: Failed to read tree dialogue JSON object for mysticaloaktree:talked149 : Input does not contain a key [type]: MapLike[{}]
[14May2026 17:48:42.033] [Render thread/ERROR] [net.mehvahdjukaar.mysticaloaktree.MysticalOakTree/]: Failed to read tree dialogue JSON object for mysticaloaktree:talked150 : Input does not contain a key [type]: MapLike[{}]
[14May2026 17:48:42.033] [Render thread/ERROR] [net.mehvahdjukaar.mysticaloaktree.MysticalOakTree/]: Failed to read tree dialogue JSON object for mysticaloaktree:talked151 : Input does not contain a key [type]: MapLike[{}]
[14May2026 17:48:42.033] [Render thread/ERROR] [net.mehvahdjukaar.mysticaloaktree.MysticalOakTree/]: Failed to read tree dialogue JSON object for mysticaloaktree:talked153 : Input does not contain a key [type]: MapLike[{}]
[14May2026 17:48:42.033] [Render thread/ERROR] [net.mehvahdjukaar.mysticaloaktree.MysticalOakTree/]: Failed to read tree dialogue JSON object for mysticaloaktree:talked176 : Input does not contain a key [type]: MapLike[{}]
[14May2026 17:48:42.034] [Render thread/ERROR] [net.mehvahdjukaar.mysticaloaktree.MysticalOakTree/]: Failed to read tree dialogue JSON object for mysticaloaktree:talked177 : Input does not contain a key [type]: MapLike[{}]
[14May2026 17:48:42.034] [Render thread/ERROR] [net.mehvahdjukaar.mysticaloaktree.MysticalOakTree/]: Failed to read tree dialogue JSON object for mysticaloaktree:talked178 : Input does not contain a key [type]: MapLike[{}]
[14May2026 17:48:42.035] [Render thread/ERROR] [net.mehvahdjukaar.mysticaloaktree.MysticalOakTree/]: Failed to read tree dialogue JSON object for db3k:awoken2 : Not a string: ["Huh, what was that?","I swear I felt something"]
[14May2026 17:48:42.035] [Render thread/ERROR] [net.mehvahdjukaar.mysticaloaktree.MysticalOakTree/]: Failed to read tree dialogue JSON object for mysticaloaktree:talked179 : Input does not contain a key [type]: MapLike[{}]
[14May2026 17:48:42.035] [Render thread/ERROR] [net.mehvahdjukaar.mysticaloaktree.MysticalOakTree/]: Failed to read tree dialogue JSON object for mysticaloaktree:talked180 : Input does not contain a key [type]: MapLike[{}]
[14May2026 17:48:42.035] [Render thread/ERROR] [net.mehvahdjukaar.mysticaloaktree.MysticalOakTree/]: Failed to read tree dialogue JSON object for mysticaloaktree:talked181 : Input does not contain a key [type]: MapLike[{}]
[14May2026 17:48:42.035] [Render thread/ERROR] [net.mehvahdjukaar.mysticaloaktree.MysticalOakTree/]: Failed to read tree dialogue JSON object for mysticaloaktree:talked182 : Input does not contain a key [type]: MapLike[{}]
[14May2026 17:48:42.035] [Render thread/ERROR] [net.mehvahdjukaar.mysticaloaktree.MysticalOakTree/]: Failed to read tree dialogue JSON object for mysticaloaktree:talked183 : Input does not contain a key [type]: MapLike[{}]
[14May2026 17:48:42.035] [Render thread/ERROR] [net.mehvahdjukaar.mysticaloaktree.MysticalOakTree/]: Failed to read tree dialogue JSON object for mysticaloaktree:talked8 : Input does not contain a key [type]: MapLike[{}]
[14May2026 17:48:42.035] [Render thread/ERROR] [net.mehvahdjukaar.mysticaloaktree.MysticalOakTree/]: Failed to read tree dialogue JSON object for mysticaloaktree:talked184 : Input does not contain a key [type]: MapLike[{}]
[14May2026 17:48:42.035] [Render thread/ERROR] [net.mehvahdjukaar.mysticaloaktree.MysticalOakTree/]: Failed to read tree dialogue JSON object for mysticaloaktree:talked9 : Input does not contain a key [type]: MapLike[{}]
[14May2026 17:48:42.035] [Render thread/ERROR] [net.mehvahdjukaar.mysticaloaktree.MysticalOakTree/]: Failed to read tree dialogue JSON object for mysticaloaktree:talked185 : Input does not contain a key [type]: MapLike[{}]
[14May2026 17:48:42.035] [Render thread/ERROR] [net.mehvahdjukaar.mysticaloaktree.MysticalOakTree/]: Failed to read tree dialogue JSON object for mysticaloaktree:talked186 : Input does not contain a key [type]: MapLike[{}]
[14May2026 17:48:42.035] [Render thread/ERROR] [net.mehvahdjukaar.mysticaloaktree.MysticalOakTree/]: Failed to read tree dialogue JSON object for mysticaloaktree:talked4 : Input does not contain a key [type]: MapLike[{}]
[14May2026 17:48:42.035] [Render thread/ERROR] [net.mehvahdjukaar.mysticaloaktree.MysticalOakTree/]: Failed to read tree dialogue JSON object for mysticaloaktree:talked5 : Input does not contain a key [type]: MapLike[{}]
[14May2026 17:48:42.035] [Render thread/ERROR] [net.mehvahdjukaar.mysticaloaktree.MysticalOakTree/]: Failed to read tree dialogue JSON object for mysticaloaktree:talked6 : Input does not contain a key [type]: MapLike[{}]
[14May2026 17:48:42.035] [Render thread/ERROR] [net.mehvahdjukaar.mysticaloaktree.MysticalOakTree/]: Failed to read tree dialogue JSON object for mysticaloaktree:talked7 : Input does not contain a key [type]: MapLike[{}]
[14May2026 17:48:42.035] [Render thread/ERROR] [net.mehvahdjukaar.mysticaloaktree.MysticalOakTree/]: Failed to read tree dialogue JSON object for mysticaloaktree:talked1 : Input does not contain a key [type]: MapLike[{}]
[14May2026 17:48:42.035] [Render thread/ERROR] [net.mehvahdjukaar.mysticaloaktree.MysticalOakTree/]: Failed to read tree dialogue JSON object for mysticaloaktree:talked2 : Input does not contain a key [type]: MapLike[{}]
[14May2026 17:48:42.035] [Render thread/ERROR] [net.mehvahdjukaar.mysticaloaktree.MysticalOakTree/]: Failed to read tree dialogue JSON object for mysticaloaktree:talked3 : Input does not contain a key [type]: MapLike[{}]
[14May2026 17:48:42.036] [Render thread/ERROR] [net.mehvahdjukaar.mysticaloaktree.MysticalOakTree/]: Failed to read tree dialogue JSON object for mysticaloaktree:talked165 : Input does not contain a key [type]: MapLike[{}]
[14May2026 17:48:42.036] [Render thread/ERROR] [net.mehvahdjukaar.mysticaloaktree.MysticalOakTree/]: Failed to read tree dialogue JSON object for mysticaloaktree:talked166 : Input does not contain a key [type]: MapLike[{}]
[14May2026 17:48:42.036] [Render thread/ERROR] [net.mehvahdjukaar.mysticaloaktree.MysticalOakTree/]: Failed to read tree dialogue JSON object for mysticaloaktree:talked167 : Input does not contain a key [type]: MapLike[{}]
[14May2026 17:48:42.036] [Render thread/ERROR] [net.mehvahdjukaar.mysticaloaktree.MysticalOakTree/]: Failed to read tree dialogue JSON object for mysticaloaktree:talked168 : Input does not contain a key [type]: MapLike[{}]
[14May2026 17:48:42.036] [Render thread/ERROR] [net.mehvahdjukaar.mysticaloaktree.MysticalOakTree/]: Failed to read tree dialogue JSON object for mysticaloaktree:talked169 : Input does not contain a key [type]: MapLike[{}]
[14May2026 17:48:42.036] [Render thread/ERROR] [net.mehvahdjukaar.mysticaloaktree.MysticalOakTree/]: Failed to read tree dialogue JSON object for mysticaloaktree:talked170 : Input does not contain a key [type]: MapLike[{}]
[14May2026 17:48:42.036] [Render thread/ERROR] [net.mehvahdjukaar.mysticaloaktree.MysticalOakTree/]: Failed to read tree dialogue JSON object for mysticaloaktree:talked171 : Input does not contain a key [type]: MapLike[{}]
[14May2026 17:48:42.036] [Render thread/ERROR] [net.mehvahdjukaar.mysticaloaktree.MysticalOakTree/]: Failed to read tree dialogue JSON object for mysticaloaktree:talked172 : Input does not contain a key [type]: MapLike[{}]
[14May2026 17:48:42.036] [Render thread/ERROR] [net.mehvahdjukaar.mysticaloaktree.MysticalOakTree/]: Failed to read tree dialogue JSON object for mysticaloaktree:talked173 : Input does not contain a key [type]: MapLike[{}]
[14May2026 17:48:42.036] [Render thread/ERROR] [net.mehvahdjukaar.mysticaloaktree.MysticalOakTree/]: Failed to read tree dialogue JSON object for mysticaloaktree:talked174 : Input does not contain a key [type]: MapLike[{}]
[14May2026 17:48:42.036] [Render thread/ERROR] [net.mehvahdjukaar.mysticaloaktree.MysticalOakTree/]: Failed to read tree dialogue JSON object for mysticaloaktree:talked175 : Input does not contain a key [type]: MapLike[{}]
[14May2026 17:48:42.036] [Render thread/ERROR] [net.mehvahdjukaar.mysticaloaktree.MysticalOakTree/]: Failed to read tree dialogue JSON object for mysticaloaktree:talked118 : Input does not contain a key [type]: MapLike[{}]
[14May2026 17:48:42.036] [Render thread/ERROR] [net.mehvahdjukaar.mysticaloaktree.MysticalOakTree/]: Failed to read tree dialogue JSON object for mysticaloaktree:talked119 : Input does not contain a key [type]: MapLike[{}]
[14May2026 17:48:42.036] [Render thread/ERROR] [net.mehvahdjukaar.mysticaloaktree.MysticalOakTree/]: Failed to read tree dialogue JSON object for mysticaloaktree:talked110 : Input does not contain a key [type]: MapLike[{}]
[14May2026 17:48:42.036] [Render thread/ERROR] [net.mehvahdjukaar.mysticaloaktree.MysticalOakTree/]: Failed to read tree dialogue JSON object for mysticaloaktree:talked111 : Input does not contain a key [type]: MapLike[{}]
[14May2026 17:48:42.036] [Render thread/ERROR] [net.mehvahdjukaar.mysticaloaktree.MysticalOakTree/]: Failed to read tree dialogue JSON object for mysticaloaktree:talked112 : Input does not contain a key [type]: MapLike[{}]
[14May2026 17:48:42.036] [Render thread/ERROR] [net.mehvahdjukaar.mysticaloaktree.MysticalOakTree/]: Failed to read tree dialogue JSON object for mysticaloaktree:talked113 : Input does not contain a key [type]: MapLike[{}]
[14May2026 17:48:42.036] [Render thread/ERROR] [net.mehvahdjukaar.mysticaloaktree.MysticalOakTree/]: Failed to read tree dialogue JSON object for mysticaloaktree:talked114 : Input does not contain a key [type]: MapLike[{}]
[14May2026 17:48:42.036] [Render thread/ERROR] [net.mehvahdjukaar.mysticaloaktree.MysticalOakTree/]: Failed to read tree dialogue JSON object for mysticaloaktree:talked115 : Input does not contain a key [type]: MapLike[{}]
[14May2026 17:48:42.036] [Render thread/ERROR] [net.mehvahdjukaar.mysticaloaktree.MysticalOakTree/]: Failed to read tree dialogue JSON object for mysticaloaktree:talked116 : Input does not contain a key [type]: MapLike[{}]
[14May2026 17:48:42.036] [Render thread/ERROR] [net.mehvahdjukaar.mysticaloaktree.MysticalOakTree/]: Failed to read tree dialogue JSON object for mysticaloaktree:talked117 : Input does not contain a key [type]: MapLike[{}]
[14May2026 17:48:42.037] [Render thread/ERROR] [net.mehvahdjukaar.mysticaloaktree.MysticalOakTree/]: Failed to read tree dialogue JSON object for mysticaloaktree:talked120 : Input does not contain a key [type]: MapLike[{}]
[14May2026 17:48:42.037] [Render thread/ERROR] [net.mehvahdjukaar.mysticaloaktree.MysticalOakTree/]: Failed to read tree dialogue JSON object for mysticaloaktree:talked107 : Input does not contain a key [type]: MapLike[{}]
[14May2026 17:48:42.037] [Render thread/ERROR] [net.mehvahdjukaar.mysticaloaktree.MysticalOakTree/]: Failed to read tree dialogue JSON object for mysticaloaktree:talked108 : Input does not contain a key [type]: MapLike[{}]
[14May2026 17:48:42.037] [Render thread/ERROR] [net.mehvahdjukaar.mysticaloaktree.MysticalOakTree/]: Failed to read tree dialogue JSON object for mysticaloaktree:talked109 : Input does not contain a key [type]: MapLike[{}]
[14May2026 17:48:42.037] [Render thread/ERROR] [net.mehvahdjukaar.mysticaloaktree.MysticalOakTree/]: Failed to read tree dialogue JSON object for mysticaloaktree:talked100 : Input does not contain a key [type]: MapLike[{}]
[14May2026 17:48:42.037] [Render thread/ERROR] [net.mehvahdjukaar.mysticaloaktree.MysticalOakTree/]: Failed to read tree dialogue JSON object for mysticaloaktree:talked101 : Input does not contain a key [type]: MapLike[{}]
[14May2026 17:48:42.037] [Render thread/ERROR] [net.mehvahdjukaar.mysticaloaktree.MysticalOakTree/]: Failed to read tree dialogue JSON object for mysticaloaktree:talked102 : Input does not contain a key [type]: MapLike[{}]
[14May2026 17:48:42.037] [Render thread/ERROR] [net.mehvahdjukaar.mysticaloaktree.MysticalOakTree/]: Failed to read tree dialogue JSON object for mysticaloaktree:talked103 : Input does not contain a key [type]: MapLike[{}]
[14May2026 17:48:42.037] [Render thread/ERROR] [net.mehvahdjukaar.mysticaloaktree.MysticalOakTree/]: Failed to read tree dialogue JSON object for mysticaloaktree:talked104 : Input does not contain a key [type]: MapLike[{}]
[14May2026 17:48:42.037] [Render thread/ERROR] [net.mehvahdjukaar.mysticaloaktree.MysticalOakTree/]: Failed to read tree dialogue JSON object for mysticaloaktree:talked105 : Input does not contain a key [type]: MapLike[{}]
[14May2026 17:48:42.037] [Render thread/ERROR] [net.mehvahdjukaar.mysticaloaktree.MysticalOakTree/]: Failed to read tree dialogue JSON object for mysticaloaktree:talked106 : Input does not contain a key [type]: MapLike[{}]
[14May2026 17:48:42.037] [Render thread/ERROR] [net.mehvahdjukaar.mysticaloaktree.MysticalOakTree/]: Failed to read tree dialogue JSON object for mysticaloaktree:hurt61 : Input does not contain a key [type]: MapLike[{}]
[14May2026 17:48:42.037] [Render thread/ERROR] [net.mehvahdjukaar.mysticaloaktree.MysticalOakTree/]: Failed to read tree dialogue JSON object for mysticaloaktree:hurt60 : Input does not contain a key [type]: MapLike[{}]
[14May2026 17:48:42.037] [Render thread/ERROR] [net.mehvahdjukaar.mysticaloaktree.MysticalOakTree/]: Failed to read tree dialogue JSON object for mysticaloaktree:hurt62 : Input does not contain a key [type]: MapLike[{}]
[14May2026 17:48:42.038] [Render thread/ERROR] [net.mehvahdjukaar.mysticaloaktree.MysticalOakTree/]: Failed to read tree dialogue JSON object for mysticaloaktree:talked132 : Input does not contain a key [type]: MapLike[{}]
[14May2026 17:48:42.038] [Render thread/ERROR] [net.mehvahdjukaar.mysticaloaktree.MysticalOakTree/]: Failed to read tree dialogue JSON object for mysticaloaktree:talked133 : Input does not contain a key [type]: MapLike[{}]
[14May2026 17:48:42.038] [Render thread/ERROR] [net.mehvahdjukaar.mysticaloaktree.MysticalOakTree/]: Failed to read tree dialogue JSON object for mysticaloaktree:talked134 : Input does not contain a key [type]: MapLike[{}]
[14May2026 17:48:42.038] [Render thread/ERROR] [net.mehvahdjukaar.mysticaloaktree.MysticalOakTree/]: Failed to read tree dialogue JSON object for mysticaloaktree:talked135 : Input does not contain a key [type]: MapLike[{}]
[14May2026 17:48:42.038] [Render thread/ERROR] [net.mehvahdjukaar.mysticaloaktree.MysticalOakTree/]: Failed to read tree dialogue JSON object for mysticaloaktree:talked136 : Input does not contain a key [type]: MapLike[{}]
[14May2026 17:48:42.038] [Render thread/ERROR] [net.mehvahdjukaar.mysticaloaktree.MysticalOakTree/]: Failed to read tree dialogue JSON object for mysticaloaktree:talked137 : Input does not contain a key [type]: MapLike[{}]
[14May2026 17:48:42.038] [Render thread/ERROR] [net.mehvahdjukaar.mysticaloaktree.MysticalOakTree/]: Failed to read tree dialogue JSON object for mysticaloaktree:talked138 : Input does not contain a key [type]: MapLike[{}]
[14May2026 17:48:42.038] [Render thread/ERROR] [net.mehvahdjukaar.mysticaloaktree.MysticalOakTree/]: Failed to read tree dialogue JSON object for mysticaloaktree:talked139 : Input does not contain a key [type]: MapLike[{}]
[14May2026 17:48:42.038] [Render thread/ERROR] [net.mehvahdjukaar.mysticaloaktree.MysticalOakTree/]: Failed to read tree dialogue JSON object for mysticaloaktree:hurt58 : Input does not contain a key [type]: MapLike[{}]
[14May2026 17:48:42.038] [Render thread/ERROR] [net.mehvahdjukaar.mysticaloaktree.MysticalOakTree/]: Failed to read tree dialogue JSON object for mysticaloaktree:hurt57 : Input does not contain a key [type]: MapLike[{}]
[14May2026 17:48:42.038] [Render thread/ERROR] [net.mehvahdjukaar.mysticaloaktree.MysticalOakTree/]: Failed to read tree dialogue JSON object for mysticaloaktree:hurt59 : Input does not contain a key [type]: MapLike[{}]
[14May2026 17:48:42.038] [Render thread/ERROR] [net.mehvahdjukaar.mysticaloaktree.MysticalOakTree/]: Failed to read tree dialogue JSON object for mysticaloaktree:hurt54 : Input does not contain a key [type]: MapLike[{}]
[14May2026 17:48:42.038] [Render thread/ERROR] [net.mehvahdjukaar.mysticaloaktree.MysticalOakTree/]: Failed to read tree dialogue JSON object for mysticaloaktree:hurt53 : Input does not contain a key [type]: MapLike[{}]
[14May2026 17:48:42.038] [Render thread/ERROR] [net.mehvahdjukaar.mysticaloaktree.MysticalOakTree/]: Failed to read tree dialogue JSON object for mysticaloaktree:talked140 : Input does not contain a key [type]: MapLike[{}]
[14May2026 17:48:42.038] [Render thread/ERROR] [net.mehvahdjukaar.mysticaloaktree.MysticalOakTree/]: Failed to read tree dialogue JSON object for mysticaloaktree:hurt56 : Input does not contain a key [type]: MapLike[{}]
[14May2026 17:48:42.038] [Render thread/ERROR] [net.mehvahdjukaar.mysticaloaktree.MysticalOakTree/]: Failed to read tree dialogue JSON object for mysticaloaktree:talked141 : Input does not contain a key [type]: MapLike[{}]
[14May2026 17:48:42.038] [Render thread/ERROR] [net.mehvahdjukaar.mysticaloaktree.MysticalOakTree/]: Failed to read tree dialogue JSON object for mysticaloaktree:hurt55 : Input does not contain a key [type]: MapLike[{}]
[14May2026 17:48:42.038] [Render thread/ERROR] [net.mehvahdjukaar.mysticaloaktree.MysticalOakTree/]: Failed to read tree dialogue JSON object for mysticaloaktree:talked142 : Input does not contain a key [type]: MapLike[{}]
[14May2026 17:48:42.039] [Render thread/ERROR] [net.mehvahdjukaar.mysticaloaktree.MysticalOakTree/]: Failed to read tree dialogue JSON object for mysticaloaktree:hurt50 : Input does not contain a key [type]: MapLike[{}]
[14May2026 17:48:42.039] [Render thread/ERROR] [net.mehvahdjukaar.mysticaloaktree.MysticalOakTree/]: Failed to read tree dialogue JSON object for mysticaloaktree:hurt52 : Input does not contain a key [type]: MapLike[{}]
[14May2026 17:48:42.039] [Render thread/ERROR] [net.mehvahdjukaar.mysticaloaktree.MysticalOakTree/]: Failed to read tree dialogue JSON object for mysticaloaktree:hurt51 : Input does not contain a key [type]: MapLike[{}]
[14May2026 17:48:42.039] [Render thread/ERROR] [net.mehvahdjukaar.mysticaloaktree.MysticalOakTree/]: Failed to read tree dialogue JSON object for mysticaloaktree:talked129 : Input does not contain a key [type]: MapLike[{}]
[14May2026 17:48:42.039] [Render thread/ERROR] [net.mehvahdjukaar.mysticaloaktree.MysticalOakTree/]: Failed to read tree dialogue JSON object for mysticaloaktree:talked121 : Input does not contain a key [type]: MapLike[{}]
[14May2026 17:48:42.039] [Render thread/ERROR] [net.mehvahdjukaar.mysticaloaktree.MysticalOakTree/]: Failed to read tree dialogue JSON object for mysticaloaktree:talked122 : Input does not contain a key [type]: MapLike[{}]
[14May2026 17:48:42.039] [Render thread/ERROR] [net.mehvahdjukaar.mysticaloaktree.MysticalOakTree/]: Failed to read tree dialogue JSON object for mysticaloaktree:talked123 : Input does not contain a key [type]: MapLike[{}]
[14May2026 17:48:42.039] [Render thread/ERROR] [net.mehvahdjukaar.mysticaloaktree.MysticalOakTree/]: Failed to read tree dialogue JSON object for mysticaloaktree:talked124 : Input does not contain a key [type]: MapLike[{}]
[14May2026 17:48:42.039] [Render thread/ERROR] [net.mehvahdjukaar.mysticaloaktree.MysticalOakTree/]: Failed to read tree dialogue JSON object for mysticaloaktree:talked125 : Input does not contain a key [type]: MapLike[{}]
[14May2026 17:48:42.039] [Render thread/ERROR] [net.mehvahdjukaar.mysticaloaktree.MysticalOakTree/]: Failed to read tree dialogue JSON object for mysticaloaktree:talked126 : Input does not contain a key [type]: MapLike[{}]
[14May2026 17:48:42.039] [Render thread/ERROR] [net.mehvahdjukaar.mysticaloaktree.MysticalOakTree/]: Failed to read tree dialogue JSON object for mysticaloaktree:talked127 : Input does not contain a key [type]: MapLike[{}]
[14May2026 17:48:42.039] [Render thread/ERROR] [net.mehvahdjukaar.mysticaloaktree.MysticalOakTree/]: Failed to read tree dialogue JSON object for mysticaloaktree:talked128 : Input does not contain a key [type]: MapLike[{}]
[14May2026 17:48:42.039] [Render thread/ERROR] [net.mehvahdjukaar.mysticaloaktree.MysticalOakTree/]: Failed to read tree dialogue JSON object for mysticaloaktree:hurt47 : Input does not contain a key [type]: MapLike[{}]
[14May2026 17:48:42.039] [Render thread/ERROR] [net.mehvahdjukaar.mysticaloaktree.MysticalOakTree/]: Failed to read tree dialogue JSON object for mysticaloaktree:hurt46 : Input does not contain a key [type]: MapLike[{}]
[14May2026 17:48:42.039] [Render thread/ERROR] [net.mehvahdjukaar.mysticaloaktree.MysticalOakTree/]: Failed to read tree dialogue JSON object for mysticaloaktree:hurt49 : Input does not contain a key [type]: MapLike[{}]
[14May2026 17:48:42.039] [Render thread/ERROR] [net.mehvahdjukaar.mysticaloaktree.MysticalOakTree/]: Failed to read tree dialogue JSON object for mysticaloaktree:hurt48 : Input does not contain a key [type]: MapLike[{}]
[14May2026 17:48:42.039] [Render thread/ERROR] [net.mehvahdjukaar.mysticaloaktree.MysticalOakTree/]: Failed to read tree dialogue JSON object for mysticaloaktree:hurt43 : Input does not contain a key [type]: MapLike[{}]
[14May2026 17:48:42.039] [Render thread/ERROR] [net.mehvahdjukaar.mysticaloaktree.MysticalOakTree/]: Failed to read tree dialogue JSON object for mysticaloaktree:hurt42 : Input does not contain a key [type]: MapLike[{}]
[14May2026 17:48:42.039] [Render thread/ERROR] [net.mehvahdjukaar.mysticaloaktree.MysticalOakTree/]: Failed to read tree dialogue JSON object for mysticaloaktree:hurt45 : Input does not contain a key [type]: MapLike[{}]
[14May2026 17:48:42.039] [Render thread/ERROR] [net.mehvahdjukaar.mysticaloaktree.MysticalOakTree/]: Failed to read tree dialogue JSON object for mysticaloaktree:talked130 : Input does not contain a key [type]: MapLike[{}]
[14May2026 17:48:42.039] [Render thread/ERROR] [net.mehvahdjukaar.mysticaloaktree.MysticalOakTree/]: Failed to read tree dialogue JSON object for mysticaloaktree:hurt44 : Input does not contain a key [type]: MapLike[{}]
[14May2026 17:48:42.039] [Render thread/ERROR] [net.mehvahdjukaar.mysticaloaktree.MysticalOakTree/]: Failed to read tree dialogue JSON object for mysticaloaktree:talked131 : Input does not contain a key [type]: MapLike[{}]
[14May2026 17:48:42.039] [Render thread/ERROR] [net.mehvahdjukaar.mysticaloaktree.MysticalOakTree/]: Failed to read tree dialogue JSON object for mysticaloaktree:hurt41 : Input does not contain a key [type]: MapLike[{}]
[14May2026 17:48:42.039] [Render thread/ERROR] [net.mehvahdjukaar.mysticaloaktree.MysticalOakTree/]: Failed to read tree dialogue JSON object for mysticaloaktree:hurt40 : Input does not contain a key [type]: MapLike[{}]
[14May2026 17:48:42.040] [Render thread/ERROR] [net.mehvahdjukaar.mysticaloaktree.MysticalOakTree/]: Failed to read tree dialogue JSON object for mysticaloaktree:talked62 : Input does not contain a key [type]: MapLike[{}]
[14May2026 17:48:42.040] [Render thread/ERROR] [net.mehvahdjukaar.mysticaloaktree.MysticalOakTree/]: Failed to read tree dialogue JSON object for mysticaloaktree:talked60 : Input does not contain a key [type]: MapLike[{}]
[14May2026 17:48:42.040] [Render thread/ERROR] [net.mehvahdjukaar.mysticaloaktree.MysticalOakTree/]: Failed to read tree dialogue JSON object for mysticaloaktree:talked61 : Input does not contain a key [type]: MapLike[{}]
[14May2026 17:48:42.040] [Render thread/ERROR] [net.mehvahdjukaar.mysticaloaktree.MysticalOakTree/]: Failed to read tree dialogue JSON object for mysticaloaktree:talked66 : Input does not contain a key [type]: MapLike[{}]
[14May2026 17:48:42.040] [Render thread/ERROR] [net.mehvahdjukaar.mysticaloaktree.MysticalOakTree/]: Failed to read tree dialogue JSON object for mysticaloaktree:talked67 : Input does not contain a key [type]: MapLike[{}]
[14May2026 17:48:42.040] [Render thread/ERROR] [net.mehvahdjukaar.mysticaloaktree.MysticalOakTree/]: Failed to read tree dialogue JSON object for mysticaloaktree:talked64 : Input does not contain a key [type]: MapLike[{}]
[14May2026 17:48:42.040] [Render thread/ERROR] [net.mehvahdjukaar.mysticaloaktree.MysticalOakTree/]: Failed to read tree dialogue JSON object for mysticaloaktree:talked65 : Input does not contain a key [type]: MapLike[{}]
[14May2026 17:48:42.040] [Render thread/ERROR] [net.mehvahdjukaar.mysticaloaktree.MysticalOakTree/]: Failed to read tree dialogue JSON object for mysticaloaktree:talked68 : Input does not contain a key [type]: MapLike[{}]
[14May2026 17:48:42.040] [Render thread/ERROR] [net.mehvahdjukaar.mysticaloaktree.MysticalOakTree/]: Failed to read tree dialogue JSON object for mysticaloaktree:talked69 : Input does not contain a key [type]: MapLike[{}]
[14May2026 17:48:42.040] [Render thread/ERROR] [net.mehvahdjukaar.mysticaloaktree.MysticalOakTree/]: Failed to read tree dialogue JSON object for mysticaloaktree:hurt39 : Input does not contain a key [type]: MapLike[{}]
[14May2026 17:48:42.040] [Render thread/ERROR] [net.mehvahdjukaar.mysticaloaktree.MysticalOakTree/]: Failed to read tree dialogue JSON object for mysticaloaktree:hurt36 : Input does not contain a key [type]: MapLike[{}]
[14May2026 17:48:42.040] [Render thread/ERROR] [net.mehvahdjukaar.mysticaloaktree.MysticalOakTree/]: Failed to read tree dialogue JSON object for mysticaloaktree:hurt35 : Input does not contain a key [type]: MapLike[{}]
[14May2026 17:48:42.040] [Render thread/ERROR] [net.mehvahdjukaar.mysticaloaktree.MysticalOakTree/]: Failed to read tree dialogue JSON object for mysticaloaktree:hurt37 : Input does not contain a key [type]: MapLike[{}]
[14May2026 17:48:42.040] [Render thread/ERROR] [net.mehvahdjukaar.mysticaloaktree.MysticalOakTree/]: Failed to read tree dialogue JSON object for mysticaloaktree:hurt32 : Input does not contain a key [type]: MapLike[{}]
[14May2026 17:48:42.040] [Render thread/ERROR] [net.mehvahdjukaar.mysticaloaktree.MysticalOakTree/]: Failed to read tree dialogue JSON object for mysticaloaktree:hurt31 : Input does not contain a key [type]: MapLike[{}]
[14May2026 17:48:42.040] [Render thread/ERROR] [net.mehvahdjukaar.mysticaloaktree.MysticalOakTree/]: Failed to read tree dialogue JSON object for mysticaloaktree:hurt34 : Input does not contain a key [type]: MapLike[{}]
[14May2026 17:48:42.040] [Render thread/ERROR] [net.mehvahdjukaar.mysticaloaktree.MysticalOakTree/]: Failed to read tree dialogue JSON object for mysticaloaktree:hurt33 : Input does not contain a key [type]: MapLike[{}]
[14May2026 17:48:42.040] [Render thread/ERROR] [net.mehvahdjukaar.mysticaloaktree.MysticalOakTree/]: Failed to read tree dialogue JSON object for mysticaloaktree:hurt30 : Input does not contain a key [type]: MapLike[{}]
[14May2026 17:48:42.040] [Render thread/ERROR] [net.mehvahdjukaar.mysticaloaktree.MysticalOakTree/]: Failed to read tree dialogue JSON object for mysticaloaktree:talked70 : Input does not contain a key [type]: MapLike[{}]
[14May2026 17:48:42.040] [Render thread/ERROR] [net.mehvahdjukaar.mysticaloaktree.MysticalOakTree/]: Failed to read tree dialogue JSON object for mysticaloaktree:talked73 : Input does not contain a key [type]: MapLike[{}]
[14May2026 17:48:42.040] [Render thread/ERROR] [net.mehvahdjukaar.mysticaloaktree.MysticalOakTree/]: Failed to read tree dialogue JSON object for mysticaloaktree:talked74 : Input does not contain a key [type]: MapLike[{}]
[14May2026 17:48:42.041] [Render thread/ERROR] [net.mehvahdjukaar.mysticaloaktree.MysticalOakTree/]: Failed to read tree dialogue JSON object for mysticaloaktree:talked71 : Input does not contain a key [type]: MapLike[{}]
[14May2026 17:48:42.041] [Render thread/ERROR] [net.mehvahdjukaar.mysticaloaktree.MysticalOakTree/]: Failed to read tree dialogue JSON object for mysticaloaktree:talked72 : Input does not contain a key [type]: MapLike[{}]
[14May2026 17:48:42.041] [Render thread/ERROR] [net.mehvahdjukaar.mysticaloaktree.MysticalOakTree/]: Failed to read tree dialogue JSON object for mysticaloaktree:talked77 : Input does not contain a key [type]: MapLike[{}]
[14May2026 17:48:42.041] [Render thread/ERROR] [net.mehvahdjukaar.mysticaloaktree.MysticalOakTree/]: Failed to read tree dialogue JSON object for mysticaloaktree:talked78 : Input does not contain a key [type]: MapLike[{}]
[14May2026 17:48:42.041] [Render thread/ERROR] [net.mehvahdjukaar.mysticaloaktree.MysticalOakTree/]: Failed to read tree dialogue JSON object for mysticaloaktree:talked75 : Input does not contain a key [type]: MapLike[{}]
[14May2026 17:48:42.041] [Render thread/ERROR] [net.mehvahdjukaar.mysticaloaktree.MysticalOakTree/]: Failed to read tree dialogue JSON object for mysticaloaktree:talked79 : Input does not contain a key [type]: MapLike[{}]
[14May2026 17:48:42.041] [Render thread/ERROR] [net.mehvahdjukaar.mysticaloaktree.MysticalOakTree/]: Failed to read tree dialogue JSON object for mysticaloaktree:hurt29 : Input does not contain a key [type]: MapLike[{}]
[14May2026 17:48:42.041] [Render thread/ERROR] [net.mehvahdjukaar.mysticaloaktree.MysticalOakTree/]: Failed to read tree dialogue JSON object for mysticaloaktree:hurt28 : Input does not contain a key [type]: MapLike[{}]
[14May2026 17:48:42.041] [Render thread/ERROR] [net.mehvahdjukaar.mysticaloaktree.MysticalOakTree/]: Failed to read tree dialogue JSON object for mysticaloaktree:hurt25 : Input does not contain a key [type]: MapLike[{}]
[14May2026 17:48:42.041] [Render thread/ERROR] [net.mehvahdjukaar.mysticaloaktree.MysticalOakTree/]: Failed to read tree dialogue JSON object for mysticaloaktree:hurt24 : Input does not contain a key [type]: MapLike[{}]
[14May2026 17:48:42.041] [Render thread/ERROR] [net.mehvahdjukaar.mysticaloaktree.MysticalOakTree/]: Failed to read tree dialogue JSON object for mysticaloaktree:hurt27 : Input does not contain a key [type]: MapLike[{}]
[14May2026 17:48:42.041] [Render thread/ERROR] [net.mehvahdjukaar.mysticaloaktree.MysticalOakTree/]: Failed to read tree dialogue JSON object for mysticaloaktree:hurt26 : Input does not contain a key [type]: MapLike[{}]
[14May2026 17:48:42.041] [Render thread/ERROR] [net.mehvahdjukaar.mysticaloaktree.MysticalOakTree/]: Failed to read tree dialogue JSON object for mysticaloaktree:hurt21 : Input does not contain a key [type]: MapLike[{}]
[14May2026 17:48:42.041] [Render thread/ERROR] [net.mehvahdjukaar.mysticaloaktree.MysticalOakTree/]: Failed to read tree dialogue JSON object for mysticaloaktree:hurt20 : Input does not contain a key [type]: MapLike[{}]
[14May2026 17:48:42.041] [Render thread/ERROR] [net.mehvahdjukaar.mysticaloaktree.MysticalOakTree/]: Failed to read tree dialogue JSON object for mysticaloaktree:hurt23 : Input does not contain a key [type]: MapLike[{}]
[14May2026 17:48:42.041] [Render thread/ERROR] [net.mehvahdjukaar.mysticaloaktree.MysticalOakTree/]: Failed to read tree dialogue JSON object for mysticaloaktree:hurt22 : Input does not contain a key [type]: MapLike[{}]
[14May2026 17:48:42.041] [Render thread/ERROR] [net.mehvahdjukaar.mysticaloaktree.MysticalOakTree/]: Failed to read tree dialogue JSON object for mysticaloaktree:talked80 : Input does not contain a key [type]: MapLike[{}]
[14May2026 17:48:42.041] [Render thread/ERROR] [net.mehvahdjukaar.mysticaloaktree.MysticalOakTree/]: Failed to read tree dialogue JSON object for mysticaloaktree:talked81 : Input does not contain a key [type]: MapLike[{}]
[14May2026 17:48:42.041] [Render thread/ERROR] [net.mehvahdjukaar.mysticaloaktree.MysticalOakTree/]: Failed to read tree dialogue JSON object for mysticaloaktree:talked84 : Input does not contain a key [type]: MapLike[{}]
[14May2026 17:48:42.041] [Render thread/ERROR] [net.mehvahdjukaar.mysticaloaktree.MysticalOakTree/]: Failed to read tree dialogue JSON object for mysticaloaktree:talked85 : Input does not contain a key [type]: MapLike[{}]
[14May2026 17:48:42.041] [Render thread/ERROR] [net.mehvahdjukaar.mysticaloaktree.MysticalOakTree/]: Failed to read tree dialogue JSON object for mysticaloaktree:talked82 : Input does not contain a key [type]: MapLike[{}]
[14May2026 17:48:42.041] [Render thread/ERROR] [net.mehvahdjukaar.mysticaloaktree.MysticalOakTree/]: Failed to read tree dialogue JSON object for mysticaloaktree:talked83 : Input does not contain a key [type]: MapLike[{}]
[14May2026 17:48:42.041] [Render thread/ERROR] [net.mehvahdjukaar.mysticaloaktree.MysticalOakTree/]: Failed to read tree dialogue JSON object for mysticaloaktree:talked88 : Input does not contain a key [type]: MapLike[{}]
[14May2026 17:48:42.041] [Render thread/ERROR] [net.mehvahdjukaar.mysticaloaktree.MysticalOakTree/]: Failed to read tree dialogue JSON object for mysticaloaktree:talked89 : Input does not contain a key [type]: MapLike[{}]
[14May2026 17:48:42.042] [Render thread/ERROR] [net.mehvahdjukaar.mysticaloaktree.MysticalOakTree/]: Failed to read tree dialogue JSON object for mysticaloaktree:talked86 : Input does not contain a key [type]: MapLike[{}]
[14May2026 17:48:42.042] [Render thread/ERROR] [net.mehvahdjukaar.mysticaloaktree.MysticalOakTree/]: Failed to read tree dialogue JSON object for mysticaloaktree:talked87 : Input does not contain a key [type]: MapLike[{}]
[14May2026 17:48:42.042] [Render thread/ERROR] [net.mehvahdjukaar.mysticaloaktree.MysticalOakTree/]: Failed to read tree dialogue JSON object for mysticaloaktree:hurt18 : Input does not contain a key [type]: MapLike[{}]
[14May2026 17:48:42.042] [Render thread/ERROR] [net.mehvahdjukaar.mysticaloaktree.MysticalOakTree/]: Failed to read tree dialogue JSON object for mysticaloaktree:hurt17 : Input does not contain a key [type]: MapLike[{}]
[14May2026 17:48:42.042] [Render thread/ERROR] [net.mehvahdjukaar.mysticaloaktree.MysticalOakTree/]: Failed to read tree dialogue JSON object for mysticaloaktree:hurt19 : Input does not contain a key [type]: MapLike[{}]
[14May2026 17:48:42.042] [Render thread/ERROR] [net.mehvahdjukaar.mysticaloaktree.MysticalOakTree/]: Failed to read tree dialogue JSON object for mysticaloaktree:hurt14 : Input does not contain a key [type]: MapLike[{}]
[14May2026 17:48:42.042] [Render thread/ERROR] [net.mehvahdjukaar.mysticaloaktree.MysticalOakTree/]: Failed to read tree dialogue JSON object for mysticaloaktree:hurt13 : Input does not contain a key [type]: MapLike[{}]
[14May2026 17:48:42.042] [Render thread/ERROR] [net.mehvahdjukaar.mysticaloaktree.MysticalOakTree/]: Failed to read tree dialogue JSON object for mysticaloaktree:hurt16 : Input does not contain a key [type]: MapLike[{}]
[14May2026 17:48:42.042] [Render thread/ERROR] [net.mehvahdjukaar.mysticaloaktree.MysticalOakTree/]: Failed to read tree dialogue JSON object for mysticaloaktree:hurt15 : Input does not contain a key [type]: MapLike[{}]
[14May2026 17:48:42.042] [Render thread/ERROR] [net.mehvahdjukaar.mysticaloaktree.MysticalOakTree/]: Failed to read tree dialogue JSON object for mysticaloaktree:hurt10 : Input does not contain a key [type]: MapLike[{}]
[14May2026 17:48:42.042] [Render thread/ERROR] [net.mehvahdjukaar.mysticaloaktree.MysticalOakTree/]: Failed to read tree dialogue JSON object for mysticaloaktree:hurt12 : Input does not contain a key [type]: MapLike[{}]
[14May2026 17:48:42.042] [Render thread/ERROR] [net.mehvahdjukaar.mysticaloaktree.MysticalOakTree/]: Failed to read tree dialogue JSON object for mysticaloaktree:hurt11 : Input does not contain a key [type]: MapLike[{}]
[14May2026 17:48:42.042] [Render thread/ERROR] [net.mehvahdjukaar.mysticaloaktree.MysticalOakTree/]: Failed to read tree dialogue JSON object for mysticaloaktree:talked91 : Input does not contain a key [type]: MapLike[{}]
[14May2026 17:48:42.042] [Render thread/ERROR] [net.mehvahdjukaar.mysticaloaktree.MysticalOakTree/]: Failed to read tree dialogue JSON object for mysticaloaktree:talked92 : Input does not contain a key [type]: MapLike[{}]
[14May2026 17:48:42.042] [Render thread/ERROR] [net.mehvahdjukaar.mysticaloaktree.MysticalOakTree/]: Failed to read tree dialogue JSON object for mysticaloaktree:talked90 : Input does not contain a key [type]: MapLike[{}]
[14May2026 17:48:42.042] [Render thread/ERROR] [net.mehvahdjukaar.mysticaloaktree.MysticalOakTree/]: Failed to read tree dialogue JSON object for mysticaloaktree:talked95 : Input does not contain a key [type]: MapLike[{}]
[14May2026 17:48:42.042] [Render thread/ERROR] [net.mehvahdjukaar.mysticaloaktree.MysticalOakTree/]: Failed to read tree dialogue JSON object for mysticaloaktree:talked96 : Input does not contain a key [type]: MapLike[{}]
[14May2026 17:48:42.042] [Render thread/ERROR] [net.mehvahdjukaar.mysticaloaktree.MysticalOakTree/]: Failed to read tree dialogue JSON object for mysticaloaktree:talked93 : Input does not contain a key [type]: MapLike[{}]
[14May2026 17:48:42.042] [Render thread/ERROR] [net.mehvahdjukaar.mysticaloaktree.MysticalOakTree/]: Failed to read tree dialogue JSON object for mysticaloaktree:talked94 : Input does not contain a key [type]: MapLike[{}]
[14May2026 17:48:42.042] [Render thread/ERROR] [net.mehvahdjukaar.mysticaloaktree.MysticalOakTree/]: Failed to read tree dialogue JSON object for mysticaloaktree:talked99 : Input does not contain a key [type]: MapLike[{}]
[14May2026 17:48:42.042] [Render thread/ERROR] [net.mehvahdjukaar.mysticaloaktree.MysticalOakTree/]: Failed to read tree dialogue JSON object for mysticaloaktree:talked98 : Input does not contain a key [type]: MapLike[{}]
[14May2026 17:48:42.043] [Render thread/ERROR] [net.mehvahdjukaar.mysticaloaktree.MysticalOakTree/]: Failed to read tree dialogue JSON object for mysticaloaktree:talked22 : Input does not contain a key [type]: MapLike[{}]
[14May2026 17:48:42.043] [Render thread/ERROR] [net.mehvahdjukaar.mysticaloaktree.MysticalOakTree/]: Failed to read tree dialogue JSON object for mysticaloaktree:talked23 : Input does not contain a key [type]: MapLike[{}]
[14May2026 17:48:42.043] [Render thread/ERROR] [net.mehvahdjukaar.mysticaloaktree.MysticalOakTree/]: Failed to read tree dialogue JSON object for mysticaloaktree:talked20 : Input does not contain a key [type]: MapLike[{}]
[14May2026 17:48:42.043] [Render thread/ERROR] [net.mehvahdjukaar.mysticaloaktree.MysticalOakTree/]: Failed to read tree dialogue JSON object for mysticaloaktree:talked21 : Input does not contain a key [type]: MapLike[{}]
[14May2026 17:48:42.043] [Render thread/ERROR] [net.mehvahdjukaar.mysticaloaktree.MysticalOakTree/]: Failed to read tree dialogue JSON object for mysticaloaktree:talked198 : Input does not contain a key [type]: MapLike[{}]
[14May2026 17:48:42.043] [Render thread/ERROR] [net.mehvahdjukaar.mysticaloaktree.MysticalOakTree/]: Failed to read tree dialogue JSON object for mysticaloaktree:talked26 : Input does not contain a key [type]: MapLike[{}]
[14May2026 17:48:42.043] [Render thread/ERROR] [net.mehvahdjukaar.mysticaloaktree.MysticalOakTree/]: Failed to read tree dialogue JSON object for mysticaloaktree:talked199 : Input does not contain a key [type]: MapLike[{}]
[14May2026 17:48:42.043] [Render thread/ERROR] [net.mehvahdjukaar.mysticaloaktree.MysticalOakTree/]: Failed to read tree dialogue JSON object for mysticaloaktree:talked27 : Input does not contain a key [type]: MapLike[{}]
[14May2026 17:48:42.043] [Render thread/ERROR] [net.mehvahdjukaar.mysticaloaktree.MysticalOakTree/]: Failed to read tree dialogue JSON object for mysticaloaktree:talked24 : Input does not contain a key [type]: MapLike[{}]
[14May2026 17:48:42.043] [Render thread/ERROR] [net.mehvahdjukaar.mysticaloaktree.MysticalOakTree/]: Failed to read tree dialogue JSON object for mysticaloaktree:talked25 : Input does not contain a key [type]: MapLike[{}]
[14May2026 17:48:42.043] [Render thread/ERROR] [net.mehvahdjukaar.mysticaloaktree.MysticalOakTree/]: Failed to read tree dialogue JSON object for mysticaloaktree:talked29 : Input does not contain a key [type]: MapLike[{}]
[14May2026 17:48:42.043] [Render thread/ERROR] [net.mehvahdjukaar.mysticaloaktree.MysticalOakTree/]: Failed to read tree dialogue JSON object for mysticaloaktree:woken21 : Input does not contain a key [type]: MapLike[{}]
[14May2026 17:48:42.043] [Render thread/ERROR] [net.mehvahdjukaar.mysticaloaktree.MysticalOakTree/]: Failed to read tree dialogue JSON object for mysticaloaktree:woken22 : Input does not contain a key [type]: MapLike[{}]
[14May2026 17:48:42.043] [Render thread/ERROR] [net.mehvahdjukaar.mysticaloaktree.MysticalOakTree/]: Failed to read tree dialogue JSON object for mysticaloaktree:woken20 : Input does not contain a key [type]: MapLike[{}]
[14May2026 17:48:42.043] [Render thread/ERROR] [net.mehvahdjukaar.mysticaloaktree.MysticalOakTree/]: Failed to read tree dialogue JSON object for mysticaloaktree:woken25 : Input does not contain a key [type]: MapLike[{}]
[14May2026 17:48:42.043] [Render thread/ERROR] [net.mehvahdjukaar.mysticaloaktree.MysticalOakTree/]: Failed to read tree dialogue JSON object for mysticaloaktree:woken26 : Input does not contain a key [type]: MapLike[{}]
[14May2026 17:48:42.043] [Render thread/ERROR] [net.mehvahdjukaar.mysticaloaktree.MysticalOakTree/]: Failed to read tree dialogue JSON object for mysticaloaktree:woken23 : Input does not contain a key [type]: MapLike[{}]
[14May2026 17:48:42.043] [Render thread/ERROR] [net.mehvahdjukaar.mysticaloaktree.MysticalOakTree/]: Failed to read tree dialogue JSON object for mysticaloaktree:woken24 : Input does not contain a key [type]: MapLike[{}]
[14May2026 17:48:42.043] [Render thread/ERROR] [net.mehvahdjukaar.mysticaloaktree.MysticalOakTree/]: Failed to read tree dialogue JSON object for mysticaloaktree:woken29 : Input does not contain a key [type]: MapLike[{}]
[14May2026 17:48:42.043] [Render thread/ERROR] [net.mehvahdjukaar.mysticaloaktree.MysticalOakTree/]: Failed to read tree dialogue JSON object for mysticaloaktree:woken27 : Input does not contain a key [type]: MapLike[{}]
[14May2026 17:48:42.043] [Render thread/ERROR] [net.mehvahdjukaar.mysticaloaktree.MysticalOakTree/]: Failed to read tree dialogue JSON object for mysticaloaktree:woken28 : Input does not contain a key [type]: MapLike[{}]
[14May2026 17:48:42.043] [Render thread/ERROR] [net.mehvahdjukaar.mysticaloaktree.MysticalOakTree/]: Failed to read tree dialogue JSON object for mysticaloaktree:talked30 : Input does not contain a key [type]: MapLike[{}]
[14May2026 17:48:42.044] [Render thread/ERROR] [net.mehvahdjukaar.mysticaloaktree.MysticalOakTree/]: Failed to read tree dialogue JSON object for mysticaloaktree:talked33 : Input does not contain a key [type]: MapLike[{}]
[14May2026 17:48:42.044] [Render thread/ERROR] [net.mehvahdjukaar.mysticaloaktree.MysticalOakTree/]: Failed to read tree dialogue JSON object for mysticaloaktree:talked34 : Input does not contain a key [type]: MapLike[{}]
[14May2026 17:48:42.044] [Render thread/ERROR] [net.mehvahdjukaar.mysticaloaktree.MysticalOakTree/]: Failed to read tree dialogue JSON object for mysticaloaktree:talked31 : Input does not contain a key [type]: MapLike[{}]
[14May2026 17:48:42.044] [Render thread/ERROR] [net.mehvahdjukaar.mysticaloaktree.MysticalOakTree/]: Failed to read tree dialogue JSON object for mysticaloaktree:talked32 : Input does not contain a key [type]: MapLike[{}]
[14May2026 17:48:42.044] [Render thread/ERROR] [net.mehvahdjukaar.mysticaloaktree.MysticalOakTree/]: Failed to read tree dialogue JSON object for mysticaloaktree:talked187 : Input does not contain a key [type]: MapLike[{}]
[14May2026 17:48:42.044] [Render thread/ERROR] [net.mehvahdjukaar.mysticaloaktree.MysticalOakTree/]: Failed to read tree dialogue JSON object for mysticaloaktree:talked37 : Input does not contain a key [type]: MapLike[{}]
[14May2026 17:48:42.044] [Render thread/ERROR] [net.mehvahdjukaar.mysticaloaktree.MysticalOakTree/]: Failed to read tree dialogue JSON object for mysticaloaktree:talked188 : Input does not contain a key [type]: MapLike[{}]
[14May2026 17:48:42.044] [Render thread/ERROR] [net.mehvahdjukaar.mysticaloaktree.MysticalOakTree/]: Failed to read tree dialogue JSON object for mysticaloaktree:talked189 : Input does not contain a key [type]: MapLike[{}]
[14May2026 17:48:42.044] [Render thread/ERROR] [net.mehvahdjukaar.mysticaloaktree.MysticalOakTree/]: Failed to read tree dialogue JSON object for mysticaloaktree:talked35 : Input does not contain a key [type]: MapLike[{}]
[14May2026 17:48:42.044] [Render thread/ERROR] [net.mehvahdjukaar.mysticaloaktree.MysticalOakTree/]: Failed to read tree dialogue JSON object for mysticaloaktree:talked36 : Input does not contain a key [type]: MapLike[{}]
[14May2026 17:48:42.044] [Render thread/ERROR] [net.mehvahdjukaar.mysticaloaktree.MysticalOakTree/]: Failed to read tree dialogue JSON object for mysticaloaktree:talked39 : Input does not contain a key [type]: MapLike[{}]
[14May2026 17:48:42.044] [Render thread/ERROR] [net.mehvahdjukaar.mysticaloaktree.MysticalOakTree/]: Failed to read tree dialogue JSON object for mysticaloaktree:talked190 : Input does not contain a key [type]: MapLike[{}]
[14May2026 17:48:42.044] [Render thread/ERROR] [net.mehvahdjukaar.mysticaloaktree.MysticalOakTree/]: Failed to read tree dialogue JSON object for mysticaloaktree:talked191 : Input does not contain a key [type]: MapLike[{}]
[14May2026 17:48:42.044] [Render thread/ERROR] [net.mehvahdjukaar.mysticaloaktree.MysticalOakTree/]: Failed to read tree dialogue JSON object for mysticaloaktree:talked192 : Input does not contain a key [type]: MapLike[{}]
[14May2026 17:48:42.044] [Render thread/ERROR] [net.mehvahdjukaar.mysticaloaktree.MysticalOakTree/]: Failed to read tree dialogue JSON object for mysticaloaktree:talked193 : Input does not contain a key [type]: MapLike[{}]
[14May2026 17:48:42.044] [Render thread/ERROR] [net.mehvahdjukaar.mysticaloaktree.MysticalOakTree/]: Failed to read tree dialogue JSON object for mysticaloaktree:talked194 : Input does not contain a key [type]: MapLike[{}]
[14May2026 17:48:42.044] [Render thread/ERROR] [net.mehvahdjukaar.mysticaloaktree.MysticalOakTree/]: Failed to read tree dialogue JSON object for mysticaloaktree:woken10 : Input does not contain a key [type]: MapLike[{}]
[14May2026 17:48:42.044] [Render thread/ERROR] [net.mehvahdjukaar.mysticaloaktree.MysticalOakTree/]: Failed to read tree dialogue JSON object for mysticaloaktree:talked195 : Input does not contain a key [type]: MapLike[{}]
[14May2026 17:48:42.044] [Render thread/ERROR] [net.mehvahdjukaar.mysticaloaktree.MysticalOakTree/]: Failed to read tree dialogue JSON object for mysticaloaktree:woken11 : Input does not contain a key [type]: MapLike[{}]
[14May2026 17:48:42.044] [Render thread/ERROR] [net.mehvahdjukaar.mysticaloaktree.MysticalOakTree/]: Failed to read tree dialogue JSON object for mysticaloaktree:talked196 : Input does not contain a key [type]: MapLike[{}]
[14May2026 17:48:42.044] [Render thread/ERROR] [net.mehvahdjukaar.mysticaloaktree.MysticalOakTree/]: Failed to read tree dialogue JSON object for mysticaloaktree:talked197 : Input does not contain a key [type]: MapLike[{}]
[14May2026 17:48:42.044] [Render thread/ERROR] [net.mehvahdjukaar.mysticaloaktree.MysticalOakTree/]: Failed to read tree dialogue JSON object for mysticaloaktree:woken14 : Input does not contain a key [type]: MapLike[{}]
[14May2026 17:48:42.044] [Render thread/ERROR] [net.mehvahdjukaar.mysticaloaktree.MysticalOakTree/]: Failed to read tree dialogue JSON object for mysticaloaktree:woken15 : Input does not contain a key [type]: MapLike[{}]
[14May2026 17:48:42.045] [Render thread/ERROR] [net.mehvahdjukaar.mysticaloaktree.MysticalOakTree/]: Failed to read tree dialogue JSON object for mysticaloaktree:woken12 : Input does not contain a key [type]: MapLike[{}]
[14May2026 17:48:42.045] [Render thread/ERROR] [net.mehvahdjukaar.mysticaloaktree.MysticalOakTree/]: Failed to read tree dialogue JSON object for mysticaloaktree:woken13 : Input does not contain a key [type]: MapLike[{}]
[14May2026 17:48:42.045] [Render thread/ERROR] [net.mehvahdjukaar.mysticaloaktree.MysticalOakTree/]: Failed to read tree dialogue JSON object for mysticaloaktree:woken18 : Input does not contain a key [type]: MapLike[{}]
[14May2026 17:48:42.045] [Render thread/ERROR] [net.mehvahdjukaar.mysticaloaktree.MysticalOakTree/]: Failed to read tree dialogue JSON object for mysticaloaktree:woken19 : Input does not contain a key [type]: MapLike[{}]
[14May2026 17:48:42.045] [Render thread/ERROR] [net.mehvahdjukaar.mysticaloaktree.MysticalOakTree/]: Failed to read tree dialogue JSON object for mysticaloaktree:woken16 : Input does not contain a key [type]: MapLike[{}]
[14May2026 17:48:42.045] [Render thread/ERROR] [net.mehvahdjukaar.mysticaloaktree.MysticalOakTree/]: Failed to read tree dialogue JSON object for mysticaloaktree:woken17 : Input does not contain a key [type]: MapLike[{}]
[14May2026 17:48:42.045] [Render thread/ERROR] [net.mehvahdjukaar.mysticaloaktree.MysticalOakTree/]: Failed to read tree dialogue JSON object for mysticaloaktree:talked40 : Input does not contain a key [type]: MapLike[{}]
[14May2026 17:48:42.045] [Render thread/ERROR] [net.mehvahdjukaar.mysticaloaktree.MysticalOakTree/]: Failed to read tree dialogue JSON object for mysticaloaktree:talked41 : Input does not contain a key [type]: MapLike[{}]
[14May2026 17:48:42.045] [Render thread/ERROR] [net.mehvahdjukaar.mysticaloaktree.MysticalOakTree/]: Failed to read tree dialogue JSON object for mysticaloaktree:talked44 : Input does not contain a key [type]: MapLike[{}]
[14May2026 17:48:42.045] [Render thread/ERROR] [net.mehvahdjukaar.mysticaloaktree.MysticalOakTree/]: Failed to read tree dialogue JSON object for mysticaloaktree:talked45 : Input does not contain a key [type]: MapLike[{}]
[14May2026 17:48:42.045] [Render thread/ERROR] [net.mehvahdjukaar.mysticaloaktree.MysticalOakTree/]: Failed to read tree dialogue JSON object for mysticaloaktree:talked42 : Input does not contain a key [type]: MapLike[{}]
[14May2026 17:48:42.045] [Render thread/ERROR] [net.mehvahdjukaar.mysticaloaktree.MysticalOakTree/]: Failed to read tree dialogue JSON object for mysticaloaktree:talked43 : Input does not contain a key [type]: MapLike[{}]
[14May2026 17:48:42.045] [Render thread/ERROR] [net.mehvahdjukaar.mysticaloaktree.MysticalOakTree/]: Failed to read tree dialogue JSON object for mysticaloaktree:talked48 : Input does not contain a key [type]: MapLike[{}]
[14May2026 17:48:42.045] [Render thread/ERROR] [net.mehvahdjukaar.mysticaloaktree.MysticalOakTree/]: Failed to read tree dialogue JSON object for mysticaloaktree:talked49 : Input does not contain a key [type]: MapLike[{}]
[14May2026 17:48:42.045] [Render thread/ERROR] [net.mehvahdjukaar.mysticaloaktree.MysticalOakTree/]: Failed to read tree dialogue JSON object for mysticaloaktree:talked46 : Input does not contain a key [type]: MapLike[{}]
[14May2026 17:48:42.045] [Render thread/ERROR] [net.mehvahdjukaar.mysticaloaktree.MysticalOakTree/]: Failed to read tree dialogue JSON object for mysticaloaktree:talked47 : Input does not contain a key [type]: MapLike[{}]
[14May2026 17:48:42.046] [Render thread/ERROR] [net.mehvahdjukaar.mysticaloaktree.MysticalOakTree/]: Failed to read tree dialogue JSON object for mysticaloaktree:talked51 : Input does not contain a key [type]: MapLike[{}]
[14May2026 17:48:42.046] [Render thread/ERROR] [net.mehvahdjukaar.mysticaloaktree.MysticalOakTree/]: Failed to read tree dialogue JSON object for mysticaloaktree:talked52 : Input does not contain a key [type]: MapLike[{}]
[14May2026 17:48:42.046] [Render thread/ERROR] [net.mehvahdjukaar.mysticaloaktree.MysticalOakTree/]: Failed to read tree dialogue JSON object for mysticaloaktree:talked50 : Input does not contain a key [type]: MapLike[{}]
[14May2026 17:48:42.046] [Render thread/ERROR] [net.mehvahdjukaar.mysticaloaktree.MysticalOakTree/]: Failed to read tree dialogue JSON object for mysticaloaktree:talked55 : Input does not contain a key [type]: MapLike[{}]
[14May2026 17:48:42.046] [Render thread/ERROR] [net.mehvahdjukaar.mysticaloaktree.MysticalOakTree/]: Failed to read tree dialogue JSON object for mysticaloaktree:talked56 : Input does not contain a key [type]: MapLike[{}]
[14May2026 17:48:42.046] [Render thread/ERROR] [net.mehvahdjukaar.mysticaloaktree.MysticalOakTree/]: Failed to read tree dialogue JSON object for mysticaloaktree:talked53 : Input does not contain a key [type]: MapLike[{}]
[14May2026 17:48:42.046] [Render thread/ERROR] [net.mehvahdjukaar.mysticaloaktree.MysticalOakTree/]: Failed to read tree dialogue JSON object for mysticaloaktree:talked54 : Input does not contain a key [type]: MapLike[{}]
[14May2026 17:48:42.046] [Render thread/ERROR] [net.mehvahdjukaar.mysticaloaktree.MysticalOakTree/]: Failed to read tree dialogue JSON object for mysticaloaktree:talked59 : Input does not contain a key [type]: MapLike[{}]
[14May2026 17:48:42.046] [Render thread/ERROR] [net.mehvahdjukaar.mysticaloaktree.MysticalOakTree/]: Failed to read tree dialogue JSON object for mysticaloaktree:talked57 : Input does not contain a key [type]: MapLike[{}]
[14May2026 17:48:42.046] [Render thread/ERROR] [net.mehvahdjukaar.mysticaloaktree.MysticalOakTree/]: Failed to read tree dialogue JSON object for mysticaloaktree:talked58 : Input does not contain a key [type]: MapLike[{}]
[14May2026 17:48:42.046] [Render thread/ERROR] [net.mehvahdjukaar.mysticaloaktree.MysticalOakTree/]: Failed to read tree dialogue JSON object for mysticaloaktree:woken9 : Input does not contain a key [type]: MapLike[{}]
[14May2026 17:48:42.046] [Render thread/ERROR] [net.mehvahdjukaar.mysticaloaktree.MysticalOakTree/]: Failed to read tree dialogue JSON object for mysticaloaktree:woken7 : Input does not contain a key [type]: MapLike[{}]
[14May2026 17:48:42.046] [Render thread/ERROR] [net.mehvahdjukaar.mysticaloaktree.MysticalOakTree/]: Failed to read tree dialogue JSON object for mysticaloaktree:woken8 : Input does not contain a key [type]: MapLike[{}]
[14May2026 17:48:42.046] [Render thread/ERROR] [net.mehvahdjukaar.mysticaloaktree.MysticalOakTree/]: Failed to read tree dialogue JSON object for mysticaloaktree:woken5 : Input does not contain a key [type]: MapLike[{}]
[14May2026 17:48:42.046] [Render thread/ERROR] [net.mehvahdjukaar.mysticaloaktree.MysticalOakTree/]: Failed to read tree dialogue JSON object for mysticaloaktree:woken6 : Input does not contain a key [type]: MapLike[{}]
[14May2026 17:48:42.046] [Render thread/ERROR] [net.mehvahdjukaar.mysticaloaktree.MysticalOakTree/]: Failed to read tree dialogue JSON object for mysticaloaktree:woken3 : Input does not contain a key [type]: MapLike[{}]
[14May2026 17:48:42.046] [Render thread/ERROR] [net.mehvahdjukaar.mysticaloaktree.MysticalOakTree/]: Failed to read tree dialogue JSON object for mysticaloaktree:woken4 : Input does not contain a key [type]: MapLike[{}]
[14May2026 17:48:42.046] [Render thread/ERROR] [net.mehvahdjukaar.mysticaloaktree.MysticalOakTree/]: Failed to read tree dialogue JSON object for mysticaloaktree:woken1 : Input does not contain a key [type]: MapLike[{}]
[14May2026 17:48:42.046] [Render thread/ERROR] [net.mehvahdjukaar.mysticaloaktree.MysticalOakTree/]: Failed to read tree dialogue JSON object for mysticaloaktree:woken2 : Input does not contain a key [type]: MapLike[{}]
[14May2026 17:48:42.046] [Render thread/ERROR] [net.mehvahdjukaar.mysticaloaktree.MysticalOakTree/]: Failed to read tree dialogue JSON object for mysticaloaktree:talked11 : Input does not contain a key [type]: MapLike[{}]
[14May2026 17:48:42.047] [Render thread/ERROR] [net.mehvahdjukaar.mysticaloaktree.MysticalOakTree/]: Failed to read tree dialogue JSON object for mysticaloaktree:talked12 : Input does not contain a key [type]: MapLike[{}]
[14May2026 17:48:42.047] [Render thread/ERROR] [net.mehvahdjukaar.mysticaloaktree.MysticalOakTree/]: Failed to read tree dialogue JSON object for mysticaloaktree:talked10 : Input does not contain a key [type]: MapLike[{}]
[14May2026 17:48:42.047] [Render thread/ERROR] [net.mehvahdjukaar.mysticaloaktree.MysticalOakTree/]: Failed to read tree dialogue JSON object for mysticaloaktree:talked15 : Input does not contain a key [type]: MapLike[{}]
[14May2026 17:48:42.047] [Render thread/ERROR] [net.mehvahdjukaar.mysticaloaktree.MysticalOakTree/]: Failed to read tree dialogue JSON object for mysticaloaktree:talked16 : Input does not contain a key [type]: MapLike[{}]
[14May2026 17:48:42.047] [Render thread/ERROR] [net.mehvahdjukaar.mysticaloaktree.MysticalOakTree/]: Failed to read tree dialogue JSON object for mysticaloaktree:talked13 : Input does not contain a key [type]: MapLike[{}]
[14May2026 17:48:42.047] [Render thread/ERROR] [net.mehvahdjukaar.mysticaloaktree.MysticalOakTree/]: Failed to read tree dialogue JSON object for mysticaloaktree:talked14 : Input does not contain a key [type]: MapLike[{}]
[14May2026 17:48:42.047] [Render thread/ERROR] [net.mehvahdjukaar.mysticaloaktree.MysticalOakTree/]: Failed to read tree dialogue JSON object for mysticaloaktree:talked19 : Input does not contain a key [type]: MapLike[{}]
[14May2026 17:48:42.047] [Render thread/ERROR] [net.mehvahdjukaar.mysticaloaktree.MysticalOakTree/]: Failed to read tree dialogue JSON object for mysticaloaktree:talked17 : Input does not contain a key [type]: MapLike[{}]
[14May2026 17:48:42.047] [Render thread/ERROR] [net.mehvahdjukaar.mysticaloaktree.MysticalOakTree/]: Failed to read tree dialogue JSON object for mysticaloaktree:talked18 : Input does not contain a key [type]: MapLike[{}]
[14May2026 17:48:42.047] [Render thread/ERROR] [net.mehvahdjukaar.mysticaloaktree.MysticalOakTree/]: Failed to read tree dialogue JSON object for mysticaloaktree:woken30 : Input does not contain a key [type]: MapLike[{}]
[14May2026 17:48:42.048] [Forge Version Check/INFO] [net.minecraftforge.fml.VersionChecker/]: [openloader] Found status: BETA Current: 15.0.2 Target: 15.0.2
[14May2026 17:48:42.048] [Render thread/ERROR] [net.mehvahdjukaar.mysticaloaktree.MysticalOakTree/]: Failed to read tree dialogue JSON object for db3k:spoken2 : Not a json array: "..."
[14May2026 17:48:42.049] [Render thread/ERROR] [net.mehvahdjukaar.mysticaloaktree.MysticalOakTree/]: Failed to read tree dialogue JSON object for mysticaloaktree:talked200 : Input does not contain a key [type]: MapLike[{}]
[14May2026 17:48:42.049] [Render thread/ERROR] [net.mehvahdjukaar.mysticaloaktree.MysticalOakTree/]: Failed to read tree dialogue JSON object for mysticaloaktree:talked201 : Input does not contain a key [type]: MapLike[{}]
[14May2026 17:48:42.049] [Render thread/ERROR] [net.mehvahdjukaar.mysticaloaktree.MysticalOakTree/]: Failed to read tree dialogue JSON object for mysticaloaktree:hurt9 : Input does not contain a key [type]: MapLike[{}]
[14May2026 17:48:42.049] [Render thread/ERROR] [net.mehvahdjukaar.mysticaloaktree.MysticalOakTree/]: Failed to read tree dialogue JSON object for mysticaloaktree:hurt8 : Input does not contain a key [type]: MapLike[{}]
[14May2026 17:48:42.049] [Render thread/ERROR] [net.mehvahdjukaar.mysticaloaktree.MysticalOakTree/]: Failed to read tree dialogue JSON object for mysticaloaktree:hurt7 : Input does not contain a key [type]: MapLike[{}]
[14May2026 17:48:42.049] [Render thread/ERROR] [net.mehvahdjukaar.mysticaloaktree.MysticalOakTree/]: Failed to read tree dialogue JSON object for mysticaloaktree:hurt6 : Input does not contain a key [type]: MapLike[{}]
[14May2026 17:48:42.049] [Render thread/ERROR] [net.mehvahdjukaar.mysticaloaktree.MysticalOakTree/]: Failed to read tree dialogue JSON object for mysticaloaktree:hurt5 : Input does not contain a key [type]: MapLike[{}]
[14May2026 17:48:42.049] [Render thread/ERROR] [net.mehvahdjukaar.mysticaloaktree.MysticalOakTree/]: Failed to read tree dialogue JSON object for mysticaloaktree:hurt4 : Input does not contain a key [type]: MapLike[{}]
[14May2026 17:48:42.049] [Render thread/ERROR] [net.mehvahdjukaar.mysticaloaktree.MysticalOakTree/]: Failed to read tree dialogue JSON object for db3k:awoken11 : Not a string: ["Speak up then, I dont have all day!","Oh wait, I do."]
[14May2026 17:48:42.049] [Render thread/ERROR] [net.mehvahdjukaar.mysticaloaktree.MysticalOakTree/]: Failed to read tree dialogue JSON object for mysticaloaktree:hurt3 : Input does not contain a key [type]: MapLike[{}]
[14May2026 17:48:42.049] [Render thread/ERROR] [net.mehvahdjukaar.mysticaloaktree.MysticalOakTree/]: Failed to read tree dialogue JSON object for mysticaloaktree:hurt2 : Input does not contain a key [type]: MapLike[{}]
[14May2026 17:48:42.049] [Render thread/ERROR] [net.mehvahdjukaar.mysticaloaktree.MysticalOakTree/]: Failed to read tree dialogue JSON object for mysticaloaktree:hurt1 : Input does not contain a key [type]: MapLike[{}]
[14May2026 17:48:42.067] [Worker-Main4/INFO] [quark/]: Dispatching Module Step LOAD_COMPLETE
[14May2026 17:48:42.088] [Worker-Main1/ERROR] [ihh.propertymodifier.Logger/]: Could not find item group 
[14May2026 17:48:42.092] [Worker-Main1/ERROR] [ihh.propertymodifier.Logger/]: Could not find rarity  mentioned in entry "test" = 
[14May2026 17:48:42.216] [Worker-Main1/ERROR] [ihh.propertymodifier.Logger/]: Could not find rarity  mentioned in entry "test" = 
[14May2026 17:48:42.223] [Worker-Main1/ERROR] [ihh.propertymodifier.Logger/]: Could not find entity type test
[14May2026 17:48:42.258] [Render thread/INFO] [configured/]: Successfully loaded config provider: com.mrcrayfish.configured.impl.forge.ForgeConfigProvider
[14May2026 17:48:42.258] [Render thread/INFO] [configured/]: Successfully loaded config provider: com.mrcrayfish.configured.impl.simple.SimpleConfigProvider
[14May2026 17:48:42.258] [Render thread/INFO] [configured/]: Creating config GUI factories...
[14May2026 17:48:42.264] [Render thread/INFO] [configured/]: Registering config factory for mod easyanvils. Found 2 config(s)
[14May2026 17:48:42.266] [Render thread/INFO] [configured/]: Registering config factory for mod insanelib. Found 1 config(s)
[14May2026 17:48:42.266] [Render thread/INFO] [configured/]: Registering config factory for mod sereneseasonsfix. Found 1 config(s)
[14May2026 17:48:42.267] [Render thread/INFO] [configured/]: Registering config factory for mod vtweaks. Found 2 config(s)
[14May2026 17:48:42.267] [Render thread/INFO] [configured/]: Registering config factory for mod carryon. Found 2 config(s)
[14May2026 17:48:42.267] [Render thread/INFO] [configured/]: Registering config factory for mod caverns_and_chasms. Found 2 config(s)
[14May2026 17:48:42.268] [Render thread/INFO] [configured/]: Registering config factory for mod oldwalkinganimation. Found 1 config(s)
[14May2026 17:48:42.268] [Render thread/INFO] [configured/]: Registering config factory for mod uneffectual. Found 1 config(s)
[14May2026 17:48:42.268] [Render thread/INFO] [configured/]: Registering config factory for mod throttle. Found 1 config(s)
[14May2026 17:48:42.269] [Render thread/INFO] [configured/]: Registering config factory for mod musicdr. Found 1 config(s)
[14May2026 17:48:42.269] [Render thread/INFO] [configured/]: Registering config factory for mod propertymodifier. Found 1 config(s)
[14May2026 17:48:42.269] [Render thread/INFO] [configured/]: Registering config factory for mod mysticaloaktree. Found 1 config(s)
[14May2026 17:48:42.269] [Render thread/INFO] [configured/]: Registering config factory for mod enhancedai. Found 1 config(s)
[14May2026 17:48:42.270] [Render thread/INFO] [configured/]: Registering config factory for mod fastleafdecay. Found 1 config(s)
[14May2026 17:48:42.270] [Render thread/INFO] [configured/]: Registering config factory for mod controllable. Found 2 config(s)
[14May2026 17:48:42.271] [Render thread/INFO] [configured/]: Registering config factory for mod stylisheffects. Found 1 config(s)
[14May2026 17:48:42.271] [Render thread/INFO] [configured/]: Registering config factory for mod berry_good. Found 1 config(s)
[14May2026 17:48:42.271] [Render thread/INFO] [configured/]: Registering config factory for mod map_atlases. Found 2 config(s)
[14May2026 17:48:42.271] [Render thread/INFO] [configured/]: Registering config factory for mod fallingleaves. Found 1 config(s)
[14May2026 17:48:42.271] [Render thread/INFO] [configured/]: Registering config factory for mod sereneseasons. Found 3 config(s)
[14May2026 17:48:42.272] [Render thread/INFO] [configured/]: Registering config factory for mod configured. Found 2 config(s)
[14May2026 17:48:42.272] [Render thread/INFO] [configured/]: Registering config factory for mod aquifersbegone. Found 1 config(s)
[14May2026 17:48:42.272] [Render thread/INFO] [configured/]: Registering config factory for mod enchantato_loot. Found 1 config(s)
[14May2026 17:48:42.272] [Render thread/INFO] [configured/]: Registering config factory for mod toastcontrol. Found 1 config(s)
[14May2026 17:48:42.272] [Render thread/INFO] [configured/]: Registering config factory for mod blueprint. Found 2 config(s)
[14May2026 17:48:42.272] [Render thread/INFO] [configured/]: Registering config factory for mod watut. Found 2 config(s)
[14May2026 17:48:42.272] [Render thread/INFO] [configured/]: Registering config factory for mod forge. Found 3 config(s)
[14May2026 17:48:42.272] [Render thread/INFO] [configured/]: Registering config factory for mod logbegone. Found 1 config(s)
[14May2026 17:48:42.273] [Render thread/INFO] [configured/]: Registering config factory for mod clash. Found 2 config(s)
[14May2026 17:48:42.273] [Render thread/INFO] [configured/]: Registering config factory for mod coroutil. Found 1 config(s)
[14May2026 17:48:42.274] [Render thread/INFO] [configured/]: Registering config factory for mod heartstone. Found 1 config(s)
[14May2026 17:48:42.274] [Render thread/INFO] [configured/]: Registering config factory for mod screenshot_viewer. Found 1 config(s)
[14May2026 17:48:42.274] [Render thread/INFO] [configured/]: Registering config factory for mod hltweaker. Found 1 config(s)
[14May2026 17:48:42.274] [Render thread/INFO] [configured/]: Registering config factory for mod defaultoptions. Found 1 config(s)
[14May2026 17:48:42.279] [Render thread/INFO] [defaultoptions/]: Loaded default options for keymappings
[14May2026 17:48:44.243] [Render thread/WARN] [net.minecraft.client.sounds.SoundEngine/]: Missing sound for event: minecraft:item.goat_horn.play
[14May2026 17:48:44.244] [Render thread/WARN] [net.minecraft.client.sounds.SoundEngine/]: Missing sound for event: minecraft:entity.goat.screaming.horn_break
[14May2026 17:48:44.244] [Render thread/WARN] [net.minecraft.client.sounds.SoundEngine/]: Missing sound for event: supplementaries:item.wrench.hit
[14May2026 17:48:44.312] [Render thread/INFO] [com.mojang.blaze3d.audio.Library/]: OpenAL initialized on device Built-in Audio Analog Stereo
[14May2026 17:48:44.314] [Render thread/INFO] [net.minecraft.client.sounds.SoundEngine/SOUNDS]: Sound engine started
[14May2026 17:48:44.318] [Render thread/INFO] [net.minecraft.client.sounds.SoundEngine/]: [FANCYMENU] Reloading AudioResourceHandler after Minecraft SoundEngine reload..
[14May2026 17:48:44.563] [Render thread/INFO] [com.teamabnormals.blueprint.core.Blueprint/]: Endimation Loader has loaded 1 endimations
[14May2026 17:48:44.563] [Render thread/INFO] [net.minecraft.client.renderer.texture.TextureAtlas/]: Created: 128x128x0 caverns_and_chasms:textures/atlas/deeper.png-atlas
[14May2026 17:48:44.566] [Render thread/INFO] [quark/]: Dispatching Module Step POST_TEXTURE_STITCH
[14May2026 17:48:44.567] [Render thread/INFO] [net.minecraft.client.renderer.texture.TextureAtlas/]: Created: 2048x1024x0 minecraft:textures/atlas/blocks.png-atlas
[14May2026 17:48:44.590] [Render thread/INFO] [quark/]: Dispatching Module Step POST_TEXTURE_STITCH
[14May2026 17:48:44.620] [Render thread/INFO] [net.minecraft.client.renderer.texture.TextureAtlas/]: Created: 256x128x0 minecraft:textures/atlas/signs.png-atlas
[14May2026 17:48:44.622] [Render thread/INFO] [quark/]: Dispatching Module Step POST_TEXTURE_STITCH
[14May2026 17:48:44.622] [Render thread/INFO] [net.minecraft.client.renderer.texture.TextureAtlas/]: Created: 512x512x0 minecraft:textures/atlas/banner_patterns.png-atlas
[14May2026 17:48:44.624] [Render thread/INFO] [quark/]: Dispatching Module Step POST_TEXTURE_STITCH
[14May2026 17:48:44.625] [Render thread/INFO] [net.minecraft.client.renderer.texture.TextureAtlas/]: Created: 512x512x0 minecraft:textures/atlas/shield_patterns.png-atlas
[14May2026 17:48:44.626] [Render thread/INFO] [quark/]: Dispatching Module Step POST_TEXTURE_STITCH
[14May2026 17:48:44.627] [Render thread/INFO] [net.minecraft.client.renderer.texture.TextureAtlas/]: Created: 1024x512x0 minecraft:textures/atlas/chest.png-atlas
[14May2026 17:48:44.629] [Render thread/INFO] [quark/]: Dispatching Module Step POST_TEXTURE_STITCH
[14May2026 17:48:44.630] [Render thread/INFO] [net.minecraft.client.renderer.texture.TextureAtlas/]: Created: 512x256x0 minecraft:textures/atlas/beds.png-atlas
[14May2026 17:48:44.631] [Render thread/INFO] [quark/]: Dispatching Module Step POST_TEXTURE_STITCH
[14May2026 17:48:44.632] [Render thread/INFO] [net.minecraft.client.renderer.texture.TextureAtlas/]: Created: 512x256x0 minecraft:textures/atlas/shulker_boxes.png-atlas
[14May2026 17:48:44.633] [Render thread/INFO] [quark/]: Dispatching Module Step POST_TEXTURE_STITCH
[14May2026 17:48:45.211] [Render thread/WARN] [net.minecraftforge.client.model.SeparateTransformsModel/]: Model "clash:item/greatblade_perspective_thrum" is using the deprecated loader "forge:separate-perspective" instead of "forge:separate_transforms". This loader will be removed in 1.20.
[14May2026 17:48:45.212] [Render thread/WARN] [net.minecraftforge.client.model.SeparateTransformsModel/]: Model "clash:greatblade#inventory" is using the deprecated loader "forge:separate-perspective" instead of "forge:separate_transforms". This loader will be removed in 1.20.
[14May2026 17:48:45.812] [Render thread/INFO] [CITResewn/]: [citresewn] Linking baked models to CITItems...
[14May2026 17:48:45.815] [Render thread/INFO] [quark/]: Dispatching Module Step MODEL_BAKE
[14May2026 17:48:46.360] [Render thread/INFO] [quark/]: Dispatching Module Step MODEL_LAYERS
[14May2026 17:48:46.470] [Render thread/WARN] [net.minecraft.client.renderer.ShaderInstance/]: Shader rendertype_entity_translucent_emissive could not find sampler named Sampler2 in the specified shader program.
[14May2026 17:48:46.736] [Render thread/WARN] [net.minecraft.client.renderer.ShaderInstance/]: Shader supplementaries:static_noise could not find sampler named Sampler1 in the specified shader program.
[14May2026 17:48:46.741] [Render thread/WARN] [ImmediatelyFast/]: Core shader modifications detected. Temporarily disabling some parts of ImmediatelyFast.
[14May2026 17:48:46.976] [Render thread/INFO] [net.minecraft.client.renderer.texture.TextureAtlas/]: Created: 512x512x0 minecraft:textures/atlas/particles.png-atlas
[14May2026 17:48:46.979] [Render thread/INFO] [quark/]: Dispatching Module Step POST_TEXTURE_STITCH
[14May2026 17:48:46.981] [Render thread/INFO] [net.minecraft.client.renderer.texture.TextureAtlas/]: Created: 512x256x0 minecraft:textures/atlas/paintings.png-atlas
[14May2026 17:48:46.983] [Render thread/INFO] [quark/]: Dispatching Module Step POST_TEXTURE_STITCH
[14May2026 17:48:46.983] [Render thread/INFO] [net.minecraft.client.renderer.texture.TextureAtlas/]: Created: 256x128x0 minecraft:textures/atlas/mob_effects.png-atlas
[14May2026 17:48:46.985] [Render thread/INFO] [quark/]: Dispatching Module Step POST_TEXTURE_STITCH
[14May2026 17:48:46.995] [Render thread/INFO] [MoreCreativeTabs/]: Checking for custom creative tabs
[14May2026 17:48:47.051] [Render thread/INFO] [MoreCreativeTabs/]: Processing minecraft:morecreativetabs/ordered_tabs.json
[14May2026 17:48:47.054] [Render thread/INFO] [MoreCreativeTabs/]: Processing minecraft:morecreativetabs/blocks.json
[14May2026 17:48:47.063] [Render thread/INFO] [MoreCreativeTabs/]: Processing minecraft:morecreativetabs/ordered_tabs.json
[14May2026 17:48:47.065] [Render thread/INFO] [net.minecraft.client.renderer.texture.TextureAtlas/]: Created: 128x64x0 fallingleaves:leaves-atlas
[14May2026 17:48:47.066] [Render thread/INFO] [quark/]: Dispatching Module Step POST_TEXTURE_STITCH
[14May2026 17:48:47.068] [Render thread/INFO] [net.minecraft.client.renderer.texture.TextureAtlas/]: Created: 128x64x0 fallingleaves:leaves-atlas
[14May2026 17:48:47.070] [Render thread/INFO] [quark/]: Dispatching Module Step POST_TEXTURE_STITCH
[14May2026 17:48:47.072] [Render thread/INFO] [com.teamabnormals.blueprint.core.Blueprint/]: Blueprint Splash Manager has loaded 0 splashes
[14May2026 17:48:47.081] [Render thread/INFO] [de.keksuccino.fancymenu.util.resource.ResourceHandlers/]: [FANCYMENU] Reloading resources..
[14May2026 17:48:47.085] [Render thread/INFO] [de.keksuccino.fancymenu.util.resource.preload.ResourcePreLoader/]: [FANCYMENU] Pre-loading resources..
[14May2026 17:48:47.093] [Render thread/INFO] [Entity Texture Features/]: reloading ETF data.
[14May2026 17:48:47.103] [Render thread/INFO] [Entity Texture Features/]: emissive suffixes loaded: {_e}.
[14May2026 17:48:47.104] [Render thread/INFO] [Entity Texture Features/]: emissive suffixes loaded: {_e}.
[14May2026 17:48:47.105] [Render thread/INFO] [de.keksuccino.fancymenu.customization.layer.ScreenCustomizationLayerHandler/]: [FANCYMENU] Minecraft resource reload: FINISHED
[14May2026 17:48:47.123] [Render thread/INFO] [de.keksuccino.fancymenu.customization.layer.ScreenCustomizationLayerHandler/]: [FANCYMENU] ScreenCustomizationLayer registered: mod.adrenix.nostalgic.client.screen.NostalgicTitleScreen
[14May2026 17:48:47.294] [Render thread/ERROR] [ambientsounds/]: Sound engine db3k could not be loaded
[14May2026 17:48:47.295] [Render thread/ERROR] [ambientsounds/]: Not sound engine could be loaded, no sounds will be played!
[14May2026 17:48:47.318] [Render thread/INFO] [quark/]: Dispatching Module Step FIRST_CLIENT_TICK
[14May2026 17:48:49.123] [Render thread/INFO] [EMF/]: [EMF (Entity Model Features)]: Clearing data for reload.
[14May2026 17:48:49.127] [Render thread/ERROR] [net.minecraft.server.packs.AbstractPackResources/]: Couldn't load pack metadata
com.google.gson.JsonParseException: com.google.gson.stream.MalformedJsonException: Unterminated object at line 4 column 9 path $.pack.pack_format
	at net.minecraft.util.GsonHelper.m_13780_(GsonHelper.java:512) ~[client-1.19.2-20220805.130853-srg.jar%23371!/:?]
	at net.minecraft.util.GsonHelper.m_13861_(GsonHelper.java:562) ~[client-1.19.2-20220805.130853-srg.jar%23371!/:?]
	at net.minecraft.util.GsonHelper.m_13859_(GsonHelper.java:570) ~[client-1.19.2-20220805.130853-srg.jar%23371!/:?]
	at net.minecraft.server.packs.AbstractPackResources.m_10214_(AbstractPackResources.java:91) ~[client-1.19.2-20220805.130853-srg.jar%23371!/:?]
	at net.minecraft.server.packs.AbstractPackResources.m_5550_(AbstractPackResources.java:64) ~[client-1.19.2-20220805.130853-srg.jar%23371!/:?]
	at net.minecraft.server.packs.repository.Pack.m_10430_(Pack.java:40) ~[client-1.19.2-20220805.130853-srg.jar%23371!/:?]
	at net.minecraft.server.packs.repository.FolderRepositorySource.m_7686_(FolderRepositorySource.java:40) ~[client-1.19.2-20220805.130853-srg.jar%23371!/:?]
	at net.minecraft.server.packs.repository.PackRepository.m_10526_(PackRepository.java:47) ~[client-1.19.2-20220805.130853-srg.jar%23371!/:?]
	at net.minecraft.server.packs.repository.PackRepository.m_10506_(PackRepository.java:39) ~[client-1.19.2-20220805.130853-srg.jar%23371!/:?]
	at net.minecraft.client.Minecraft.m_168019_(Minecraft.java:844) ~[client-1.19.2-20220805.130853-srg.jar%23371!/:?]
	at net.minecraft.client.Minecraft.m_91391_(Minecraft.java:832) ~[client-1.19.2-20220805.130853-srg.jar%23371!/:?]
	at net.minecraft.client.Minecraft.m_91383_(Minecraft.java:1059) ~[client-1.19.2-20220805.130853-srg.jar%23371!/:?]
	at net.minecraft.client.Minecraft.m_91374_(Minecraft.java:700) ~[client-1.19.2-20220805.130853-srg.jar%23371!/:?]
	at net.minecraft.client.main.Main.m_239872_(Main.java:212) ~[client-1.19.2-20220805.130853-srg.jar%23371!/:?]
	at net.minecraft.client.main.Main.main(Main.java:51) ~[client-1.19.2-20220805.130853-srg.jar%23371!/:?]
	at jdk.internal.reflect.NativeMethodAccessorImpl.invoke0(Native Method) ~[?:?]
	at jdk.internal.reflect.NativeMethodAccessorImpl.invoke(NativeMethodAccessorImpl.java:77) ~[?:?]
	at jdk.internal.reflect.DelegatingMethodAccessorImpl.invoke(DelegatingMethodAccessorImpl.java:43) ~[?:?]
	at java.lang.reflect.Method.invoke(Method.java:569) ~[?:?]
	at net.minecraftforge.fml.loading.targets.CommonClientLaunchHandler.lambda$launchService$0(CommonClientLaunchHandler.java:27) ~[fmlloader-1.19.2-43.5.1.jar%23140!/:?]
	at cpw.mods.modlauncher.LaunchServiceHandlerDecorator.launch(LaunchServiceHandlerDecorator.java:30) [modlauncher-10.0.8.jar%23127!/:?]
	at cpw.mods.modlauncher.LaunchServiceHandler.launch(LaunchServiceHandler.java:53) [modlauncher-10.0.8.jar%23127!/:?]
	at cpw.mods.modlauncher.LaunchServiceHandler.launch(LaunchServiceHandler.java:71) [modlauncher-10.0.8.jar%23127!/:?]
	at cpw.mods.modlauncher.Launcher.run(Launcher.java:106) [modlauncher-10.0.8.jar%23127!/:?]
	at cpw.mods.modlauncher.Launcher.main(Launcher.java:77) [modlauncher-10.0.8.jar%23127!/:?]
	at cpw.mods.modlauncher.BootstrapLaunchConsumer.accept(BootstrapLaunchConsumer.java:26) [modlauncher-10.0.8.jar%23127!/:?]
	at cpw.mods.modlauncher.BootstrapLaunchConsumer.accept(BootstrapLaunchConsumer.java:23) [modlauncher-10.0.8.jar%23127!/:?]
	at cpw.mods.bootstraplauncher.BootstrapLauncher.main(BootstrapLauncher.java:141) [bootstraplauncher-1.1.2.jar:?]
	at jdk.internal.reflect.NativeMethodAccessorImpl.invoke0(Native Method) ~[?:?]
	at jdk.internal.reflect.NativeMethodAccessorImpl.invoke(NativeMethodAccessorImpl.java:77) ~[?:?]
	at jdk.internal.reflect.DelegatingMethodAccessorImpl.invoke(DelegatingMethodAccessorImpl.java:43) ~[?:?]
	at java.lang.reflect.Method.invoke(Method.java:569) ~[?:?]
	at io.github.zekerzhayard.forgewrapper.installer.Main.main(Main.java:67) [ForgeWrapper-prism-2025-12-07.jar:prism-2025-12-07]
	at org.prismlauncher.launcher.impl.StandardLauncher.launch(StandardLauncher.java:105) [NewLaunch.jar:?]
	at org.prismlauncher.EntryPoint.listen(EntryPoint.java:129) [NewLaunch.jar:?]
	at org.prismlauncher.EntryPoint.main(EntryPoint.java:70) [NewLaunch.jar:?]
Caused by: com.google.gson.stream.MalformedJsonException: Unterminated object at line 4 column 9 path $.pack.pack_format
	at com.google.gson.stream.JsonReader.syntaxError(JsonReader.java:1562) ~[gson-2.8.9.jar%23112!/:?]
	at com.google.gson.stream.JsonReader.doPeek(JsonReader.java:490) ~[gson-2.8.9.jar%23112!/:?]
	at com.google.gson.stream.JsonReader.hasNext(JsonReader.java:413) ~[gson-2.8.9.jar%23112!/:?]
	at com.google.gson.internal.bind.TypeAdapters$27.read(TypeAdapters.java:683) ~[gson-2.8.9.jar%23112!/:?]
	at com.google.gson.internal.bind.TypeAdapters$27.read(TypeAdapters.java:684) ~[gson-2.8.9.jar%23112!/:?]
	at com.google.gson.internal.bind.TypeAdapters$27.read(TypeAdapters.java:655) ~[gson-2.8.9.jar%23112!/:?]
	at com.google.gson.internal.bind.TypeAdapters$33$1.read(TypeAdapters.java:866) ~[gson-2.8.9.jar%23112!/:?]
	at net.minecraft.util.GsonHelper.m_13780_(GsonHelper.java:510) ~[client-1.19.2-20220805.130853-srg.jar%23371!/:?]
	... 35 more
[14May2026 17:48:49.128] [Render thread/WARN] [net.minecraft.server.packs.repository.Pack/]: Couldn't find pack meta for pack file/color_filtering
[14May2026 17:48:49.143] [Render thread/INFO] [Open Loader/]: Preparing Resource Pack injection.
[14May2026 17:48:49.144] [Render thread/INFO] [Open Loader/]: Loaded folder Resource Pack from /home/jonas/.local/share/PrismLauncher/instances/DB3K/minecraft/config/openloader/resources/db3k_clouds.
[14May2026 17:48:49.144] [Render thread/INFO] [Open Loader/]: Loaded folder Resource Pack from /home/jonas/.local/share/PrismLauncher/instances/DB3K/minecraft/config/openloader/resources/db3k_cbs.
[14May2026 17:48:49.144] [Render thread/INFO] [Open Loader/]: Loaded archive Resource Pack from /home/jonas/.local/share/PrismLauncher/instances/DB3K/minecraft/config/openloader/resources/db3k_music.zip.
[14May2026 17:48:49.144] [Render thread/INFO] [Open Loader/]: Loaded folder Resource Pack from /home/jonas/.local/share/PrismLauncher/instances/DB3K/minecraft/config/openloader/resources/db3k_ambientloops.
[14May2026 17:48:49.144] [Render thread/INFO] [Open Loader/]: Loaded archive Resource Pack from /home/jonas/.local/share/PrismLauncher/instances/DB3K/minecraft/config/openloader/resources/db3k_cbs.zip.
[14May2026 17:48:49.144] [Render thread/ERROR] [Open Loader/]: Skipping /home/jonas/.local/share/PrismLauncher/instances/DB3K/minecraft/config/openloader/resources/db3k_fog. It is not a valid Resource Pack!
[14May2026 17:48:49.144] [Render thread/WARN] [Open Loader/]: Can not load /home/jonas/.local/share/PrismLauncher/instances/DB3K/minecraft/config/openloader/resources/db3k_fog as an archive. It is not a file.
[14May2026 17:48:49.144] [Render thread/WARN] [Open Loader/]: Can not load /home/jonas/.local/share/PrismLauncher/instances/DB3K/minecraft/config/openloader/resources/db3k_fog as a folder pack. It is missing a pack.mcmeta file!
[14May2026 17:48:49.144] [Render thread/INFO] [Open Loader/]: Loaded folder Resource Pack from /home/jonas/.local/share/PrismLauncher/instances/DB3K/minecraft/config/openloader/resources/db3k_creative.
[14May2026 17:48:49.144] [Render thread/INFO] [Open Loader/]: Loaded archive Resource Pack from /home/jonas/.local/share/PrismLauncher/instances/DB3K/minecraft/config/openloader/resources/db3k_paintings.zip.
[14May2026 17:48:49.144] [Render thread/INFO] [Open Loader/]: Loaded folder Resource Pack from /home/jonas/.local/share/PrismLauncher/instances/DB3K/minecraft/config/openloader/resources/db3k_resources.
[14May2026 17:48:49.145] [Render thread/INFO] [Open Loader/]: Successfully injected 8/9 packs from /home/jonas/.local/share/PrismLauncher/instances/DB3K/minecraft/config/openloader/resources.
[14May2026 17:48:49.146] [Render thread/INFO] [de.keksuccino.fancymenu.customization.layer.ScreenCustomizationLayerHandler/]: [FANCYMENU] Minecraft resource reload: STARTING
[14May2026 17:48:49.147] [Render thread/INFO] [net.minecraft.server.packs.resources.ReloadableResourceManager/]: Reloading ResourceManager: Default, Forgery, Fabrication Grayscale, Supplementaries Generated Pack, Mod Resources, quark-emote-pack, KubeJS Resource Pack [assets], db3k_cbs.zip, db3k_music.zip, db3k_paintings.zip, db3k_resources, db3k_cbs, db3k_creative, db3k_ambientloops, db3k_clouds
[14May2026 17:48:49.335] [Render thread/INFO] [supplementaries/]: Generated runtime CLIENT_RESOURCES for pack Supplementaries Generated Pack in: 177 ms
[14May2026 17:48:49.387] [Worker-Main1/INFO] [quark/]: Dispatching Module Step TEXTURE_STITCH
[14May2026 17:48:49.434] [Worker-Main2/INFO] [quark/]: Dispatching Module Step TEXTURE_STITCH
[14May2026 17:48:49.441] [Worker-Main3/INFO] [quark/]: Dispatching Module Step TEXTURE_STITCH
[14May2026 17:48:49.457] [Worker-Main5/INFO] [quark/]: Dispatching Module Step TEXTURE_STITCH
[14May2026 17:48:49.458] [Worker-Main9/INFO] [CITResewn/]: [citresewn] Clearing active CITs..
[14May2026 17:48:49.459] [Worker-Main9/INFO] [CITResewn/]: [citresewn] Parsing CITs...
[14May2026 17:48:49.614] [Worker-Main9/INFO] [CITResewn/]: [citresewn] Found 3 CITs in db3k_resources
[14May2026 17:48:49.615] [Worker-Main9/INFO] [CITResewn/]: [citresewn] Activating CITs...
[14May2026 17:48:49.615] [Worker-Main9/INFO] [CITResewn/]: [citresewn] Loading CITItem models...
[14May2026 17:48:49.681] [Worker-Main7/WARN] [net.minecraft.client.sounds.SoundManager/]: File minecraft:sounds/item.bow.shoot.ogg does not exist, cannot add it to event minecraft:item.crossbow.shoot
[14May2026 17:48:49.685] [Worker-Main7/WARN] [net.minecraft.client.sounds.SoundManager/]: File minecraft:sounds/item.bow.shoot.ogg does not exist, cannot add it to event minecraft:item.crossbow.shoot
[14May2026 17:48:49.715] [Worker-Main6/INFO] [quark/]: Dispatching Module Step TEXTURE_STITCH
[14May2026 17:48:49.757] [Worker-Main7/INFO] [quark/]: Dispatching Module Step TEXTURE_STITCH
[14May2026 17:48:50.134] [Worker-Main9/WARN] [net.minecraft.client.resources.model.ModelBakery/]: Unable to load model: 'minecraft:block/granite_slab_double' referenced from: minecraft:granite_slab#type=top,waterlogged=true: java.io.FileNotFoundException: minecraft:models/block/granite_slab_double.json
[14May2026 17:48:50.135] [Worker-Main9/WARN] [net.minecraft.client.resources.model.ModelBakery/]: Unable to load model: 'minecraft:block/andesite_slab_double' referenced from: minecraft:andesite_slab#type=top,waterlogged=true: java.io.FileNotFoundException: minecraft:models/block/andesite_slab_double.json
[14May2026 17:48:50.209] [Worker-Main9/WARN] [net.minecraft.client.resources.model.ModelBakery/]: Unable to load model: 'minecraft:block/soul_campfire_off' referenced from: minecraft:soul_campfire#facing=north,lit=true,signal_fire=true,waterlogged=true: java.io.FileNotFoundException: minecraft:models/block/soul_campfire_off.json
[14May2026 17:48:51.596] [Worker-Main9/INFO] [quark/]: Dispatching Module Step REGISTER_ADDITIONAL_MODELS
[14May2026 17:48:51.632] [Worker-Main9/WARN] [net.minecraft.client.resources.model.ModelBakery/]: Unable to load model: 'supplementaries:blocks/wall_lanterns/wall_lantern_lead' referenced from: supplementaries:blocks/wall_lanterns/wall_lantern_lead: java.io.FileNotFoundException: supplementaries:models/blocks/wall_lanterns/wall_lantern_lead.json
[14May2026 17:48:51.633] [Worker-Main9/WARN] [net.minecraft.client.resources.model.ModelBakery/]: Unable to load model: 'supplementaries:blocks/wall_lanterns/wall_lantern_silver' referenced from: supplementaries:blocks/wall_lanterns/wall_lantern_silver: java.io.FileNotFoundException: supplementaries:models/blocks/wall_lanterns/wall_lantern_silver.json
[14May2026 17:48:51.634] [Worker-Main9/WARN] [net.minecraft.client.resources.model.ModelBakery/]: Unable to load model: 'supplementaries:blocks/wall_lanterns/wall_lantern_copper' referenced from: supplementaries:blocks/wall_lanterns/wall_lantern_copper: java.io.FileNotFoundException: supplementaries:models/blocks/wall_lanterns/wall_lantern_copper.json
[14May2026 17:48:51.635] [Worker-Main9/WARN] [net.minecraft.client.resources.model.ModelBakery/]: Unable to load model: 'supplementaries:blocks/wall_lanterns/wall_lantern_brass' referenced from: supplementaries:blocks/wall_lanterns/wall_lantern_brass: java.io.FileNotFoundException: supplementaries:models/blocks/wall_lanterns/wall_lantern_brass.json
[14May2026 17:48:51.637] [Worker-Main9/WARN] [net.minecraft.client.resources.model.ModelBakery/]: Unable to load model: 'supplementaries:blocks/wall_lanterns/wall_lantern_gold' referenced from: supplementaries:blocks/wall_lanterns/wall_lantern_gold: java.io.FileNotFoundException: supplementaries:models/blocks/wall_lanterns/wall_lantern_gold.json
[14May2026 17:48:53.408] [Worker-Main9/WARN] [net.minecraft.client.resources.model.ModelBakery/]: Unable to resolve texture reference: #particle in 
[14May2026 17:48:53.408] [Worker-Main9/WARN] [net.minecraft.client.resources.model.ModelBakery/]: Unable to resolve texture reference: #missing in another_furniture:block/chair/oak_tucked
[14May2026 17:48:53.408] [Worker-Main9/WARN] [net.minecraft.client.resources.model.ModelBakery/]: Unable to resolve texture reference: #missingno in minecraft:builtin/missing
[14May2026 17:48:53.408] [Worker-Main9/WARN] [net.minecraft.client.resources.model.ModelBakery/]: Unable to resolve texture reference: #missing in another_furniture:block/chair/oak
[14May2026 17:48:53.408] [Worker-Main9/WARN] [net.minecraft.client.resources.model.ModelBakery/]: Unable to resolve texture reference: #missing in supplementaries:block/planter
[14May2026 17:48:53.408] [Worker-Main9/WARN] [net.minecraft.client.resources.model.ModelBakery/]: Unable to resolve texture reference: #missing in supplementaries:item/planter
[14May2026 17:48:53.408] [Worker-Main9/WARN] [net.minecraft.client.resources.model.ModelBakery/]: Unable to resolve texture reference: #missing in minecraft:block/soul_torch
[14May2026 17:48:53.411] [Worker-Main9/INFO] [quark/]: Dispatching Module Step TEXTURE_STITCH
[14May2026 17:48:53.412] [Worker-Main4/ERROR] [net.minecraft.client.renderer.texture.TextureAtlas/]: Using missing texture, file kubejs:textures/item/cured_porkchop.png not found
[14May2026 17:48:53.414] [Worker-Main7/ERROR] [net.minecraft.client.renderer.texture.TextureAtlas/]: Using missing texture, file minecraft:textures/block/netherite_block_top.png not found
[14May2026 17:48:53.414] [Worker-Main5/ERROR] [net.minecraft.client.renderer.texture.TextureAtlas/]: Using missing texture, file minecraft:textures/block/prismarine_slab_side.png not found
[14May2026 17:48:53.423] [Worker-Main5/ERROR] [net.minecraft.client.renderer.texture.TextureAtlas/]: Using missing texture, file kubejs:textures/block/substrate.png not found
[14May2026 17:48:53.425] [Worker-Main6/ERROR] [net.minecraft.client.renderer.texture.TextureAtlas/]: Using missing texture, file minecraft:textures/item/rock.png not found
[14May2026 17:48:53.425] [Worker-Main3/ERROR] [net.minecraft.client.renderer.texture.TextureAtlas/]: Using missing texture, file minecraft:textures/item/cured_fish.png not found
[14May2026 17:48:53.428] [Worker-Main7/ERROR] [net.minecraft.client.renderer.texture.TextureAtlas/]: Using missing texture, file kubejs:textures/block/basalt_bricks.png not found
[14May2026 17:48:53.432] [Worker-Main6/ERROR] [net.minecraft.client.renderer.texture.TextureAtlas/]: Using missing texture, file kubejs:textures/block/iron.png not found
[14May2026 17:48:53.434] [Worker-Main7/ERROR] [net.minecraft.client.renderer.texture.TextureAtlas/]: Using missing texture, file minecraft:textures/block/prismarine_slab.png not found
[14May2026 17:48:53.435] [Worker-Main6/ERROR] [net.minecraft.client.renderer.texture.TextureAtlas/]: Using missing texture, file minecraft:textures/block/pumpkin_bottom.png not found
[14May2026 17:48:53.439] [Worker-Main2/ERROR] [net.minecraft.client.renderer.texture.TextureAtlas/]: Using missing texture, file supplementaries:textures/blocks/cork_board.png not found
[14May2026 17:48:53.486] [Worker-Main1/ERROR] [net.minecraft.client.renderer.texture.TextureAtlas/]: Using missing texture, file minecraft:textures/block/netherite_block_side.png not found
[14May2026 17:48:53.487] [Worker-Main1/ERROR] [net.minecraft.client.renderer.texture.TextureAtlas/]: Using missing texture, file quark:textures/block/soulstone.png not found
[14May2026 17:48:53.490] [Worker-Main3/ERROR] [net.minecraft.client.renderer.texture.TextureAtlas/]: Using missing texture, file minecraft:textures/item/player_skull.png not found
[14May2026 17:48:53.491] [Worker-Main7/ERROR] [net.minecraft.client.renderer.texture.TextureAtlas/]: Using missing texture, file minecraft:textures/block/grass_tuft.png not found
[14May2026 17:48:53.499] [Worker-Main3/ERROR] [net.minecraft.client.renderer.texture.TextureAtlas/]: Using missing texture, file supplementaries:textures/blocks/cork_board_full.png not found
[14May2026 17:48:53.502] [Worker-Main4/ERROR] [net.minecraft.client.renderer.texture.TextureAtlas/]: Using missing texture, file supplementaries:textures/blocks/hanging_signs/wood_type.png not found
[14May2026 17:48:53.503] [Worker-Main3/ERROR] [net.minecraft.client.renderer.texture.TextureAtlas/]: Using missing texture, file supplementaries:textures/items/crank.png not found
[14May2026 17:48:53.507] [Worker-Main2/ERROR] [net.minecraft.client.renderer.texture.TextureAtlas/]: Using missing texture, file minecraft:textures/block/blossom_leaves.png not found
[14May2026 17:48:53.508] [Worker-Main6/ERROR] [net.minecraft.client.renderer.texture.TextureAtlas/]: Using missing texture, file supplementaries:textures/blocks/planter_top.png not found
[14May2026 17:48:53.508] [Worker-Main7/ERROR] [net.minecraft.client.renderer.texture.TextureAtlas/]: Using missing texture, file minecraft:textures/log_texture.png not found
[14May2026 17:48:53.509] [Worker-Main3/ERROR] [net.minecraft.client.renderer.texture.TextureAtlas/]: Using missing texture, file minecraft:textures/block/netherite_block_bottom.png not found
[14May2026 17:48:53.512] [Worker-Main2/ERROR] [net.minecraft.client.renderer.texture.TextureAtlas/]: Using missing texture, file minecraft:textures/item/poison_apple.png not found
[14May2026 17:48:53.512] [Worker-Main4/ERROR] [net.minecraft.client.renderer.texture.TextureAtlas/]: Using missing texture, file minecraft:textures/item/cured_porkchop.png not found
[14May2026 17:48:53.513] [Worker-Main2/ERROR] [net.minecraft.client.renderer.texture.TextureAtlas/]: Using missing texture, file quark:textures/block/cyan_mushroom.png not found
[14May2026 17:48:53.515] [Worker-Main4/ERROR] [net.minecraft.client.renderer.texture.TextureAtlas/]: Using missing texture, file kubejs:textures/block/cobblestone_bricks.png not found
[14May2026 17:48:53.518] [Worker-Main3/ERROR] [net.minecraft.client.renderer.texture.TextureAtlas/]: Using missing texture, file supplementaries:textures/blocks/framed_stone.png not found
[14May2026 17:48:53.519] [Worker-Main3/ERROR] [net.minecraft.client.renderer.texture.TextureAtlas/]: Using missing texture, file minecraft:textures/item/red_bed.png not found
[14May2026 17:48:53.520] [Worker-Main6/ERROR] [net.minecraft.client.renderer.texture.TextureAtlas/]: Using missing texture, file minecraft:textures/item/turnip.png not found
[14May2026 17:48:53.525] [Worker-Main2/ERROR] [net.minecraft.client.renderer.texture.TextureAtlas/]: Using missing texture, file kubejs:textures/item/apple_pie.png not found
[14May2026 17:48:53.525] [Worker-Main4/ERROR] [net.minecraft.client.renderer.texture.TextureAtlas/]: Using missing texture, file kubejs:textures/block/rubblestone_bricks.png not found
[14May2026 17:48:53.526] [Worker-Main6/ERROR] [net.minecraft.client.renderer.texture.TextureAtlas/]: Using missing texture, file minecraft:textures/item/golden_apple_notch.png not found
[14May2026 17:48:53.742] [Worker-Main6/WARN] [net.minecraft.client.renderer.texture.TextureAtlasSprite/]: Unused frames in sprite minecraft:block/soul_fire_0: [32, 33, 34, 35, 36, 37, 38, 39, 40, 41, 42, 43, 44, 45, 46, 47, 48, 49, 50, 51, 52, 53, 54, 55, 56, 57, 58, 59, 60, 61, 62, 63, 64, 65, 66, 67, 68, 69, 70, 71, 72, 73, 74, 75, 76, 77, 78, 79, 80, 81, 82, 83, 84, 85, 86, 87, 88, 89, 90, 91, 92, 93, 94, 95, 96, 97, 98, 99, 100, 101, 102, 103, 104, 105, 106, 107, 108, 109, 110, 111, 112, 113, 114, 115, 116, 117, 118, 119, 120, 121, 122, 123, 124, 125, 126, 127, 128, 129, 130, 131, 132, 133, 134, 135, 136, 137, 138, 139, 140, 141, 142, 143, 144, 145, 146, 147, 148, 149, 150, 151, 152, 153, 154, 155, 156, 157, 158, 159, 160, 161, 162, 163, 164, 165, 166, 167, 168, 169, 170, 171, 172, 173, 174, 175, 176, 177, 178, 179, 180, 181, 182, 183, 184, 185, 186, 187, 188, 189, 190, 191, 192, 193, 194, 195, 196, 197, 198, 199, 200, 201, 202, 203, 204, 205, 206, 207, 208, 209, 210, 211, 212, 213, 214, 215, 216, 217, 218, 219, 220, 221, 222, 223, 224, 225, 226, 227, 228, 229, 230, 231, 232, 233, 234, 235, 236, 237, 238, 239, 240, 241, 242, 243, 244, 245, 246, 247, 248, 249, 250, 251, 252, 253, 254, 255, 256, 257, 258, 259, 260, 261, 262, 263, 264, 265, 266, 267, 268, 269, 270, 271, 272, 273, 274, 275, 276, 277, 278, 279, 280, 281, 282, 283, 284, 285, 286, 287, 288, 289, 290, 291, 292, 293, 294, 295, 296, 297]
[14May2026 17:48:53.780] [Worker-Main9/INFO] [quark/]: Dispatching Module Step TEXTURE_STITCH
[14May2026 17:48:53.785] [Worker-Main9/INFO] [quark/]: Dispatching Module Step TEXTURE_STITCH
[14May2026 17:48:53.787] [Worker-Main3/ERROR] [net.minecraft.client.renderer.texture.TextureAtlas/]: Using missing texture, file supplementaries:textures/entity/flags/caverns_and_chasms/abnormals.png not found
[14May2026 17:48:53.797] [Worker-Main9/INFO] [quark/]: Dispatching Module Step TEXTURE_STITCH
[14May2026 17:48:53.807] [Worker-Main9/INFO] [quark/]: Dispatching Module Step TEXTURE_STITCH
[14May2026 17:48:53.816] [Worker-Main9/INFO] [quark/]: Dispatching Module Step TEXTURE_STITCH
[14May2026 17:48:53.821] [Worker-Main9/INFO] [quark/]: Dispatching Module Step TEXTURE_STITCH
[14May2026 17:48:54.645] [Render thread/ERROR] [net.mehvahdjukaar.mysticaloaktree.MysticalOakTree/]: Failed to read tree dialogue JSON object for mysticaloaktree:talked154 : Input does not contain a key [type]: MapLike[{}]
[14May2026 17:48:54.646] [Render thread/ERROR] [net.mehvahdjukaar.mysticaloaktree.MysticalOakTree/]: Failed to read tree dialogue JSON object for mysticaloaktree:talked155 : Input does not contain a key [type]: MapLike[{}]
[14May2026 17:48:54.646] [Render thread/ERROR] [net.mehvahdjukaar.mysticaloaktree.MysticalOakTree/]: Failed to read tree dialogue JSON object for mysticaloaktree:talked156 : Input does not contain a key [type]: MapLike[{}]
[14May2026 17:48:54.646] [Render thread/ERROR] [net.mehvahdjukaar.mysticaloaktree.MysticalOakTree/]: Failed to read tree dialogue JSON object for mysticaloaktree:talked157 : Input does not contain a key [type]: MapLike[{}]
[14May2026 17:48:54.646] [Render thread/ERROR] [net.mehvahdjukaar.mysticaloaktree.MysticalOakTree/]: Failed to read tree dialogue JSON object for mysticaloaktree:talked158 : Input does not contain a key [type]: MapLike[{}]
[14May2026 17:48:54.646] [Render thread/ERROR] [net.mehvahdjukaar.mysticaloaktree.MysticalOakTree/]: Failed to read tree dialogue JSON object for mysticaloaktree:talked159 : Input does not contain a key [type]: MapLike[{}]
[14May2026 17:48:54.646] [Render thread/ERROR] [net.mehvahdjukaar.mysticaloaktree.MysticalOakTree/]: Failed to read tree dialogue JSON object for mysticaloaktree:talked160 : Input does not contain a key [type]: MapLike[{}]
[14May2026 17:48:54.646] [Render thread/ERROR] [net.mehvahdjukaar.mysticaloaktree.MysticalOakTree/]: Failed to read tree dialogue JSON object for mysticaloaktree:talked161 : Input does not contain a key [type]: MapLike[{}]
[14May2026 17:48:54.646] [Render thread/ERROR] [net.mehvahdjukaar.mysticaloaktree.MysticalOakTree/]: Failed to read tree dialogue JSON object for mysticaloaktree:talked162 : Input does not contain a key [type]: MapLike[{}]
[14May2026 17:48:54.646] [Render thread/ERROR] [net.mehvahdjukaar.mysticaloaktree.MysticalOakTree/]: Failed to read tree dialogue JSON object for mysticaloaktree:talked163 : Input does not contain a key [type]: MapLike[{}]
[14May2026 17:48:54.646] [Render thread/ERROR] [net.mehvahdjukaar.mysticaloaktree.MysticalOakTree/]: Failed to read tree dialogue JSON object for mysticaloaktree:talked164 : Input does not contain a key [type]: MapLike[{}]
[14May2026 17:48:54.646] [Render thread/ERROR] [net.mehvahdjukaar.mysticaloaktree.MysticalOakTree/]: Failed to read tree dialogue JSON object for mysticaloaktree:talked143 : Input does not contain a key [type]: MapLike[{}]
[14May2026 17:48:54.646] [Render thread/ERROR] [net.mehvahdjukaar.mysticaloaktree.MysticalOakTree/]: Failed to read tree dialogue JSON object for mysticaloaktree:talked144 : Input does not contain a key [type]: MapLike[{}]
[14May2026 17:48:54.646] [Render thread/ERROR] [net.mehvahdjukaar.mysticaloaktree.MysticalOakTree/]: Failed to read tree dialogue JSON object for mysticaloaktree:talked145 : Input does not contain a key [type]: MapLike[{}]
[14May2026 17:48:54.646] [Render thread/ERROR] [net.mehvahdjukaar.mysticaloaktree.MysticalOakTree/]: Failed to read tree dialogue JSON object for mysticaloaktree:talked146 : Input does not contain a key [type]: MapLike[{}]
[14May2026 17:48:54.646] [Render thread/ERROR] [net.mehvahdjukaar.mysticaloaktree.MysticalOakTree/]: Failed to read tree dialogue JSON object for mysticaloaktree:talked147 : Input does not contain a key [type]: MapLike[{}]
[14May2026 17:48:54.646] [Render thread/ERROR] [net.mehvahdjukaar.mysticaloaktree.MysticalOakTree/]: Failed to read tree dialogue JSON object for mysticaloaktree:talked148 : Input does not contain a key [type]: MapLike[{}]
[14May2026 17:48:54.646] [Render thread/ERROR] [net.mehvahdjukaar.mysticaloaktree.MysticalOakTree/]: Failed to read tree dialogue JSON object for mysticaloaktree:talked149 : Input does not contain a key [type]: MapLike[{}]
[14May2026 17:48:54.646] [Render thread/ERROR] [net.mehvahdjukaar.mysticaloaktree.MysticalOakTree/]: Failed to read tree dialogue JSON object for mysticaloaktree:talked150 : Input does not contain a key [type]: MapLike[{}]
[14May2026 17:48:54.646] [Render thread/ERROR] [net.mehvahdjukaar.mysticaloaktree.MysticalOakTree/]: Failed to read tree dialogue JSON object for mysticaloaktree:talked151 : Input does not contain a key [type]: MapLike[{}]
[14May2026 17:48:54.646] [Render thread/ERROR] [net.mehvahdjukaar.mysticaloaktree.MysticalOakTree/]: Failed to read tree dialogue JSON object for mysticaloaktree:talked153 : Input does not contain a key [type]: MapLike[{}]
[14May2026 17:48:54.646] [Render thread/ERROR] [net.mehvahdjukaar.mysticaloaktree.MysticalOakTree/]: Failed to read tree dialogue JSON object for mysticaloaktree:talked176 : Input does not contain a key [type]: MapLike[{}]
[14May2026 17:48:54.647] [Render thread/ERROR] [net.mehvahdjukaar.mysticaloaktree.MysticalOakTree/]: Failed to read tree dialogue JSON object for mysticaloaktree:talked177 : Input does not contain a key [type]: MapLike[{}]
[14May2026 17:48:54.647] [Render thread/ERROR] [net.mehvahdjukaar.mysticaloaktree.MysticalOakTree/]: Failed to read tree dialogue JSON object for mysticaloaktree:talked178 : Input does not contain a key [type]: MapLike[{}]
[14May2026 17:48:54.647] [Render thread/ERROR] [net.mehvahdjukaar.mysticaloaktree.MysticalOakTree/]: Failed to read tree dialogue JSON object for db3k:awoken2 : Not a string: ["Huh, what was that?","I swear I felt something"]
[14May2026 17:48:54.647] [Render thread/ERROR] [net.mehvahdjukaar.mysticaloaktree.MysticalOakTree/]: Failed to read tree dialogue JSON object for mysticaloaktree:talked179 : Input does not contain a key [type]: MapLike[{}]
[14May2026 17:48:54.647] [Render thread/ERROR] [net.mehvahdjukaar.mysticaloaktree.MysticalOakTree/]: Failed to read tree dialogue JSON object for mysticaloaktree:talked180 : Input does not contain a key [type]: MapLike[{}]
[14May2026 17:48:54.647] [Render thread/ERROR] [net.mehvahdjukaar.mysticaloaktree.MysticalOakTree/]: Failed to read tree dialogue JSON object for mysticaloaktree:talked181 : Input does not contain a key [type]: MapLike[{}]
[14May2026 17:48:54.647] [Render thread/ERROR] [net.mehvahdjukaar.mysticaloaktree.MysticalOakTree/]: Failed to read tree dialogue JSON object for mysticaloaktree:talked182 : Input does not contain a key [type]: MapLike[{}]
[14May2026 17:48:54.647] [Render thread/ERROR] [net.mehvahdjukaar.mysticaloaktree.MysticalOakTree/]: Failed to read tree dialogue JSON object for mysticaloaktree:talked183 : Input does not contain a key [type]: MapLike[{}]
[14May2026 17:48:54.647] [Render thread/ERROR] [net.mehvahdjukaar.mysticaloaktree.MysticalOakTree/]: Failed to read tree dialogue JSON object for mysticaloaktree:talked8 : Input does not contain a key [type]: MapLike[{}]
[14May2026 17:48:54.647] [Render thread/ERROR] [net.mehvahdjukaar.mysticaloaktree.MysticalOakTree/]: Failed to read tree dialogue JSON object for mysticaloaktree:talked184 : Input does not contain a key [type]: MapLike[{}]
[14May2026 17:48:54.647] [Render thread/ERROR] [net.mehvahdjukaar.mysticaloaktree.MysticalOakTree/]: Failed to read tree dialogue JSON object for mysticaloaktree:talked9 : Input does not contain a key [type]: MapLike[{}]
[14May2026 17:48:54.647] [Render thread/ERROR] [net.mehvahdjukaar.mysticaloaktree.MysticalOakTree/]: Failed to read tree dialogue JSON object for mysticaloaktree:talked185 : Input does not contain a key [type]: MapLike[{}]
[14May2026 17:48:54.647] [Render thread/ERROR] [net.mehvahdjukaar.mysticaloaktree.MysticalOakTree/]: Failed to read tree dialogue JSON object for mysticaloaktree:talked186 : Input does not contain a key [type]: MapLike[{}]
[14May2026 17:48:54.647] [Render thread/ERROR] [net.mehvahdjukaar.mysticaloaktree.MysticalOakTree/]: Failed to read tree dialogue JSON object for mysticaloaktree:talked4 : Input does not contain a key [type]: MapLike[{}]
[14May2026 17:48:54.647] [Render thread/ERROR] [net.mehvahdjukaar.mysticaloaktree.MysticalOakTree/]: Failed to read tree dialogue JSON object for mysticaloaktree:talked5 : Input does not contain a key [type]: MapLike[{}]
[14May2026 17:48:54.647] [Render thread/ERROR] [net.mehvahdjukaar.mysticaloaktree.MysticalOakTree/]: Failed to read tree dialogue JSON object for mysticaloaktree:talked6 : Input does not contain a key [type]: MapLike[{}]
[14May2026 17:48:54.647] [Render thread/ERROR] [net.mehvahdjukaar.mysticaloaktree.MysticalOakTree/]: Failed to read tree dialogue JSON object for mysticaloaktree:talked7 : Input does not contain a key [type]: MapLike[{}]
[14May2026 17:48:54.647] [Render thread/ERROR] [net.mehvahdjukaar.mysticaloaktree.MysticalOakTree/]: Failed to read tree dialogue JSON object for mysticaloaktree:talked1 : Input does not contain a key [type]: MapLike[{}]
[14May2026 17:48:54.647] [Render thread/ERROR] [net.mehvahdjukaar.mysticaloaktree.MysticalOakTree/]: Failed to read tree dialogue JSON object for mysticaloaktree:talked2 : Input does not contain a key [type]: MapLike[{}]
[14May2026 17:48:54.647] [Render thread/ERROR] [net.mehvahdjukaar.mysticaloaktree.MysticalOakTree/]: Failed to read tree dialogue JSON object for mysticaloaktree:talked3 : Input does not contain a key [type]: MapLike[{}]
[14May2026 17:48:54.647] [Render thread/ERROR] [net.mehvahdjukaar.mysticaloaktree.MysticalOakTree/]: Failed to read tree dialogue JSON object for mysticaloaktree:talked165 : Input does not contain a key [type]: MapLike[{}]
[14May2026 17:48:54.647] [Render thread/ERROR] [net.mehvahdjukaar.mysticaloaktree.MysticalOakTree/]: Failed to read tree dialogue JSON object for mysticaloaktree:talked166 : Input does not contain a key [type]: MapLike[{}]
[14May2026 17:48:54.647] [Render thread/ERROR] [net.mehvahdjukaar.mysticaloaktree.MysticalOakTree/]: Failed to read tree dialogue JSON object for mysticaloaktree:talked167 : Input does not contain a key [type]: MapLike[{}]
[14May2026 17:48:54.647] [Render thread/ERROR] [net.mehvahdjukaar.mysticaloaktree.MysticalOakTree/]: Failed to read tree dialogue JSON object for mysticaloaktree:talked168 : Input does not contain a key [type]: MapLike[{}]
[14May2026 17:48:54.647] [Render thread/ERROR] [net.mehvahdjukaar.mysticaloaktree.MysticalOakTree/]: Failed to read tree dialogue JSON object for mysticaloaktree:talked169 : Input does not contain a key [type]: MapLike[{}]
[14May2026 17:48:54.647] [Render thread/ERROR] [net.mehvahdjukaar.mysticaloaktree.MysticalOakTree/]: Failed to read tree dialogue JSON object for mysticaloaktree:talked170 : Input does not contain a key [type]: MapLike[{}]
[14May2026 17:48:54.647] [Render thread/ERROR] [net.mehvahdjukaar.mysticaloaktree.MysticalOakTree/]: Failed to read tree dialogue JSON object for mysticaloaktree:talked171 : Input does not contain a key [type]: MapLike[{}]
[14May2026 17:48:54.648] [Render thread/ERROR] [net.mehvahdjukaar.mysticaloaktree.MysticalOakTree/]: Failed to read tree dialogue JSON object for mysticaloaktree:talked172 : Input does not contain a key [type]: MapLike[{}]
[14May2026 17:48:54.648] [Render thread/ERROR] [net.mehvahdjukaar.mysticaloaktree.MysticalOakTree/]: Failed to read tree dialogue JSON object for mysticaloaktree:talked173 : Input does not contain a key [type]: MapLike[{}]
[14May2026 17:48:54.648] [Render thread/ERROR] [net.mehvahdjukaar.mysticaloaktree.MysticalOakTree/]: Failed to read tree dialogue JSON object for mysticaloaktree:talked174 : Input does not contain a key [type]: MapLike[{}]
[14May2026 17:48:54.648] [Render thread/ERROR] [net.mehvahdjukaar.mysticaloaktree.MysticalOakTree/]: Failed to read tree dialogue JSON object for mysticaloaktree:talked175 : Input does not contain a key [type]: MapLike[{}]
[14May2026 17:48:54.648] [Render thread/ERROR] [net.mehvahdjukaar.mysticaloaktree.MysticalOakTree/]: Failed to read tree dialogue JSON object for mysticaloaktree:talked118 : Input does not contain a key [type]: MapLike[{}]
[14May2026 17:48:54.648] [Render thread/ERROR] [net.mehvahdjukaar.mysticaloaktree.MysticalOakTree/]: Failed to read tree dialogue JSON object for mysticaloaktree:talked119 : Input does not contain a key [type]: MapLike[{}]
[14May2026 17:48:54.648] [Render thread/ERROR] [net.mehvahdjukaar.mysticaloaktree.MysticalOakTree/]: Failed to read tree dialogue JSON object for mysticaloaktree:talked110 : Input does not contain a key [type]: MapLike[{}]
[14May2026 17:48:54.648] [Render thread/ERROR] [net.mehvahdjukaar.mysticaloaktree.MysticalOakTree/]: Failed to read tree dialogue JSON object for mysticaloaktree:talked111 : Input does not contain a key [type]: MapLike[{}]
[14May2026 17:48:54.648] [Render thread/ERROR] [net.mehvahdjukaar.mysticaloaktree.MysticalOakTree/]: Failed to read tree dialogue JSON object for mysticaloaktree:talked112 : Input does not contain a key [type]: MapLike[{}]
[14May2026 17:48:54.648] [Render thread/ERROR] [net.mehvahdjukaar.mysticaloaktree.MysticalOakTree/]: Failed to read tree dialogue JSON object for mysticaloaktree:talked113 : Input does not contain a key [type]: MapLike[{}]
[14May2026 17:48:54.648] [Render thread/ERROR] [net.mehvahdjukaar.mysticaloaktree.MysticalOakTree/]: Failed to read tree dialogue JSON object for mysticaloaktree:talked114 : Input does not contain a key [type]: MapLike[{}]
[14May2026 17:48:54.648] [Render thread/ERROR] [net.mehvahdjukaar.mysticaloaktree.MysticalOakTree/]: Failed to read tree dialogue JSON object for mysticaloaktree:talked115 : Input does not contain a key [type]: MapLike[{}]
[14May2026 17:48:54.648] [Render thread/ERROR] [net.mehvahdjukaar.mysticaloaktree.MysticalOakTree/]: Failed to read tree dialogue JSON object for mysticaloaktree:talked116 : Input does not contain a key [type]: MapLike[{}]
[14May2026 17:48:54.648] [Render thread/ERROR] [net.mehvahdjukaar.mysticaloaktree.MysticalOakTree/]: Failed to read tree dialogue JSON object for mysticaloaktree:talked117 : Input does not contain a key [type]: MapLike[{}]
[14May2026 17:48:54.648] [Render thread/ERROR] [net.mehvahdjukaar.mysticaloaktree.MysticalOakTree/]: Failed to read tree dialogue JSON object for mysticaloaktree:talked120 : Input does not contain a key [type]: MapLike[{}]
[14May2026 17:48:54.648] [Render thread/ERROR] [net.mehvahdjukaar.mysticaloaktree.MysticalOakTree/]: Failed to read tree dialogue JSON object for mysticaloaktree:talked107 : Input does not contain a key [type]: MapLike[{}]
[14May2026 17:48:54.648] [Render thread/ERROR] [net.mehvahdjukaar.mysticaloaktree.MysticalOakTree/]: Failed to read tree dialogue JSON object for mysticaloaktree:talked108 : Input does not contain a key [type]: MapLike[{}]
[14May2026 17:48:54.648] [Render thread/ERROR] [net.mehvahdjukaar.mysticaloaktree.MysticalOakTree/]: Failed to read tree dialogue JSON object for mysticaloaktree:talked109 : Input does not contain a key [type]: MapLike[{}]
[14May2026 17:48:54.648] [Render thread/ERROR] [net.mehvahdjukaar.mysticaloaktree.MysticalOakTree/]: Failed to read tree dialogue JSON object for mysticaloaktree:talked100 : Input does not contain a key [type]: MapLike[{}]
[14May2026 17:48:54.648] [Render thread/ERROR] [net.mehvahdjukaar.mysticaloaktree.MysticalOakTree/]: Failed to read tree dialogue JSON object for mysticaloaktree:talked101 : Input does not contain a key [type]: MapLike[{}]
[14May2026 17:48:54.648] [Render thread/ERROR] [net.mehvahdjukaar.mysticaloaktree.MysticalOakTree/]: Failed to read tree dialogue JSON object for mysticaloaktree:talked102 : Input does not contain a key [type]: MapLike[{}]
[14May2026 17:48:54.649] [Render thread/ERROR] [net.mehvahdjukaar.mysticaloaktree.MysticalOakTree/]: Failed to read tree dialogue JSON object for mysticaloaktree:talked103 : Input does not contain a key [type]: MapLike[{}]
[14May2026 17:48:54.649] [Render thread/ERROR] [net.mehvahdjukaar.mysticaloaktree.MysticalOakTree/]: Failed to read tree dialogue JSON object for mysticaloaktree:talked104 : Input does not contain a key [type]: MapLike[{}]
[14May2026 17:48:54.649] [Render thread/ERROR] [net.mehvahdjukaar.mysticaloaktree.MysticalOakTree/]: Failed to read tree dialogue JSON object for mysticaloaktree:talked105 : Input does not contain a key [type]: MapLike[{}]
[14May2026 17:48:54.649] [Render thread/ERROR] [net.mehvahdjukaar.mysticaloaktree.MysticalOakTree/]: Failed to read tree dialogue JSON object for mysticaloaktree:talked106 : Input does not contain a key [type]: MapLike[{}]
[14May2026 17:48:54.649] [Render thread/ERROR] [net.mehvahdjukaar.mysticaloaktree.MysticalOakTree/]: Failed to read tree dialogue JSON object for mysticaloaktree:hurt61 : Input does not contain a key [type]: MapLike[{}]
[14May2026 17:48:54.649] [Render thread/ERROR] [net.mehvahdjukaar.mysticaloaktree.MysticalOakTree/]: Failed to read tree dialogue JSON object for mysticaloaktree:hurt60 : Input does not contain a key [type]: MapLike[{}]
[14May2026 17:48:54.649] [Render thread/ERROR] [net.mehvahdjukaar.mysticaloaktree.MysticalOakTree/]: Failed to read tree dialogue JSON object for mysticaloaktree:hurt62 : Input does not contain a key [type]: MapLike[{}]
[14May2026 17:48:54.649] [Render thread/ERROR] [net.mehvahdjukaar.mysticaloaktree.MysticalOakTree/]: Failed to read tree dialogue JSON object for mysticaloaktree:talked132 : Input does not contain a key [type]: MapLike[{}]
[14May2026 17:48:54.649] [Render thread/ERROR] [net.mehvahdjukaar.mysticaloaktree.MysticalOakTree/]: Failed to read tree dialogue JSON object for mysticaloaktree:talked133 : Input does not contain a key [type]: MapLike[{}]
[14May2026 17:48:54.649] [Render thread/ERROR] [net.mehvahdjukaar.mysticaloaktree.MysticalOakTree/]: Failed to read tree dialogue JSON object for mysticaloaktree:talked134 : Input does not contain a key [type]: MapLike[{}]
[14May2026 17:48:54.649] [Render thread/ERROR] [net.mehvahdjukaar.mysticaloaktree.MysticalOakTree/]: Failed to read tree dialogue JSON object for mysticaloaktree:talked135 : Input does not contain a key [type]: MapLike[{}]
[14May2026 17:48:54.649] [Render thread/ERROR] [net.mehvahdjukaar.mysticaloaktree.MysticalOakTree/]: Failed to read tree dialogue JSON object for mysticaloaktree:talked136 : Input does not contain a key [type]: MapLike[{}]
[14May2026 17:48:54.649] [Render thread/ERROR] [net.mehvahdjukaar.mysticaloaktree.MysticalOakTree/]: Failed to read tree dialogue JSON object for mysticaloaktree:talked137 : Input does not contain a key [type]: MapLike[{}]
[14May2026 17:48:54.649] [Render thread/ERROR] [net.mehvahdjukaar.mysticaloaktree.MysticalOakTree/]: Failed to read tree dialogue JSON object for mysticaloaktree:talked138 : Input does not contain a key [type]: MapLike[{}]
[14May2026 17:48:54.649] [Render thread/ERROR] [net.mehvahdjukaar.mysticaloaktree.MysticalOakTree/]: Failed to read tree dialogue JSON object for mysticaloaktree:talked139 : Input does not contain a key [type]: MapLike[{}]
[14May2026 17:48:54.649] [Render thread/ERROR] [net.mehvahdjukaar.mysticaloaktree.MysticalOakTree/]: Failed to read tree dialogue JSON object for mysticaloaktree:hurt58 : Input does not contain a key [type]: MapLike[{}]
[14May2026 17:48:54.649] [Render thread/ERROR] [net.mehvahdjukaar.mysticaloaktree.MysticalOakTree/]: Failed to read tree dialogue JSON object for mysticaloaktree:hurt57 : Input does not contain a key [type]: MapLike[{}]
[14May2026 17:48:54.649] [Render thread/ERROR] [net.mehvahdjukaar.mysticaloaktree.MysticalOakTree/]: Failed to read tree dialogue JSON object for mysticaloaktree:hurt59 : Input does not contain a key [type]: MapLike[{}]
[14May2026 17:48:54.649] [Render thread/ERROR] [net.mehvahdjukaar.mysticaloaktree.MysticalOakTree/]: Failed to read tree dialogue JSON object for mysticaloaktree:hurt54 : Input does not contain a key [type]: MapLike[{}]
[14May2026 17:48:54.649] [Render thread/ERROR] [net.mehvahdjukaar.mysticaloaktree.MysticalOakTree/]: Failed to read tree dialogue JSON object for mysticaloaktree:hurt53 : Input does not contain a key [type]: MapLike[{}]
[14May2026 17:48:54.649] [Render thread/ERROR] [net.mehvahdjukaar.mysticaloaktree.MysticalOakTree/]: Failed to read tree dialogue JSON object for mysticaloaktree:talked140 : Input does not contain a key [type]: MapLike[{}]
[14May2026 17:48:54.649] [Render thread/ERROR] [net.mehvahdjukaar.mysticaloaktree.MysticalOakTree/]: Failed to read tree dialogue JSON object for mysticaloaktree:hurt56 : Input does not contain a key [type]: MapLike[{}]
[14May2026 17:48:54.649] [Render thread/ERROR] [net.mehvahdjukaar.mysticaloaktree.MysticalOakTree/]: Failed to read tree dialogue JSON object for mysticaloaktree:talked141 : Input does not contain a key [type]: MapLike[{}]
[14May2026 17:48:54.649] [Render thread/ERROR] [net.mehvahdjukaar.mysticaloaktree.MysticalOakTree/]: Failed to read tree dialogue JSON object for mysticaloaktree:hurt55 : Input does not contain a key [type]: MapLike[{}]
[14May2026 17:48:54.649] [Render thread/ERROR] [net.mehvahdjukaar.mysticaloaktree.MysticalOakTree/]: Failed to read tree dialogue JSON object for mysticaloaktree:talked142 : Input does not contain a key [type]: MapLike[{}]
[14May2026 17:48:54.649] [Render thread/ERROR] [net.mehvahdjukaar.mysticaloaktree.MysticalOakTree/]: Failed to read tree dialogue JSON object for mysticaloaktree:hurt50 : Input does not contain a key [type]: MapLike[{}]
[14May2026 17:48:54.649] [Render thread/ERROR] [net.mehvahdjukaar.mysticaloaktree.MysticalOakTree/]: Failed to read tree dialogue JSON object for mysticaloaktree:hurt52 : Input does not contain a key [type]: MapLike[{}]
[14May2026 17:48:54.649] [Render thread/ERROR] [net.mehvahdjukaar.mysticaloaktree.MysticalOakTree/]: Failed to read tree dialogue JSON object for mysticaloaktree:hurt51 : Input does not contain a key [type]: MapLike[{}]
[14May2026 17:48:54.649] [Render thread/ERROR] [net.mehvahdjukaar.mysticaloaktree.MysticalOakTree/]: Failed to read tree dialogue JSON object for mysticaloaktree:talked129 : Input does not contain a key [type]: MapLike[{}]
[14May2026 17:48:54.650] [Render thread/ERROR] [net.mehvahdjukaar.mysticaloaktree.MysticalOakTree/]: Failed to read tree dialogue JSON object for mysticaloaktree:talked121 : Input does not contain a key [type]: MapLike[{}]
[14May2026 17:48:54.650] [Render thread/ERROR] [net.mehvahdjukaar.mysticaloaktree.MysticalOakTree/]: Failed to read tree dialogue JSON object for mysticaloaktree:talked122 : Input does not contain a key [type]: MapLike[{}]
[14May2026 17:48:54.650] [Render thread/ERROR] [net.mehvahdjukaar.mysticaloaktree.MysticalOakTree/]: Failed to read tree dialogue JSON object for mysticaloaktree:talked123 : Input does not contain a key [type]: MapLike[{}]
[14May2026 17:48:54.650] [Render thread/ERROR] [net.mehvahdjukaar.mysticaloaktree.MysticalOakTree/]: Failed to read tree dialogue JSON object for mysticaloaktree:talked124 : Input does not contain a key [type]: MapLike[{}]
[14May2026 17:48:54.650] [Render thread/ERROR] [net.mehvahdjukaar.mysticaloaktree.MysticalOakTree/]: Failed to read tree dialogue JSON object for mysticaloaktree:talked125 : Input does not contain a key [type]: MapLike[{}]
[14May2026 17:48:54.650] [Render thread/ERROR] [net.mehvahdjukaar.mysticaloaktree.MysticalOakTree/]: Failed to read tree dialogue JSON object for mysticaloaktree:talked126 : Input does not contain a key [type]: MapLike[{}]
[14May2026 17:48:54.650] [Render thread/ERROR] [net.mehvahdjukaar.mysticaloaktree.MysticalOakTree/]: Failed to read tree dialogue JSON object for mysticaloaktree:talked127 : Input does not contain a key [type]: MapLike[{}]
[14May2026 17:48:54.650] [Render thread/ERROR] [net.mehvahdjukaar.mysticaloaktree.MysticalOakTree/]: Failed to read tree dialogue JSON object for mysticaloaktree:talked128 : Input does not contain a key [type]: MapLike[{}]
[14May2026 17:48:54.650] [Render thread/ERROR] [net.mehvahdjukaar.mysticaloaktree.MysticalOakTree/]: Failed to read tree dialogue JSON object for mysticaloaktree:hurt47 : Input does not contain a key [type]: MapLike[{}]
[14May2026 17:48:54.650] [Render thread/ERROR] [net.mehvahdjukaar.mysticaloaktree.MysticalOakTree/]: Failed to read tree dialogue JSON object for mysticaloaktree:hurt46 : Input does not contain a key [type]: MapLike[{}]
[14May2026 17:48:54.650] [Render thread/ERROR] [net.mehvahdjukaar.mysticaloaktree.MysticalOakTree/]: Failed to read tree dialogue JSON object for mysticaloaktree:hurt49 : Input does not contain a key [type]: MapLike[{}]
[14May2026 17:48:54.650] [Render thread/ERROR] [net.mehvahdjukaar.mysticaloaktree.MysticalOakTree/]: Failed to read tree dialogue JSON object for mysticaloaktree:hurt48 : Input does not contain a key [type]: MapLike[{}]
[14May2026 17:48:54.650] [Render thread/ERROR] [net.mehvahdjukaar.mysticaloaktree.MysticalOakTree/]: Failed to read tree dialogue JSON object for mysticaloaktree:hurt43 : Input does not contain a key [type]: MapLike[{}]
[14May2026 17:48:54.650] [Render thread/ERROR] [net.mehvahdjukaar.mysticaloaktree.MysticalOakTree/]: Failed to read tree dialogue JSON object for mysticaloaktree:hurt42 : Input does not contain a key [type]: MapLike[{}]
[14May2026 17:48:54.650] [Render thread/ERROR] [net.mehvahdjukaar.mysticaloaktree.MysticalOakTree/]: Failed to read tree dialogue JSON object for mysticaloaktree:hurt45 : Input does not contain a key [type]: MapLike[{}]
[14May2026 17:48:54.650] [Render thread/ERROR] [net.mehvahdjukaar.mysticaloaktree.MysticalOakTree/]: Failed to read tree dialogue JSON object for mysticaloaktree:talked130 : Input does not contain a key [type]: MapLike[{}]
[14May2026 17:48:54.650] [Render thread/ERROR] [net.mehvahdjukaar.mysticaloaktree.MysticalOakTree/]: Failed to read tree dialogue JSON object for mysticaloaktree:hurt44 : Input does not contain a key [type]: MapLike[{}]
[14May2026 17:48:54.650] [Render thread/ERROR] [net.mehvahdjukaar.mysticaloaktree.MysticalOakTree/]: Failed to read tree dialogue JSON object for mysticaloaktree:talked131 : Input does not contain a key [type]: MapLike[{}]
[14May2026 17:48:54.650] [Render thread/ERROR] [net.mehvahdjukaar.mysticaloaktree.MysticalOakTree/]: Failed to read tree dialogue JSON object for mysticaloaktree:hurt41 : Input does not contain a key [type]: MapLike[{}]
[14May2026 17:48:54.650] [Render thread/ERROR] [net.mehvahdjukaar.mysticaloaktree.MysticalOakTree/]: Failed to read tree dialogue JSON object for mysticaloaktree:hurt40 : Input does not contain a key [type]: MapLike[{}]
[14May2026 17:48:54.650] [Render thread/ERROR] [net.mehvahdjukaar.mysticaloaktree.MysticalOakTree/]: Failed to read tree dialogue JSON object for mysticaloaktree:talked62 : Input does not contain a key [type]: MapLike[{}]
[14May2026 17:48:54.650] [Render thread/ERROR] [net.mehvahdjukaar.mysticaloaktree.MysticalOakTree/]: Failed to read tree dialogue JSON object for mysticaloaktree:talked60 : Input does not contain a key [type]: MapLike[{}]
[14May2026 17:48:54.650] [Render thread/ERROR] [net.mehvahdjukaar.mysticaloaktree.MysticalOakTree/]: Failed to read tree dialogue JSON object for mysticaloaktree:talked61 : Input does not contain a key [type]: MapLike[{}]
[14May2026 17:48:54.650] [Render thread/ERROR] [net.mehvahdjukaar.mysticaloaktree.MysticalOakTree/]: Failed to read tree dialogue JSON object for mysticaloaktree:talked66 : Input does not contain a key [type]: MapLike[{}]
[14May2026 17:48:54.650] [Render thread/ERROR] [net.mehvahdjukaar.mysticaloaktree.MysticalOakTree/]: Failed to read tree dialogue JSON object for mysticaloaktree:talked67 : Input does not contain a key [type]: MapLike[{}]
[14May2026 17:48:54.650] [Render thread/ERROR] [net.mehvahdjukaar.mysticaloaktree.MysticalOakTree/]: Failed to read tree dialogue JSON object for mysticaloaktree:talked64 : Input does not contain a key [type]: MapLike[{}]
[14May2026 17:48:54.650] [Render thread/ERROR] [net.mehvahdjukaar.mysticaloaktree.MysticalOakTree/]: Failed to read tree dialogue JSON object for mysticaloaktree:talked65 : Input does not contain a key [type]: MapLike[{}]
[14May2026 17:48:54.651] [Render thread/ERROR] [net.mehvahdjukaar.mysticaloaktree.MysticalOakTree/]: Failed to read tree dialogue JSON object for mysticaloaktree:talked68 : Input does not contain a key [type]: MapLike[{}]
[14May2026 17:48:54.651] [Render thread/ERROR] [net.mehvahdjukaar.mysticaloaktree.MysticalOakTree/]: Failed to read tree dialogue JSON object for mysticaloaktree:talked69 : Input does not contain a key [type]: MapLike[{}]
[14May2026 17:48:54.651] [Render thread/ERROR] [net.mehvahdjukaar.mysticaloaktree.MysticalOakTree/]: Failed to read tree dialogue JSON object for mysticaloaktree:hurt39 : Input does not contain a key [type]: MapLike[{}]
[14May2026 17:48:54.651] [Render thread/ERROR] [net.mehvahdjukaar.mysticaloaktree.MysticalOakTree/]: Failed to read tree dialogue JSON object for mysticaloaktree:hurt36 : Input does not contain a key [type]: MapLike[{}]
[14May2026 17:48:54.651] [Render thread/ERROR] [net.mehvahdjukaar.mysticaloaktree.MysticalOakTree/]: Failed to read tree dialogue JSON object for mysticaloaktree:hurt35 : Input does not contain a key [type]: MapLike[{}]
[14May2026 17:48:54.651] [Render thread/ERROR] [net.mehvahdjukaar.mysticaloaktree.MysticalOakTree/]: Failed to read tree dialogue JSON object for mysticaloaktree:hurt37 : Input does not contain a key [type]: MapLike[{}]
[14May2026 17:48:54.651] [Render thread/ERROR] [net.mehvahdjukaar.mysticaloaktree.MysticalOakTree/]: Failed to read tree dialogue JSON object for mysticaloaktree:hurt32 : Input does not contain a key [type]: MapLike[{}]
[14May2026 17:48:54.651] [Render thread/ERROR] [net.mehvahdjukaar.mysticaloaktree.MysticalOakTree/]: Failed to read tree dialogue JSON object for mysticaloaktree:hurt31 : Input does not contain a key [type]: MapLike[{}]
[14May2026 17:48:54.651] [Render thread/ERROR] [net.mehvahdjukaar.mysticaloaktree.MysticalOakTree/]: Failed to read tree dialogue JSON object for mysticaloaktree:hurt34 : Input does not contain a key [type]: MapLike[{}]
[14May2026 17:48:54.651] [Render thread/ERROR] [net.mehvahdjukaar.mysticaloaktree.MysticalOakTree/]: Failed to read tree dialogue JSON object for mysticaloaktree:hurt33 : Input does not contain a key [type]: MapLike[{}]
[14May2026 17:48:54.651] [Render thread/ERROR] [net.mehvahdjukaar.mysticaloaktree.MysticalOakTree/]: Failed to read tree dialogue JSON object for mysticaloaktree:hurt30 : Input does not contain a key [type]: MapLike[{}]
[14May2026 17:48:54.651] [Render thread/ERROR] [net.mehvahdjukaar.mysticaloaktree.MysticalOakTree/]: Failed to read tree dialogue JSON object for mysticaloaktree:talked70 : Input does not contain a key [type]: MapLike[{}]
[14May2026 17:48:54.651] [Render thread/ERROR] [net.mehvahdjukaar.mysticaloaktree.MysticalOakTree/]: Failed to read tree dialogue JSON object for mysticaloaktree:talked73 : Input does not contain a key [type]: MapLike[{}]
[14May2026 17:48:54.651] [Render thread/ERROR] [net.mehvahdjukaar.mysticaloaktree.MysticalOakTree/]: Failed to read tree dialogue JSON object for mysticaloaktree:talked74 : Input does not contain a key [type]: MapLike[{}]
[14May2026 17:48:54.651] [Render thread/ERROR] [net.mehvahdjukaar.mysticaloaktree.MysticalOakTree/]: Failed to read tree dialogue JSON object for mysticaloaktree:talked71 : Input does not contain a key [type]: MapLike[{}]
[14May2026 17:48:54.651] [Render thread/ERROR] [net.mehvahdjukaar.mysticaloaktree.MysticalOakTree/]: Failed to read tree dialogue JSON object for mysticaloaktree:talked72 : Input does not contain a key [type]: MapLike[{}]
[14May2026 17:48:54.651] [Render thread/ERROR] [net.mehvahdjukaar.mysticaloaktree.MysticalOakTree/]: Failed to read tree dialogue JSON object for mysticaloaktree:talked77 : Input does not contain a key [type]: MapLike[{}]
[14May2026 17:48:54.651] [Render thread/ERROR] [net.mehvahdjukaar.mysticaloaktree.MysticalOakTree/]: Failed to read tree dialogue JSON object for mysticaloaktree:talked78 : Input does not contain a key [type]: MapLike[{}]
[14May2026 17:48:54.651] [Render thread/ERROR] [net.mehvahdjukaar.mysticaloaktree.MysticalOakTree/]: Failed to read tree dialogue JSON object for mysticaloaktree:talked75 : Input does not contain a key [type]: MapLike[{}]
[14May2026 17:48:54.651] [Render thread/ERROR] [net.mehvahdjukaar.mysticaloaktree.MysticalOakTree/]: Failed to read tree dialogue JSON object for mysticaloaktree:talked79 : Input does not contain a key [type]: MapLike[{}]
[14May2026 17:48:54.651] [Render thread/ERROR] [net.mehvahdjukaar.mysticaloaktree.MysticalOakTree/]: Failed to read tree dialogue JSON object for mysticaloaktree:hurt29 : Input does not contain a key [type]: MapLike[{}]
[14May2026 17:48:54.651] [Render thread/ERROR] [net.mehvahdjukaar.mysticaloaktree.MysticalOakTree/]: Failed to read tree dialogue JSON object for mysticaloaktree:hurt28 : Input does not contain a key [type]: MapLike[{}]
[14May2026 17:48:54.651] [Render thread/ERROR] [net.mehvahdjukaar.mysticaloaktree.MysticalOakTree/]: Failed to read tree dialogue JSON object for mysticaloaktree:hurt25 : Input does not contain a key [type]: MapLike[{}]
[14May2026 17:48:54.651] [Render thread/ERROR] [net.mehvahdjukaar.mysticaloaktree.MysticalOakTree/]: Failed to read tree dialogue JSON object for mysticaloaktree:hurt24 : Input does not contain a key [type]: MapLike[{}]
[14May2026 17:48:54.651] [Render thread/ERROR] [net.mehvahdjukaar.mysticaloaktree.MysticalOakTree/]: Failed to read tree dialogue JSON object for mysticaloaktree:hurt27 : Input does not contain a key [type]: MapLike[{}]
[14May2026 17:48:54.651] [Render thread/ERROR] [net.mehvahdjukaar.mysticaloaktree.MysticalOakTree/]: Failed to read tree dialogue JSON object for mysticaloaktree:hurt26 : Input does not contain a key [type]: MapLike[{}]
[14May2026 17:48:54.651] [Render thread/ERROR] [net.mehvahdjukaar.mysticaloaktree.MysticalOakTree/]: Failed to read tree dialogue JSON object for mysticaloaktree:hurt21 : Input does not contain a key [type]: MapLike[{}]
[14May2026 17:48:54.651] [Render thread/ERROR] [net.mehvahdjukaar.mysticaloaktree.MysticalOakTree/]: Failed to read tree dialogue JSON object for mysticaloaktree:hurt20 : Input does not contain a key [type]: MapLike[{}]
[14May2026 17:48:54.651] [Render thread/ERROR] [net.mehvahdjukaar.mysticaloaktree.MysticalOakTree/]: Failed to read tree dialogue JSON object for mysticaloaktree:hurt23 : Input does not contain a key [type]: MapLike[{}]
[14May2026 17:48:54.651] [Render thread/ERROR] [net.mehvahdjukaar.mysticaloaktree.MysticalOakTree/]: Failed to read tree dialogue JSON object for mysticaloaktree:hurt22 : Input does not contain a key [type]: MapLike[{}]
[14May2026 17:48:54.651] [Render thread/ERROR] [net.mehvahdjukaar.mysticaloaktree.MysticalOakTree/]: Failed to read tree dialogue JSON object for mysticaloaktree:talked80 : Input does not contain a key [type]: MapLike[{}]
[14May2026 17:48:54.651] [Render thread/ERROR] [net.mehvahdjukaar.mysticaloaktree.MysticalOakTree/]: Failed to read tree dialogue JSON object for mysticaloaktree:talked81 : Input does not contain a key [type]: MapLike[{}]
[14May2026 17:48:54.651] [Render thread/ERROR] [net.mehvahdjukaar.mysticaloaktree.MysticalOakTree/]: Failed to read tree dialogue JSON object for mysticaloaktree:talked84 : Input does not contain a key [type]: MapLike[{}]
[14May2026 17:48:54.651] [Render thread/ERROR] [net.mehvahdjukaar.mysticaloaktree.MysticalOakTree/]: Failed to read tree dialogue JSON object for mysticaloaktree:talked85 : Input does not contain a key [type]: MapLike[{}]
[14May2026 17:48:54.652] [Render thread/ERROR] [net.mehvahdjukaar.mysticaloaktree.MysticalOakTree/]: Failed to read tree dialogue JSON object for mysticaloaktree:talked82 : Input does not contain a key [type]: MapLike[{}]
[14May2026 17:48:54.652] [Render thread/ERROR] [net.mehvahdjukaar.mysticaloaktree.MysticalOakTree/]: Failed to read tree dialogue JSON object for mysticaloaktree:talked83 : Input does not contain a key [type]: MapLike[{}]
[14May2026 17:48:54.652] [Render thread/ERROR] [net.mehvahdjukaar.mysticaloaktree.MysticalOakTree/]: Failed to read tree dialogue JSON object for mysticaloaktree:talked88 : Input does not contain a key [type]: MapLike[{}]
[14May2026 17:48:54.652] [Render thread/ERROR] [net.mehvahdjukaar.mysticaloaktree.MysticalOakTree/]: Failed to read tree dialogue JSON object for mysticaloaktree:talked89 : Input does not contain a key [type]: MapLike[{}]
[14May2026 17:48:54.652] [Render thread/ERROR] [net.mehvahdjukaar.mysticaloaktree.MysticalOakTree/]: Failed to read tree dialogue JSON object for mysticaloaktree:talked86 : Input does not contain a key [type]: MapLike[{}]
[14May2026 17:48:54.652] [Render thread/ERROR] [net.mehvahdjukaar.mysticaloaktree.MysticalOakTree/]: Failed to read tree dialogue JSON object for mysticaloaktree:talked87 : Input does not contain a key [type]: MapLike[{}]
[14May2026 17:48:54.652] [Render thread/ERROR] [net.mehvahdjukaar.mysticaloaktree.MysticalOakTree/]: Failed to read tree dialogue JSON object for mysticaloaktree:hurt18 : Input does not contain a key [type]: MapLike[{}]
[14May2026 17:48:54.652] [Render thread/ERROR] [net.mehvahdjukaar.mysticaloaktree.MysticalOakTree/]: Failed to read tree dialogue JSON object for mysticaloaktree:hurt17 : Input does not contain a key [type]: MapLike[{}]
[14May2026 17:48:54.652] [Render thread/ERROR] [net.mehvahdjukaar.mysticaloaktree.MysticalOakTree/]: Failed to read tree dialogue JSON object for mysticaloaktree:hurt19 : Input does not contain a key [type]: MapLike[{}]
[14May2026 17:48:54.652] [Render thread/ERROR] [net.mehvahdjukaar.mysticaloaktree.MysticalOakTree/]: Failed to read tree dialogue JSON object for mysticaloaktree:hurt14 : Input does not contain a key [type]: MapLike[{}]
[14May2026 17:48:54.652] [Render thread/ERROR] [net.mehvahdjukaar.mysticaloaktree.MysticalOakTree/]: Failed to read tree dialogue JSON object for mysticaloaktree:hurt13 : Input does not contain a key [type]: MapLike[{}]
[14May2026 17:48:54.652] [Render thread/ERROR] [net.mehvahdjukaar.mysticaloaktree.MysticalOakTree/]: Failed to read tree dialogue JSON object for mysticaloaktree:hurt16 : Input does not contain a key [type]: MapLike[{}]
[14May2026 17:48:54.652] [Render thread/ERROR] [net.mehvahdjukaar.mysticaloaktree.MysticalOakTree/]: Failed to read tree dialogue JSON object for mysticaloaktree:hurt15 : Input does not contain a key [type]: MapLike[{}]
[14May2026 17:48:54.652] [Render thread/ERROR] [net.mehvahdjukaar.mysticaloaktree.MysticalOakTree/]: Failed to read tree dialogue JSON object for mysticaloaktree:hurt10 : Input does not contain a key [type]: MapLike[{}]
[14May2026 17:48:54.652] [Render thread/ERROR] [net.mehvahdjukaar.mysticaloaktree.MysticalOakTree/]: Failed to read tree dialogue JSON object for mysticaloaktree:hurt12 : Input does not contain a key [type]: MapLike[{}]
[14May2026 17:48:54.652] [Render thread/ERROR] [net.mehvahdjukaar.mysticaloaktree.MysticalOakTree/]: Failed to read tree dialogue JSON object for mysticaloaktree:hurt11 : Input does not contain a key [type]: MapLike[{}]
[14May2026 17:48:54.652] [Render thread/ERROR] [net.mehvahdjukaar.mysticaloaktree.MysticalOakTree/]: Failed to read tree dialogue JSON object for mysticaloaktree:talked91 : Input does not contain a key [type]: MapLike[{}]
[14May2026 17:48:54.652] [Render thread/ERROR] [net.mehvahdjukaar.mysticaloaktree.MysticalOakTree/]: Failed to read tree dialogue JSON object for mysticaloaktree:talked92 : Input does not contain a key [type]: MapLike[{}]
[14May2026 17:48:54.652] [Render thread/ERROR] [net.mehvahdjukaar.mysticaloaktree.MysticalOakTree/]: Failed to read tree dialogue JSON object for mysticaloaktree:talked90 : Input does not contain a key [type]: MapLike[{}]
[14May2026 17:48:54.652] [Render thread/ERROR] [net.mehvahdjukaar.mysticaloaktree.MysticalOakTree/]: Failed to read tree dialogue JSON object for mysticaloaktree:talked95 : Input does not contain a key [type]: MapLike[{}]
[14May2026 17:48:54.652] [Render thread/ERROR] [net.mehvahdjukaar.mysticaloaktree.MysticalOakTree/]: Failed to read tree dialogue JSON object for mysticaloaktree:talked96 : Input does not contain a key [type]: MapLike[{}]
[14May2026 17:48:54.652] [Render thread/ERROR] [net.mehvahdjukaar.mysticaloaktree.MysticalOakTree/]: Failed to read tree dialogue JSON object for mysticaloaktree:talked93 : Input does not contain a key [type]: MapLike[{}]
[14May2026 17:48:54.652] [Render thread/ERROR] [net.mehvahdjukaar.mysticaloaktree.MysticalOakTree/]: Failed to read tree dialogue JSON object for mysticaloaktree:talked94 : Input does not contain a key [type]: MapLike[{}]
[14May2026 17:48:54.652] [Render thread/ERROR] [net.mehvahdjukaar.mysticaloaktree.MysticalOakTree/]: Failed to read tree dialogue JSON object for mysticaloaktree:talked99 : Input does not contain a key [type]: MapLike[{}]
[14May2026 17:48:54.652] [Render thread/ERROR] [net.mehvahdjukaar.mysticaloaktree.MysticalOakTree/]: Failed to read tree dialogue JSON object for mysticaloaktree:talked98 : Input does not contain a key [type]: MapLike[{}]
[14May2026 17:48:54.652] [Render thread/ERROR] [net.mehvahdjukaar.mysticaloaktree.MysticalOakTree/]: Failed to read tree dialogue JSON object for mysticaloaktree:talked22 : Input does not contain a key [type]: MapLike[{}]
[14May2026 17:48:54.652] [Render thread/ERROR] [net.mehvahdjukaar.mysticaloaktree.MysticalOakTree/]: Failed to read tree dialogue JSON object for mysticaloaktree:talked23 : Input does not contain a key [type]: MapLike[{}]
[14May2026 17:48:54.653] [Render thread/ERROR] [net.mehvahdjukaar.mysticaloaktree.MysticalOakTree/]: Failed to read tree dialogue JSON object for mysticaloaktree:talked20 : Input does not contain a key [type]: MapLike[{}]
[14May2026 17:48:54.653] [Render thread/ERROR] [net.mehvahdjukaar.mysticaloaktree.MysticalOakTree/]: Failed to read tree dialogue JSON object for mysticaloaktree:talked21 : Input does not contain a key [type]: MapLike[{}]
[14May2026 17:48:54.653] [Render thread/ERROR] [net.mehvahdjukaar.mysticaloaktree.MysticalOakTree/]: Failed to read tree dialogue JSON object for mysticaloaktree:talked198 : Input does not contain a key [type]: MapLike[{}]
[14May2026 17:48:54.653] [Render thread/ERROR] [net.mehvahdjukaar.mysticaloaktree.MysticalOakTree/]: Failed to read tree dialogue JSON object for mysticaloaktree:talked26 : Input does not contain a key [type]: MapLike[{}]
[14May2026 17:48:54.653] [Render thread/ERROR] [net.mehvahdjukaar.mysticaloaktree.MysticalOakTree/]: Failed to read tree dialogue JSON object for mysticaloaktree:talked199 : Input does not contain a key [type]: MapLike[{}]
[14May2026 17:48:54.653] [Render thread/ERROR] [net.mehvahdjukaar.mysticaloaktree.MysticalOakTree/]: Failed to read tree dialogue JSON object for mysticaloaktree:talked27 : Input does not contain a key [type]: MapLike[{}]
[14May2026 17:48:54.653] [Render thread/ERROR] [net.mehvahdjukaar.mysticaloaktree.MysticalOakTree/]: Failed to read tree dialogue JSON object for mysticaloaktree:talked24 : Input does not contain a key [type]: MapLike[{}]
[14May2026 17:48:54.653] [Render thread/ERROR] [net.mehvahdjukaar.mysticaloaktree.MysticalOakTree/]: Failed to read tree dialogue JSON object for mysticaloaktree:talked25 : Input does not contain a key [type]: MapLike[{}]
[14May2026 17:48:54.653] [Render thread/ERROR] [net.mehvahdjukaar.mysticaloaktree.MysticalOakTree/]: Failed to read tree dialogue JSON object for mysticaloaktree:talked29 : Input does not contain a key [type]: MapLike[{}]
[14May2026 17:48:54.653] [Render thread/ERROR] [net.mehvahdjukaar.mysticaloaktree.MysticalOakTree/]: Failed to read tree dialogue JSON object for mysticaloaktree:woken21 : Input does not contain a key [type]: MapLike[{}]
[14May2026 17:48:54.653] [Render thread/ERROR] [net.mehvahdjukaar.mysticaloaktree.MysticalOakTree/]: Failed to read tree dialogue JSON object for mysticaloaktree:woken22 : Input does not contain a key [type]: MapLike[{}]
[14May2026 17:48:54.653] [Render thread/ERROR] [net.mehvahdjukaar.mysticaloaktree.MysticalOakTree/]: Failed to read tree dialogue JSON object for mysticaloaktree:woken20 : Input does not contain a key [type]: MapLike[{}]
[14May2026 17:48:54.653] [Render thread/ERROR] [net.mehvahdjukaar.mysticaloaktree.MysticalOakTree/]: Failed to read tree dialogue JSON object for mysticaloaktree:woken25 : Input does not contain a key [type]: MapLike[{}]
[14May2026 17:48:54.653] [Render thread/ERROR] [net.mehvahdjukaar.mysticaloaktree.MysticalOakTree/]: Failed to read tree dialogue JSON object for mysticaloaktree:woken26 : Input does not contain a key [type]: MapLike[{}]
[14May2026 17:48:54.653] [Render thread/ERROR] [net.mehvahdjukaar.mysticaloaktree.MysticalOakTree/]: Failed to read tree dialogue JSON object for mysticaloaktree:woken23 : Input does not contain a key [type]: MapLike[{}]
[14May2026 17:48:54.653] [Render thread/ERROR] [net.mehvahdjukaar.mysticaloaktree.MysticalOakTree/]: Failed to read tree dialogue JSON object for mysticaloaktree:woken24 : Input does not contain a key [type]: MapLike[{}]
[14May2026 17:48:54.653] [Render thread/ERROR] [net.mehvahdjukaar.mysticaloaktree.MysticalOakTree/]: Failed to read tree dialogue JSON object for mysticaloaktree:woken29 : Input does not contain a key [type]: MapLike[{}]
[14May2026 17:48:54.653] [Render thread/ERROR] [net.mehvahdjukaar.mysticaloaktree.MysticalOakTree/]: Failed to read tree dialogue JSON object for mysticaloaktree:woken27 : Input does not contain a key [type]: MapLike[{}]
[14May2026 17:48:54.653] [Render thread/ERROR] [net.mehvahdjukaar.mysticaloaktree.MysticalOakTree/]: Failed to read tree dialogue JSON object for mysticaloaktree:woken28 : Input does not contain a key [type]: MapLike[{}]
[14May2026 17:48:54.653] [Render thread/ERROR] [net.mehvahdjukaar.mysticaloaktree.MysticalOakTree/]: Failed to read tree dialogue JSON object for mysticaloaktree:talked30 : Input does not contain a key [type]: MapLike[{}]
[14May2026 17:48:54.653] [Render thread/ERROR] [net.mehvahdjukaar.mysticaloaktree.MysticalOakTree/]: Failed to read tree dialogue JSON object for mysticaloaktree:talked33 : Input does not contain a key [type]: MapLike[{}]
[14May2026 17:48:54.653] [Render thread/ERROR] [net.mehvahdjukaar.mysticaloaktree.MysticalOakTree/]: Failed to read tree dialogue JSON object for mysticaloaktree:talked34 : Input does not contain a key [type]: MapLike[{}]
[14May2026 17:48:54.653] [Render thread/ERROR] [net.mehvahdjukaar.mysticaloaktree.MysticalOakTree/]: Failed to read tree dialogue JSON object for mysticaloaktree:talked31 : Input does not contain a key [type]: MapLike[{}]
[14May2026 17:48:54.653] [Render thread/ERROR] [net.mehvahdjukaar.mysticaloaktree.MysticalOakTree/]: Failed to read tree dialogue JSON object for mysticaloaktree:talked32 : Input does not contain a key [type]: MapLike[{}]
[14May2026 17:48:54.653] [Render thread/ERROR] [net.mehvahdjukaar.mysticaloaktree.MysticalOakTree/]: Failed to read tree dialogue JSON object for mysticaloaktree:talked187 : Input does not contain a key [type]: MapLike[{}]
[14May2026 17:48:54.653] [Render thread/ERROR] [net.mehvahdjukaar.mysticaloaktree.MysticalOakTree/]: Failed to read tree dialogue JSON object for mysticaloaktree:talked37 : Input does not contain a key [type]: MapLike[{}]
[14May2026 17:48:54.653] [Render thread/ERROR] [net.mehvahdjukaar.mysticaloaktree.MysticalOakTree/]: Failed to read tree dialogue JSON object for mysticaloaktree:talked188 : Input does not contain a key [type]: MapLike[{}]
[14May2026 17:48:54.653] [Render thread/ERROR] [net.mehvahdjukaar.mysticaloaktree.MysticalOakTree/]: Failed to read tree dialogue JSON object for mysticaloaktree:talked189 : Input does not contain a key [type]: MapLike[{}]
[14May2026 17:48:54.653] [Render thread/ERROR] [net.mehvahdjukaar.mysticaloaktree.MysticalOakTree/]: Failed to read tree dialogue JSON object for mysticaloaktree:talked35 : Input does not contain a key [type]: MapLike[{}]
[14May2026 17:48:54.653] [Render thread/ERROR] [net.mehvahdjukaar.mysticaloaktree.MysticalOakTree/]: Failed to read tree dialogue JSON object for mysticaloaktree:talked36 : Input does not contain a key [type]: MapLike[{}]
[14May2026 17:48:54.654] [Render thread/ERROR] [net.mehvahdjukaar.mysticaloaktree.MysticalOakTree/]: Failed to read tree dialogue JSON object for mysticaloaktree:talked39 : Input does not contain a key [type]: MapLike[{}]
[14May2026 17:48:54.654] [Render thread/ERROR] [net.mehvahdjukaar.mysticaloaktree.MysticalOakTree/]: Failed to read tree dialogue JSON object for mysticaloaktree:talked190 : Input does not contain a key [type]: MapLike[{}]
[14May2026 17:48:54.654] [Render thread/ERROR] [net.mehvahdjukaar.mysticaloaktree.MysticalOakTree/]: Failed to read tree dialogue JSON object for mysticaloaktree:talked191 : Input does not contain a key [type]: MapLike[{}]
[14May2026 17:48:54.654] [Render thread/ERROR] [net.mehvahdjukaar.mysticaloaktree.MysticalOakTree/]: Failed to read tree dialogue JSON object for mysticaloaktree:talked192 : Input does not contain a key [type]: MapLike[{}]
[14May2026 17:48:54.654] [Render thread/ERROR] [net.mehvahdjukaar.mysticaloaktree.MysticalOakTree/]: Failed to read tree dialogue JSON object for mysticaloaktree:talked193 : Input does not contain a key [type]: MapLike[{}]
[14May2026 17:48:54.654] [Render thread/ERROR] [net.mehvahdjukaar.mysticaloaktree.MysticalOakTree/]: Failed to read tree dialogue JSON object for mysticaloaktree:talked194 : Input does not contain a key [type]: MapLike[{}]
[14May2026 17:48:54.654] [Render thread/ERROR] [net.mehvahdjukaar.mysticaloaktree.MysticalOakTree/]: Failed to read tree dialogue JSON object for mysticaloaktree:woken10 : Input does not contain a key [type]: MapLike[{}]
[14May2026 17:48:54.654] [Render thread/ERROR] [net.mehvahdjukaar.mysticaloaktree.MysticalOakTree/]: Failed to read tree dialogue JSON object for mysticaloaktree:talked195 : Input does not contain a key [type]: MapLike[{}]
[14May2026 17:48:54.654] [Render thread/ERROR] [net.mehvahdjukaar.mysticaloaktree.MysticalOakTree/]: Failed to read tree dialogue JSON object for mysticaloaktree:woken11 : Input does not contain a key [type]: MapLike[{}]
[14May2026 17:48:54.654] [Render thread/ERROR] [net.mehvahdjukaar.mysticaloaktree.MysticalOakTree/]: Failed to read tree dialogue JSON object for mysticaloaktree:talked196 : Input does not contain a key [type]: MapLike[{}]
[14May2026 17:48:54.654] [Render thread/ERROR] [net.mehvahdjukaar.mysticaloaktree.MysticalOakTree/]: Failed to read tree dialogue JSON object for mysticaloaktree:talked197 : Input does not contain a key [type]: MapLike[{}]
[14May2026 17:48:54.654] [Render thread/ERROR] [net.mehvahdjukaar.mysticaloaktree.MysticalOakTree/]: Failed to read tree dialogue JSON object for mysticaloaktree:woken14 : Input does not contain a key [type]: MapLike[{}]
[14May2026 17:48:54.654] [Render thread/ERROR] [net.mehvahdjukaar.mysticaloaktree.MysticalOakTree/]: Failed to read tree dialogue JSON object for mysticaloaktree:woken15 : Input does not contain a key [type]: MapLike[{}]
[14May2026 17:48:54.654] [Render thread/ERROR] [net.mehvahdjukaar.mysticaloaktree.MysticalOakTree/]: Failed to read tree dialogue JSON object for mysticaloaktree:woken12 : Input does not contain a key [type]: MapLike[{}]
[14May2026 17:48:54.654] [Render thread/ERROR] [net.mehvahdjukaar.mysticaloaktree.MysticalOakTree/]: Failed to read tree dialogue JSON object for mysticaloaktree:woken13 : Input does not contain a key [type]: MapLike[{}]
[14May2026 17:48:54.654] [Render thread/ERROR] [net.mehvahdjukaar.mysticaloaktree.MysticalOakTree/]: Failed to read tree dialogue JSON object for mysticaloaktree:woken18 : Input does not contain a key [type]: MapLike[{}]
[14May2026 17:48:54.654] [Render thread/ERROR] [net.mehvahdjukaar.mysticaloaktree.MysticalOakTree/]: Failed to read tree dialogue JSON object for mysticaloaktree:woken19 : Input does not contain a key [type]: MapLike[{}]
[14May2026 17:48:54.654] [Render thread/ERROR] [net.mehvahdjukaar.mysticaloaktree.MysticalOakTree/]: Failed to read tree dialogue JSON object for mysticaloaktree:woken16 : Input does not contain a key [type]: MapLike[{}]
[14May2026 17:48:54.654] [Render thread/ERROR] [net.mehvahdjukaar.mysticaloaktree.MysticalOakTree/]: Failed to read tree dialogue JSON object for mysticaloaktree:woken17 : Input does not contain a key [type]: MapLike[{}]
[14May2026 17:48:54.654] [Render thread/ERROR] [net.mehvahdjukaar.mysticaloaktree.MysticalOakTree/]: Failed to read tree dialogue JSON object for mysticaloaktree:talked40 : Input does not contain a key [type]: MapLike[{}]
[14May2026 17:48:54.654] [Render thread/ERROR] [net.mehvahdjukaar.mysticaloaktree.MysticalOakTree/]: Failed to read tree dialogue JSON object for mysticaloaktree:talked41 : Input does not contain a key [type]: MapLike[{}]
[14May2026 17:48:54.654] [Render thread/ERROR] [net.mehvahdjukaar.mysticaloaktree.MysticalOakTree/]: Failed to read tree dialogue JSON object for mysticaloaktree:talked44 : Input does not contain a key [type]: MapLike[{}]
[14May2026 17:48:54.654] [Render thread/ERROR] [net.mehvahdjukaar.mysticaloaktree.MysticalOakTree/]: Failed to read tree dialogue JSON object for mysticaloaktree:talked45 : Input does not contain a key [type]: MapLike[{}]
[14May2026 17:48:54.654] [Render thread/ERROR] [net.mehvahdjukaar.mysticaloaktree.MysticalOakTree/]: Failed to read tree dialogue JSON object for mysticaloaktree:talked42 : Input does not contain a key [type]: MapLike[{}]
[14May2026 17:48:54.654] [Render thread/ERROR] [net.mehvahdjukaar.mysticaloaktree.MysticalOakTree/]: Failed to read tree dialogue JSON object for mysticaloaktree:talked43 : Input does not contain a key [type]: MapLike[{}]
[14May2026 17:48:54.654] [Render thread/ERROR] [net.mehvahdjukaar.mysticaloaktree.MysticalOakTree/]: Failed to read tree dialogue JSON object for mysticaloaktree:talked48 : Input does not contain a key [type]: MapLike[{}]
[14May2026 17:48:54.654] [Render thread/ERROR] [net.mehvahdjukaar.mysticaloaktree.MysticalOakTree/]: Failed to read tree dialogue JSON object for mysticaloaktree:talked49 : Input does not contain a key [type]: MapLike[{}]
[14May2026 17:48:54.654] [Render thread/ERROR] [net.mehvahdjukaar.mysticaloaktree.MysticalOakTree/]: Failed to read tree dialogue JSON object for mysticaloaktree:talked46 : Input does not contain a key [type]: MapLike[{}]
[14May2026 17:48:54.654] [Render thread/ERROR] [net.mehvahdjukaar.mysticaloaktree.MysticalOakTree/]: Failed to read tree dialogue JSON object for mysticaloaktree:talked47 : Input does not contain a key [type]: MapLike[{}]
[14May2026 17:48:54.655] [Render thread/ERROR] [net.mehvahdjukaar.mysticaloaktree.MysticalOakTree/]: Failed to read tree dialogue JSON object for mysticaloaktree:talked51 : Input does not contain a key [type]: MapLike[{}]
[14May2026 17:48:54.655] [Render thread/ERROR] [net.mehvahdjukaar.mysticaloaktree.MysticalOakTree/]: Failed to read tree dialogue JSON object for mysticaloaktree:talked52 : Input does not contain a key [type]: MapLike[{}]
[14May2026 17:48:54.655] [Render thread/ERROR] [net.mehvahdjukaar.mysticaloaktree.MysticalOakTree/]: Failed to read tree dialogue JSON object for mysticaloaktree:talked50 : Input does not contain a key [type]: MapLike[{}]
[14May2026 17:48:54.655] [Render thread/ERROR] [net.mehvahdjukaar.mysticaloaktree.MysticalOakTree/]: Failed to read tree dialogue JSON object for mysticaloaktree:talked55 : Input does not contain a key [type]: MapLike[{}]
[14May2026 17:48:54.655] [Render thread/ERROR] [net.mehvahdjukaar.mysticaloaktree.MysticalOakTree/]: Failed to read tree dialogue JSON object for mysticaloaktree:talked56 : Input does not contain a key [type]: MapLike[{}]
[14May2026 17:48:54.655] [Render thread/ERROR] [net.mehvahdjukaar.mysticaloaktree.MysticalOakTree/]: Failed to read tree dialogue JSON object for mysticaloaktree:talked53 : Input does not contain a key [type]: MapLike[{}]
[14May2026 17:48:54.655] [Render thread/ERROR] [net.mehvahdjukaar.mysticaloaktree.MysticalOakTree/]: Failed to read tree dialogue JSON object for mysticaloaktree:talked54 : Input does not contain a key [type]: MapLike[{}]
[14May2026 17:48:54.655] [Render thread/ERROR] [net.mehvahdjukaar.mysticaloaktree.MysticalOakTree/]: Failed to read tree dialogue JSON object for mysticaloaktree:talked59 : Input does not contain a key [type]: MapLike[{}]
[14May2026 17:48:54.655] [Render thread/ERROR] [net.mehvahdjukaar.mysticaloaktree.MysticalOakTree/]: Failed to read tree dialogue JSON object for mysticaloaktree:talked57 : Input does not contain a key [type]: MapLike[{}]
[14May2026 17:48:54.655] [Render thread/ERROR] [net.mehvahdjukaar.mysticaloaktree.MysticalOakTree/]: Failed to read tree dialogue JSON object for mysticaloaktree:talked58 : Input does not contain a key [type]: MapLike[{}]
[14May2026 17:48:54.655] [Render thread/ERROR] [net.mehvahdjukaar.mysticaloaktree.MysticalOakTree/]: Failed to read tree dialogue JSON object for mysticaloaktree:woken9 : Input does not contain a key [type]: MapLike[{}]
[14May2026 17:48:54.655] [Render thread/ERROR] [net.mehvahdjukaar.mysticaloaktree.MysticalOakTree/]: Failed to read tree dialogue JSON object for mysticaloaktree:woken7 : Input does not contain a key [type]: MapLike[{}]
[14May2026 17:48:54.655] [Render thread/ERROR] [net.mehvahdjukaar.mysticaloaktree.MysticalOakTree/]: Failed to read tree dialogue JSON object for mysticaloaktree:woken8 : Input does not contain a key [type]: MapLike[{}]
[14May2026 17:48:54.655] [Render thread/ERROR] [net.mehvahdjukaar.mysticaloaktree.MysticalOakTree/]: Failed to read tree dialogue JSON object for mysticaloaktree:woken5 : Input does not contain a key [type]: MapLike[{}]
[14May2026 17:48:54.655] [Render thread/ERROR] [net.mehvahdjukaar.mysticaloaktree.MysticalOakTree/]: Failed to read tree dialogue JSON object for mysticaloaktree:woken6 : Input does not contain a key [type]: MapLike[{}]
[14May2026 17:48:54.655] [Render thread/ERROR] [net.mehvahdjukaar.mysticaloaktree.MysticalOakTree/]: Failed to read tree dialogue JSON object for mysticaloaktree:woken3 : Input does not contain a key [type]: MapLike[{}]
[14May2026 17:48:54.655] [Render thread/ERROR] [net.mehvahdjukaar.mysticaloaktree.MysticalOakTree/]: Failed to read tree dialogue JSON object for mysticaloaktree:woken4 : Input does not contain a key [type]: MapLike[{}]
[14May2026 17:48:54.655] [Render thread/ERROR] [net.mehvahdjukaar.mysticaloaktree.MysticalOakTree/]: Failed to read tree dialogue JSON object for mysticaloaktree:woken1 : Input does not contain a key [type]: MapLike[{}]
[14May2026 17:48:54.655] [Render thread/ERROR] [net.mehvahdjukaar.mysticaloaktree.MysticalOakTree/]: Failed to read tree dialogue JSON object for mysticaloaktree:woken2 : Input does not contain a key [type]: MapLike[{}]
[14May2026 17:48:54.655] [Render thread/ERROR] [net.mehvahdjukaar.mysticaloaktree.MysticalOakTree/]: Failed to read tree dialogue JSON object for mysticaloaktree:talked11 : Input does not contain a key [type]: MapLike[{}]
[14May2026 17:48:54.655] [Render thread/ERROR] [net.mehvahdjukaar.mysticaloaktree.MysticalOakTree/]: Failed to read tree dialogue JSON object for mysticaloaktree:talked12 : Input does not contain a key [type]: MapLike[{}]
[14May2026 17:48:54.655] [Render thread/ERROR] [net.mehvahdjukaar.mysticaloaktree.MysticalOakTree/]: Failed to read tree dialogue JSON object for mysticaloaktree:talked10 : Input does not contain a key [type]: MapLike[{}]
[14May2026 17:48:54.655] [Render thread/ERROR] [net.mehvahdjukaar.mysticaloaktree.MysticalOakTree/]: Failed to read tree dialogue JSON object for mysticaloaktree:talked15 : Input does not contain a key [type]: MapLike[{}]
[14May2026 17:48:54.655] [Render thread/ERROR] [net.mehvahdjukaar.mysticaloaktree.MysticalOakTree/]: Failed to read tree dialogue JSON object for mysticaloaktree:talked16 : Input does not contain a key [type]: MapLike[{}]
[14May2026 17:48:54.655] [Render thread/ERROR] [net.mehvahdjukaar.mysticaloaktree.MysticalOakTree/]: Failed to read tree dialogue JSON object for mysticaloaktree:talked13 : Input does not contain a key [type]: MapLike[{}]
[14May2026 17:48:54.655] [Render thread/ERROR] [net.mehvahdjukaar.mysticaloaktree.MysticalOakTree/]: Failed to read tree dialogue JSON object for mysticaloaktree:talked14 : Input does not contain a key [type]: MapLike[{}]
[14May2026 17:48:54.655] [Render thread/ERROR] [net.mehvahdjukaar.mysticaloaktree.MysticalOakTree/]: Failed to read tree dialogue JSON object for mysticaloaktree:talked19 : Input does not contain a key [type]: MapLike[{}]
[14May2026 17:48:54.655] [Render thread/ERROR] [net.mehvahdjukaar.mysticaloaktree.MysticalOakTree/]: Failed to read tree dialogue JSON object for mysticaloaktree:talked17 : Input does not contain a key [type]: MapLike[{}]
[14May2026 17:48:54.655] [Render thread/ERROR] [net.mehvahdjukaar.mysticaloaktree.MysticalOakTree/]: Failed to read tree dialogue JSON object for mysticaloaktree:talked18 : Input does not contain a key [type]: MapLike[{}]
[14May2026 17:48:54.655] [Render thread/ERROR] [net.mehvahdjukaar.mysticaloaktree.MysticalOakTree/]: Failed to read tree dialogue JSON object for mysticaloaktree:woken30 : Input does not contain a key [type]: MapLike[{}]
[14May2026 17:48:54.656] [Render thread/ERROR] [net.mehvahdjukaar.mysticaloaktree.MysticalOakTree/]: Failed to read tree dialogue JSON object for db3k:spoken2 : Not a json array: "..."
[14May2026 17:48:54.656] [Render thread/ERROR] [net.mehvahdjukaar.mysticaloaktree.MysticalOakTree/]: Failed to read tree dialogue JSON object for mysticaloaktree:talked200 : Input does not contain a key [type]: MapLike[{}]
[14May2026 17:48:54.656] [Render thread/ERROR] [net.mehvahdjukaar.mysticaloaktree.MysticalOakTree/]: Failed to read tree dialogue JSON object for mysticaloaktree:talked201 : Input does not contain a key [type]: MapLike[{}]
[14May2026 17:48:54.656] [Render thread/ERROR] [net.mehvahdjukaar.mysticaloaktree.MysticalOakTree/]: Failed to read tree dialogue JSON object for mysticaloaktree:hurt9 : Input does not contain a key [type]: MapLike[{}]
[14May2026 17:48:54.656] [Render thread/ERROR] [net.mehvahdjukaar.mysticaloaktree.MysticalOakTree/]: Failed to read tree dialogue JSON object for mysticaloaktree:hurt8 : Input does not contain a key [type]: MapLike[{}]
[14May2026 17:48:54.656] [Render thread/ERROR] [net.mehvahdjukaar.mysticaloaktree.MysticalOakTree/]: Failed to read tree dialogue JSON object for mysticaloaktree:hurt7 : Input does not contain a key [type]: MapLike[{}]
[14May2026 17:48:54.656] [Render thread/ERROR] [net.mehvahdjukaar.mysticaloaktree.MysticalOakTree/]: Failed to read tree dialogue JSON object for mysticaloaktree:hurt6 : Input does not contain a key [type]: MapLike[{}]
[14May2026 17:48:54.656] [Render thread/ERROR] [net.mehvahdjukaar.mysticaloaktree.MysticalOakTree/]: Failed to read tree dialogue JSON object for mysticaloaktree:hurt5 : Input does not contain a key [type]: MapLike[{}]
[14May2026 17:48:54.656] [Render thread/ERROR] [net.mehvahdjukaar.mysticaloaktree.MysticalOakTree/]: Failed to read tree dialogue JSON object for mysticaloaktree:hurt4 : Input does not contain a key [type]: MapLike[{}]
[14May2026 17:48:54.656] [Render thread/ERROR] [net.mehvahdjukaar.mysticaloaktree.MysticalOakTree/]: Failed to read tree dialogue JSON object for db3k:awoken11 : Not a string: ["Speak up then, I dont have all day!","Oh wait, I do."]
[14May2026 17:48:54.656] [Render thread/ERROR] [net.mehvahdjukaar.mysticaloaktree.MysticalOakTree/]: Failed to read tree dialogue JSON object for mysticaloaktree:hurt3 : Input does not contain a key [type]: MapLike[{}]
[14May2026 17:48:54.656] [Render thread/ERROR] [net.mehvahdjukaar.mysticaloaktree.MysticalOakTree/]: Failed to read tree dialogue JSON object for mysticaloaktree:hurt2 : Input does not contain a key [type]: MapLike[{}]
[14May2026 17:48:54.656] [Render thread/ERROR] [net.mehvahdjukaar.mysticaloaktree.MysticalOakTree/]: Failed to read tree dialogue JSON object for mysticaloaktree:hurt1 : Input does not contain a key [type]: MapLike[{}]
[14May2026 17:48:54.711] [Render thread/WARN] [net.minecraft.client.sounds.SoundEngine/]: Missing sound for event: minecraft:item.goat_horn.play
[14May2026 17:48:54.712] [Render thread/WARN] [net.minecraft.client.sounds.SoundEngine/]: Missing sound for event: minecraft:entity.goat.screaming.horn_break
[14May2026 17:48:54.712] [Render thread/WARN] [net.minecraft.client.sounds.SoundEngine/]: Missing sound for event: supplementaries:item.wrench.hit
[14May2026 17:48:54.783] [Render thread/INFO] [com.mojang.blaze3d.audio.Library/]: OpenAL initialized on device Built-in Audio Analog Stereo
[14May2026 17:48:54.784] [Render thread/INFO] [net.minecraft.client.sounds.SoundEngine/SOUNDS]: Sound engine started
[14May2026 17:48:54.785] [Render thread/INFO] [net.minecraft.client.sounds.SoundEngine/]: [FANCYMENU] Reloading AudioResourceHandler after Minecraft SoundEngine reload..
[14May2026 17:48:55.024] [Render thread/INFO] [com.teamabnormals.blueprint.core.Blueprint/]: Endimation Loader has loaded 1 endimations
[14May2026 17:48:55.024] [Render thread/INFO] [net.minecraft.client.renderer.texture.TextureAtlas/]: Created: 128x128x0 caverns_and_chasms:textures/atlas/deeper.png-atlas
[14May2026 17:48:55.025] [Render thread/INFO] [quark/]: Dispatching Module Step POST_TEXTURE_STITCH
[14May2026 17:48:55.028] [Render thread/INFO] [net.minecraft.client.renderer.texture.TextureAtlas/]: Created: 2048x1024x0 minecraft:textures/atlas/blocks.png-atlas
[14May2026 17:48:55.048] [Render thread/INFO] [quark/]: Dispatching Module Step POST_TEXTURE_STITCH
[14May2026 17:48:55.062] [Render thread/INFO] [net.minecraft.client.renderer.texture.TextureAtlas/]: Created: 256x128x0 minecraft:textures/atlas/signs.png-atlas
[14May2026 17:48:55.063] [Render thread/INFO] [quark/]: Dispatching Module Step POST_TEXTURE_STITCH
[14May2026 17:48:55.064] [Render thread/INFO] [net.minecraft.client.renderer.texture.TextureAtlas/]: Created: 512x512x0 minecraft:textures/atlas/banner_patterns.png-atlas
[14May2026 17:48:55.065] [Render thread/INFO] [quark/]: Dispatching Module Step POST_TEXTURE_STITCH
[14May2026 17:48:55.066] [Render thread/INFO] [net.minecraft.client.renderer.texture.TextureAtlas/]: Created: 512x512x0 minecraft:textures/atlas/shield_patterns.png-atlas
[14May2026 17:48:55.067] [Render thread/INFO] [quark/]: Dispatching Module Step POST_TEXTURE_STITCH
[14May2026 17:48:55.068] [Render thread/INFO] [net.minecraft.client.renderer.texture.TextureAtlas/]: Created: 1024x512x0 minecraft:textures/atlas/chest.png-atlas
[14May2026 17:48:55.070] [Render thread/INFO] [quark/]: Dispatching Module Step POST_TEXTURE_STITCH
[14May2026 17:48:55.070] [Render thread/INFO] [net.minecraft.client.renderer.texture.TextureAtlas/]: Created: 512x256x0 minecraft:textures/atlas/beds.png-atlas
[14May2026 17:48:55.071] [Render thread/INFO] [quark/]: Dispatching Module Step POST_TEXTURE_STITCH
[14May2026 17:48:55.071] [Render thread/INFO] [net.minecraft.client.renderer.texture.TextureAtlas/]: Created: 512x256x0 minecraft:textures/atlas/shulker_boxes.png-atlas
[14May2026 17:48:55.073] [Render thread/INFO] [quark/]: Dispatching Module Step POST_TEXTURE_STITCH
[14May2026 17:48:55.343] [Render thread/WARN] [net.minecraftforge.client.model.SeparateTransformsModel/]: Model "clash:item/greatblade_perspective_thrum" is using the deprecated loader "forge:separate-perspective" instead of "forge:separate_transforms". This loader will be removed in 1.20.
[14May2026 17:48:55.343] [Render thread/WARN] [net.minecraftforge.client.model.SeparateTransformsModel/]: Model "clash:greatblade#inventory" is using the deprecated loader "forge:separate-perspective" instead of "forge:separate_transforms". This loader will be removed in 1.20.
[14May2026 17:48:55.793] [Render thread/INFO] [CITResewn/]: [citresewn] Linking baked models to CITItems...
[14May2026 17:48:55.794] [Render thread/INFO] [quark/]: Dispatching Module Step MODEL_BAKE
[14May2026 17:48:56.136] [Render thread/INFO] [quark/]: Dispatching Module Step MODEL_LAYERS
[14May2026 17:48:56.171] [Render thread/WARN] [net.minecraft.client.renderer.ShaderInstance/]: Shader rendertype_entity_translucent_emissive could not find sampler named Sampler2 in the specified shader program.
[14May2026 17:48:56.209] [Render thread/WARN] [net.minecraft.client.renderer.ShaderInstance/]: Shader supplementaries:static_noise could not find sampler named Sampler1 in the specified shader program.
[14May2026 17:48:56.209] [Render thread/WARN] [ImmediatelyFast/]: Core shader modifications detected. Temporarily disabling some parts of ImmediatelyFast.
[14May2026 17:48:56.219] [Render thread/INFO] [net.minecraft.client.renderer.texture.TextureAtlas/]: Created: 512x512x0 minecraft:textures/atlas/particles.png-atlas
[14May2026 17:48:56.222] [Render thread/INFO] [quark/]: Dispatching Module Step POST_TEXTURE_STITCH
[14May2026 17:48:56.223] [Render thread/INFO] [net.minecraft.client.renderer.texture.TextureAtlas/]: Created: 512x256x0 minecraft:textures/atlas/paintings.png-atlas
[14May2026 17:48:56.225] [Render thread/INFO] [quark/]: Dispatching Module Step POST_TEXTURE_STITCH
[14May2026 17:48:56.225] [Render thread/INFO] [net.minecraft.client.renderer.texture.TextureAtlas/]: Created: 256x128x0 minecraft:textures/atlas/mob_effects.png-atlas
[14May2026 17:48:56.226] [Render thread/INFO] [quark/]: Dispatching Module Step POST_TEXTURE_STITCH
[14May2026 17:48:56.228] [Render thread/INFO] [MoreCreativeTabs/]: Checking for custom creative tabs
[14May2026 17:48:56.275] [Render thread/INFO] [MoreCreativeTabs/]: Processing minecraft:morecreativetabs/ordered_tabs.json
[14May2026 17:48:56.275] [Render thread/INFO] [MoreCreativeTabs/]: Processing minecraft:morecreativetabs/blocks.json
[14May2026 17:48:56.277] [Render thread/INFO] [MoreCreativeTabs/]: Processing minecraft:morecreativetabs/ordered_tabs.json
[14May2026 17:48:56.277] [Render thread/INFO] [net.minecraft.client.renderer.texture.TextureAtlas/]: Created: 128x64x0 fallingleaves:leaves-atlas
[14May2026 17:48:56.278] [Render thread/INFO] [quark/]: Dispatching Module Step POST_TEXTURE_STITCH
[14May2026 17:48:56.279] [Render thread/INFO] [net.minecraft.client.renderer.texture.TextureAtlas/]: Created: 128x64x0 fallingleaves:leaves-atlas
[14May2026 17:48:56.280] [Render thread/INFO] [quark/]: Dispatching Module Step POST_TEXTURE_STITCH
[14May2026 17:48:56.281] [Render thread/INFO] [com.teamabnormals.blueprint.core.Blueprint/]: Blueprint Splash Manager has loaded 0 splashes
[14May2026 17:48:56.281] [Render thread/INFO] [de.keksuccino.fancymenu.util.resource.ResourceHandlers/]: [FANCYMENU] Reloading resources..
[14May2026 17:48:56.281] [Render thread/INFO] [de.keksuccino.fancymenu.util.resource.preload.ResourcePreLoader/]: [FANCYMENU] Pre-loading resources..
[14May2026 17:48:56.282] [Render thread/ERROR] [ambientsounds/]: Sound engine db3k could not be loaded
[14May2026 17:48:56.283] [Render thread/ERROR] [ambientsounds/]: Not sound engine could be loaded, no sounds will be played!
[14May2026 17:48:56.290] [Render thread/INFO] [Entity Texture Features/]: reloading ETF data.
[14May2026 17:48:56.292] [Render thread/INFO] [Entity Texture Features/]: emissive suffixes loaded: {_e}.
[14May2026 17:48:56.292] [Render thread/INFO] [de.keksuccino.fancymenu.customization.layer.ScreenCustomizationLayerHandler/]: [FANCYMENU] Minecraft resource reload: FINISHED
[14May2026 17:55:12.571] [Render thread/INFO] [de.keksuccino.fancymenu.customization.layer.ScreenCustomizationLayerHandler/]: [FANCYMENU] ScreenCustomizationLayer registered: com.mrcrayfish.catalogue.client.screen.CatalogueModListScreen
[14May2026 17:55:15.569] [Render thread/INFO] [de.keksuccino.fancymenu.customization.layer.ScreenCustomizationLayerHandler/]: [FANCYMENU] ScreenCustomizationLayer registered: select_world_screen
[14May2026 17:55:17.425] [Render thread/INFO] [de.keksuccino.fancymenu.customization.layer.ScreenCustomizationLayerHandler/]: [FANCYMENU] ScreenCustomizationLayer registered: generic_dirt_message_screen
[14May2026 17:55:17.445] [Render thread/INFO] [Open Loader/]: Preparing Data Pack injection.
[14May2026 17:55:17.446] [Render thread/INFO] [Open Loader/]: Loaded folder Data Pack from /home/jonas/.local/share/PrismLauncher/instances/DB3K/minecraft/config/openloader/data/db3k_data.
[14May2026 17:55:17.451] [Render thread/INFO] [Open Loader/]: Loaded folder Data Pack from /home/jonas/.local/share/PrismLauncher/instances/DB3K/minecraft/config/openloader/data/Waterfalls_V3.3_2.
[14May2026 17:55:17.463] [Render thread/INFO] [Open Loader/]: Loaded folder Data Pack from /home/jonas/.local/share/PrismLauncher/instances/DB3K/minecraft/config/openloader/data/db3k_bald_snowmen.
[14May2026 17:55:17.463] [Render thread/INFO] [Open Loader/]: Loaded archive Data Pack from /home/jonas/.local/share/PrismLauncher/instances/DB3K/minecraft/config/openloader/data/db3k_bald_snowmen.zip.
[14May2026 17:55:17.463] [Render thread/INFO] [Open Loader/]: Successfully injected 4/4 packs from /home/jonas/.local/share/PrismLauncher/instances/DB3K/minecraft/config/openloader/data.
[14May2026 17:55:17.468] [Render thread/INFO] [net.minecraft.server.MinecraftServer/]: Found new data pack Supplementaries Generated Pack, loading it automatically
[14May2026 17:55:17.468] [Render thread/INFO] [net.minecraft.server.MinecraftServer/]: Found new data pack data/Waterfalls_V3.3_2, loading it automatically
[14May2026 17:55:17.468] [Render thread/INFO] [net.minecraft.server.MinecraftServer/]: Found new data pack data/db3k_bald_snowmen, loading it automatically
[14May2026 17:55:17.468] [Render thread/INFO] [net.minecraft.server.MinecraftServer/]: Found new data pack data/db3k_bald_snowmen.zip, loading it automatically
[14May2026 17:55:17.468] [Render thread/INFO] [net.minecraft.server.MinecraftServer/]: Found new data pack data/db3k_data, loading it automatically
[14May2026 17:55:17.566] [Render thread/INFO] [supplementaries/]: Generated runtime SERVER_DATA for pack Supplementaries Generated Pack in: 89 ms
[14May2026 17:55:17.586] [Render thread/INFO] [supplementaries/]: Generated runtime SERVER_DATA for pack Supplementaries Generated Pack in: 1 ms
[14May2026 17:55:17.662] [Render thread/INFO] [KubeJS Server/]: Loaded script server_scripts:interaction_events.js in 0.004 s
[14May2026 17:55:17.663] [Render thread/INFO] [KubeJS Server/]: Loaded script server_scripts:structurenuke.js in 0.001 s
[14May2026 17:55:17.665] [Render thread/INFO] [KubeJS Server/]: server_script.js#16: Loaded Java class 'sereneseasons.api.season.SeasonHelper'
[14May2026 17:55:17.665] [Render thread/INFO] [KubeJS Server/]: Loaded script server_scripts:server_script.js in 0.002 s
[14May2026 17:55:17.667] [Render thread/INFO] [KubeJS Server/]: Loaded script server_scripts:bone_meal.js in 0.002 s
[14May2026 17:55:17.669] [Render thread/INFO] [KubeJS Server/]: Loaded script server_scripts:aesthetic_events.js in 0.002 s
[14May2026 17:55:17.670] [Render thread/INFO] [KubeJS Server/]: Loaded script server_scripts:tnt_diffuse.js in 0.001 s
[14May2026 17:55:17.671] [Render thread/INFO] [KubeJS Server/]: Loaded script server_scripts:tags.js in 0.001 s
[14May2026 17:55:17.671] [Render thread/INFO] [KubeJS Server/]: Loaded script server_scripts:skeletal_bows.js in 0.0 s
[14May2026 17:55:17.672] [Render thread/INFO] [KubeJS Server/]: Loaded script server_scripts:tags_sounds.js in 0.001 s
[14May2026 17:55:17.674] [Render thread/INFO] [KubeJS Server/]: Loaded script server_scripts:name_colors.js in 0.002 s
[14May2026 17:55:17.676] [Render thread/INFO] [KubeJS Server/]: Loaded script server_scripts:recipes.js in 0.002 s
[14May2026 17:55:17.677] [Render thread/INFO] [KubeJS Server/]: Loaded script server_scripts:startup_globals.js in 0.0 s
[14May2026 17:55:17.678] [Render thread/INFO] [KubeJS Server/]: Loaded script server_scripts:score.js in 0.001 s
[14May2026 17:55:17.679] [Render thread/INFO] [KubeJS Server/]: Loaded script server_scripts:item_nuke.js in 0.0 s
[14May2026 17:55:17.681] [Render thread/INFO] [KubeJS Server/]: Loaded script server_scripts:entity_events.js in 0.002 s
[14May2026 17:55:17.682] [Render thread/INFO] [KubeJS Server/]: Loaded script server_scripts:singlehanded.js in 0.001 s
[14May2026 17:55:17.682] [Render thread/INFO] [KubeJS Server/]: Loaded 16/16 KubeJS server scripts in 0.029 s
[14May2026 17:55:17.682] [Render thread/INFO] [KubeJS Server/]: Scripts loaded
[14May2026 17:55:17.699] [Render thread/INFO] [KubeJS Server/]: Initializing recipe event...
[14May2026 17:55:18.557] [Worker-Main7/WARN] [net.minecraft.server.packs.FolderPackResources/]: Invalid path in datapack: forge:tags/entity_types/New Text Document.txt, ignoring
[14May2026 17:55:18.580] [Worker-Main14/WARN] [net.minecraft.server.packs.FolderPackResources/]: Invalid path in datapack: minecraft:recipes/New folder/light_blue_wool.json, ignoring
[14May2026 17:55:18.580] [Worker-Main14/WARN] [net.minecraft.server.packs.FolderPackResources/]: Invalid path in datapack: minecraft:recipes/New folder/magenta_wool.json, ignoring
[14May2026 17:55:18.580] [Worker-Main14/WARN] [net.minecraft.server.packs.FolderPackResources/]: Invalid path in datapack: minecraft:recipes/New folder/light_gray_wool.json, ignoring
[14May2026 17:55:18.580] [Worker-Main14/WARN] [net.minecraft.server.packs.FolderPackResources/]: Invalid path in datapack: minecraft:recipes/New folder/purple_wool.json, ignoring
[14May2026 17:55:18.580] [Worker-Main14/WARN] [net.minecraft.server.packs.FolderPackResources/]: Invalid path in datapack: minecraft:recipes/New folder/white_wool.json, ignoring
[14May2026 17:55:18.580] [Worker-Main14/WARN] [net.minecraft.server.packs.FolderPackResources/]: Invalid path in datapack: minecraft:recipes/New folder/black_wool.json, ignoring
[14May2026 17:55:18.580] [Worker-Main14/WARN] [net.minecraft.server.packs.FolderPackResources/]: Invalid path in datapack: minecraft:recipes/New folder/gray_wool.json, ignoring
[14May2026 17:55:18.581] [Worker-Main14/WARN] [net.minecraft.server.packs.FolderPackResources/]: Invalid path in datapack: minecraft:recipes/New folder/lime_wool.json, ignoring
[14May2026 17:55:18.581] [Worker-Main14/WARN] [net.minecraft.server.packs.FolderPackResources/]: Invalid path in datapack: minecraft:recipes/New folder/orange_wool.json, ignoring
[14May2026 17:55:18.581] [Worker-Main14/WARN] [net.minecraft.server.packs.FolderPackResources/]: Invalid path in datapack: minecraft:recipes/New folder/red_wool.json, ignoring
[14May2026 17:55:18.581] [Worker-Main14/WARN] [net.minecraft.server.packs.FolderPackResources/]: Invalid path in datapack: minecraft:recipes/New folder/pink_wool.json, ignoring
[14May2026 17:55:18.581] [Worker-Main14/WARN] [net.minecraft.server.packs.FolderPackResources/]: Invalid path in datapack: minecraft:recipes/New folder/brown_wool.json, ignoring
[14May2026 17:55:18.581] [Worker-Main14/WARN] [net.minecraft.server.packs.FolderPackResources/]: Invalid path in datapack: minecraft:recipes/New folder/blue_wool.json, ignoring
[14May2026 17:55:18.581] [Worker-Main14/WARN] [net.minecraft.server.packs.FolderPackResources/]: Invalid path in datapack: minecraft:recipes/New folder/cyan_wool.json, ignoring
[14May2026 17:55:18.581] [Worker-Main14/WARN] [net.minecraft.server.packs.FolderPackResources/]: Invalid path in datapack: minecraft:recipes/New folder/yellow_wool.json, ignoring
[14May2026 17:55:18.581] [Worker-Main14/WARN] [net.minecraft.server.packs.FolderPackResources/]: Invalid path in datapack: minecraft:recipes/New folder/green_wool.json, ignoring
[14May2026 17:55:18.581] [Worker-Main3/INFO] [KubeJS Server/]: [minecraft:painting_variant] Found 1 tags, added 42 objects, removed 3 objects
[14May2026 17:55:18.583] [Worker-Main3/WARN] [net.minecraft.server.packs.FolderPackResources/]: Invalid path in datapack: minecraft:loot_tables/blocks/New folder/spruce_leaves.json, ignoring
[14May2026 17:55:18.583] [Worker-Main3/WARN] [net.minecraft.server.packs.FolderPackResources/]: Invalid path in datapack: minecraft:loot_tables/blocks/New folder/copper_ore.json, ignoring
[14May2026 17:55:18.583] [Worker-Main3/WARN] [net.minecraft.server.packs.FolderPackResources/]: Invalid path in datapack: minecraft:loot_tables/blocks/New folder/red_mushroom_block.json, ignoring
[14May2026 17:55:18.583] [Worker-Main3/WARN] [net.minecraft.server.packs.FolderPackResources/]: Invalid path in datapack: minecraft:loot_tables/blocks/New folder/glass.json, ignoring
[14May2026 17:55:18.583] [Worker-Main3/WARN] [net.minecraft.server.packs.FolderPackResources/]: Invalid path in datapack: minecraft:loot_tables/blocks/New folder/gravel1.json, ignoring
[14May2026 17:55:18.583] [Worker-Main3/WARN] [net.minecraft.server.packs.FolderPackResources/]: Invalid path in datapack: minecraft:loot_tables/blocks/New folder/sea_pickle.json, ignoring
[14May2026 17:55:18.583] [Worker-Main3/WARN] [net.minecraft.server.packs.FolderPackResources/]: Invalid path in datapack: minecraft:loot_tables/blocks/New folder/brown_mushroom_block.json, ignoring
[14May2026 17:55:18.583] [Worker-Main3/WARN] [net.minecraft.server.packs.FolderPackResources/]: Invalid path in datapack: minecraft:loot_tables/blocks/New folder/deepslate_gold_ore.json, ignoring
[14May2026 17:55:18.583] [Worker-Main3/WARN] [net.minecraft.server.packs.FolderPackResources/]: Invalid path in datapack: minecraft:loot_tables/blocks/New folder/dead_bush.json, ignoring
[14May2026 17:55:18.583] [Worker-Main3/WARN] [net.minecraft.server.packs.FolderPackResources/]: Invalid path in datapack: minecraft:loot_tables/blocks/New folder/oak_leaves.json, ignoring
[14May2026 17:55:18.583] [Worker-Main3/WARN] [net.minecraft.server.packs.FolderPackResources/]: Invalid path in datapack: minecraft:loot_tables/blocks/New folder/clay.json, ignoring
[14May2026 17:55:18.583] [Worker-Main3/WARN] [net.minecraft.server.packs.FolderPackResources/]: Invalid path in datapack: minecraft:loot_tables/blocks/New folder/deepslate_diamond_ore.json, ignoring
[14May2026 17:55:18.583] [Worker-Main3/WARN] [net.minecraft.server.packs.FolderPackResources/]: Invalid path in datapack: minecraft:loot_tables/blocks/New folder/deepslate_iron_ore.json, ignoring
[14May2026 17:55:18.583] [Worker-Main3/WARN] [net.minecraft.server.packs.FolderPackResources/]: Invalid path in datapack: minecraft:loot_tables/blocks/New folder/coarse_dirt1.json, ignoring
[14May2026 17:55:18.583] [Worker-Main3/WARN] [net.minecraft.server.packs.FolderPackResources/]: Invalid path in datapack: minecraft:loot_tables/blocks/New folder/deepslate_coal_ore.json, ignoring
[14May2026 17:55:18.583] [Worker-Main3/WARN] [net.minecraft.server.packs.FolderPackResources/]: Invalid path in datapack: minecraft:loot_tables/blocks/New folder/deepslate_redstone_ore.json, ignoring
[14May2026 17:55:18.583] [Worker-Main3/WARN] [net.minecraft.server.packs.FolderPackResources/]: Invalid path in datapack: minecraft:loot_tables/blocks/New folder/iron_ore.json, ignoring
[14May2026 17:55:18.583] [Worker-Main3/WARN] [net.minecraft.server.packs.FolderPackResources/]: Invalid path in datapack: minecraft:loot_tables/blocks/New folder/gold_ore.json, ignoring
[14May2026 17:55:18.583] [Worker-Main3/WARN] [net.minecraft.server.packs.FolderPackResources/]: Invalid path in datapack: minecraft:loot_tables/blocks/New folder/pointed_dripstone.json, ignoring
[14May2026 17:55:18.583] [Worker-Main3/WARN] [net.minecraft.server.packs.FolderPackResources/]: Invalid path in datapack: minecraft:loot_tables/blocks/New folder/deepslate_copper_ore.json, ignoring
[14May2026 17:55:18.583] [Worker-Main3/WARN] [net.minecraft.server.packs.FolderPackResources/]: Invalid path in datapack: minecraft:loot_tables/blocks/New folder/mushroom_stem.json, ignoring
[14May2026 17:55:18.589] [Worker-Main14/WARN] [net.minecraft.server.packs.FolderPackResources/]: Invalid path in datapack: redstonedustblock:recipes/New Text Document.txt, ignoring
[14May2026 17:55:18.673] [Worker-Main11/INFO] [KubeJS Server/]: [minecraft:worldgen/biome] Found 128 tags, added 0 objects, removed 108 objects
[14May2026 17:55:18.707] [Worker-Main13/INFO] [KubeJS Server/]: [minecraft:block] Found 444 tags, added 120 objects, removed 6 objects
[14May2026 17:55:18.744] [Worker-Main13/ERROR] [net.minecraft.tags.TagLoader/]: [Load My Fucking Tags] Couldn't load certain entries with the tag minecraft:base_stone_overworld: kubejs:brimstone (from db3k_data)
[14May2026 17:55:18.882] [Worker-Main12/INFO] [KubeJS Server/]: [minecraft:item] Found 498 tags, added 4 objects, removed 9 objects
[14May2026 17:55:18.887] [Worker-Main12/ERROR] [net.minecraft.tags.TagLoader/]: [Load My Fucking Tags] Couldn't load certain entries with the tag db3k:disabled_items: #spelunkery:glowsticks (from db3k_data), kubejs:astroturf (from db3k_data), kubejs:moss_ball (from db3k_data), kubejs:finished_planks (from db3k_data), kubejs:oil_lantern (from db3k_data), kubejs:oil (from db3k_data), kubejs:grass (from db3k_data), spelunkery:phosphor_fungus (from db3k_data), kubejs:substrate_bricks (from db3k_data), spelunkery:item_magnet (from db3k_data), spelunkery:salt (from db3k_data), spelunkery:salt_block (from db3k_data), spelunkery:cinnabar (from db3k_data), miningmaster:air_malachite (from db3k_data), miningmaster:air_malachite_block (from db3k_data), miningmaster:air_malachite_bow (from db3k_data), miningmaster:air_malachite_ore (from db3k_data), miningmaster:deepslate_dive_aquamarine_ore (from db3k_data), miningmaster:deepslate_divine_beryl_ore (from db3k_data), miningmaster:deepslate_fire_ruby_ore (from db3k_data), miningmaster:deepslate_haste_peridot_ore (from db3k_data), miningmaster:deepslate_ice_sapphire_ore (from db3k_data), miningmaster:deepslate_lucky_citrine_ore (from db3k_data), miningmaster:deepslate_spider_kunzite_ore (from db3k_data), miningmaster:deepslate_spirit_garnet_ore (from db3k_data), miningmaster:deepslate_unbreaking_iolite_ore (from db3k_data), miningmaster:dive_aquamarine (from db3k_data), miningmaster:dive_aquamarine_block (from db3k_data), miningmaster:dive_aquamarine_ore (from db3k_data), miningmaster:divine_beryl (from db3k_data), miningmaster:divine_beryl_block (from db3k_data), miningmaster:divine_beryl_ore (from db3k_data), miningmaster:fire_ruby (from db3k_data), miningmaster:fire_ruby_block (from db3k_data), miningmaster:fire_ruby_ore (from db3k_data), miningmaster:fire_ruby_sword (from db3k_data), miningmaster:haste_peridot (from db3k_data), miningmaster:haste_peridot_axe (from db3k_data), miningmaster:haste_peridot_block (from db3k_data), miningmaster:haste_peridot_ore (from db3k_data), miningmaster:haste_peridot_pickaxe (from db3k_data), miningmaster:heart_rhodonite (from db3k_data), miningmaster:heart_rhodonite_block (from db3k_data), miningmaster:heart_rhodonite_ore (from db3k_data), miningmaster:ice_sapphire (from db3k_data), miningmaster:ice_sapphire_block (from db3k_data), miningmaster:ice_sapphire_ore (from db3k_data), miningmaster:ice_sapphire_sword (from db3k_data), miningmaster:kinetic_opal (from db3k_data), miningmaster:kinetic_opal_axe (from db3k_data), miningmaster:kinetic_opal_block (from db3k_data), miningmaster:kinetic_opal_ore (from db3k_data), miningmaster:lucky_citrine (from db3k_data), miningmaster:lucky_citrine_block (from db3k_data), miningmaster:lucky_citrine_ore (from db3k_data), miningmaster:lucky_citrine_pickaxe (from db3k_data), miningmaster:lucky_citrine_sword (from db3k_data), miningmaster:malacore (from db3k_data), miningmaster:malacrust (from db3k_data), miningmaster:paragon_boots (from db3k_data), miningmaster:paragon_chestplate (from db3k_data), miningmaster:paragon_helmet (from db3k_data), miningmaster:paragon_leggings (from db3k_data), miningmaster:power_pyrite (from db3k_data), miningmaster:power_pyrite_axe (from db3k_data), miningmaster:power_pyrite_block (from db3k_data), miningmaster:power_pyrite_ore (from db3k_data), miningmaster:power_pyrite_sword (from db3k_data), miningmaster:spider_kunzite (from db3k_data), miningmaster:spider_kunzite_block (from db3k_data), miningmaster:spider_kunzite_ore (from db3k_data), miningmaster:spirit_garnet (from db3k_data), miningmaster:spirit_garnet_block (from db3k_data), miningmaster:spirit_garnet_ore (from db3k_data), miningmaster:spirit_garnet_sword (from db3k_data), miningmaster:ultima_axe (from db3k_data), miningmaster:ultima_pickaxe (from db3k_data), miningmaster:ultima_sword (from db3k_data), miningmaster:unbreaking_iolite (from db3k_data), miningmaster:unbreaking_iolite_block (from db3k_data), miningmaster:unbreaking_iolite_ore (from db3k_data), miningmaster:unbreaking_iolite_pickaxe (from db3k_data), caverns_and_chasms:dripstone_single_slab (from db3k_data), cloudboots:golden_feather (from db3k_data), grapplemod:baseupgradeitem (from db3k_data), grapplemod:block_grapple_modifier (from db3k_data), grapplemod:doubleupgradeitem (from db3k_data), grapplemod:forcefieldupgradeitem (from db3k_data), grapplemod:launcheritem (from db3k_data), grapplemod:limitsupgradeitem (from db3k_data), grapplemod:longfallboots (from db3k_data), grapplemod:magnetupgradeitem (from db3k_data), grapplemod:motorupgradeitem (from db3k_data), grapplemod:repeller (from db3k_data), grapplemod:rocketupgradeitem (from db3k_data), grapplemod:ropeupgradeitem (from db3k_data), grapplemod:staffupgradeitem (from db3k_data), grapplemod:swingupgradeitem (from db3k_data), grapplemod:throwupgradeitem (from db3k_data), guildedarrows:better_arrow (from db3k_data), guildedarrows:egg_arrow (from db3k_data), guildedarrows:electric_arrow (from db3k_data), guildedarrows:frost_arrow (from db3k_data), guildedarrows:glass_arrow (from db3k_data), guildedarrows:guilded_arrow (from db3k_data), guildedarrows:imprisoning_ice (from db3k_data), guildedarrows:parcel_arrow (from db3k_data), guildedarrows:pulse_arrow (from db3k_data), guildedarrows:random_arrow (from db3k_data), guildedarrows:soul_torch_arrow (from db3k_data), guildedarrows:torch_arrow (from db3k_data), guildedarrows:voice_box_arrow (from db3k_data), incubation:chicken_egg_crate (from db3k_data), incubation:hay_nest (from db3k_data), incubation:scrambled_eggs (from db3k_data), incubation:turtle_egg_crate (from db3k_data), kubejs:cinder_block (from db3k_data), kubejs:conglomerate (from db3k_data), kubejs:conglomerate (from db3k_data), kubejs:gold_pile (from db3k_data), kubejs:oxidized_shingles (from db3k_data), kubejs:pillar (from db3k_data), kubejs:plating (from db3k_data), kubejs:sandstone_pillar (from db3k_data), kubejs:shingles (from db3k_data), locallooks:magic_mirror (from db3k_data), caverns_and_chasms:polushed_tuff_stairs (from db3k_data), minecraft:quark_block (from db3k_data), minecraft:sculk_shreiker (from db3k_data), quark:amber_stool (from db3k_data), quark:beige_stool (from db3k_data), quark:bordeaux_stool (from db3k_data), quark:bubblegum_stool (from db3k_data), quark:chartreuse_stool (from db3k_data), quark:coral_stool (from db3k_data), quark:ender_stool (from db3k_data), quark:indigo_stool (from db3k_data), quark:lavender_stool (from db3k_data), quark:mint_stool (from db3k_data), quark:ochre_stool (from db3k_data), quark:olive_stool (from db3k_data), quark:seed_sack (from db3k_data), quark:turquoise_stool (from db3k_data), savage_and_ravage:blast_proof_plates (from db3k_data), savage_and_ravage:blast_proof_plating (from db3k_data), savage_and_ravage:blast_proof_slab (from db3k_data), savage_and_ravage:blast_proof_stairs (from db3k_data), savage_and_ravage:chiseled_gloomy_tiles (from db3k_data), savage_and_ravage:cleaver_of_beheading (from db3k_data), savage_and_ravage:gloomy_tile_slab (from db3k_data), savage_and_ravage:gloomy_tile_stairs (from db3k_data), savage_and_ravage:gloomy_tile_wall (from db3k_data), savage_and_ravage:gloomy_tiles (from db3k_data), savage_and_ravage:griefer_boots (from db3k_data), savage_and_ravage:griefer_chestplate (from db3k_data), savage_and_ravage:griefer_helmet (from db3k_data), savage_and_ravage:griefer_leggings (from db3k_data), savage_and_ravage:mischief_arrow (from db3k_data), savage_and_ravage:runed_gloomy_tiles (from db3k_data), spawnermod:spawner_key (from db3k_data), spelunkery:tangle_roots (from db3k_data), spelunkery:andesite_coal_ore (from db3k_data), spelunkery:andesite_copper_ore (from db3k_data), spelunkery:andesite_diamond_ore (from db3k_data), spelunkery:andesite_emerald_ore (from db3k_data), spelunkery:andesite_gold_ore (from db3k_data), spelunkery:andesite_iron_ore (from db3k_data), spelunkery:andesite_lapis_ore (from db3k_data), spelunkery:andesite_redstone_ore (from db3k_data), spelunkery:andesite_redstone_ore (from db3k_data), spelunkery:bellows (from db3k_data), spelunkery:button_mushroom (from db3k_data), spelunkery:calcite_redstone_ore (from db3k_data), spelunkery:carved_nephrite (from db3k_data), spelunkery:cinnabar_block (from db3k_data), spelunkery:cinnabar_shard (from db3k_data), spelunkery:coal_lump (from db3k_data), spelunkery:compression_blast_miner (from db3k_data), spelunkery:conk_fungus (from db3k_data), spelunkery:copper_nugget (from db3k_data), spelunkery:crimini (from db3k_data), spelunkery:depth_gauge (from db3k_data), spelunkery:diamond_grindstone (from db3k_data), spelunkery:diamond_shard (from db3k_data), spelunkery:diorite_coal_ore (from db3k_data), spelunkery:diorite_copper_ore (from db3k_data), spelunkery:diorite_diamond_ore (from db3k_data), spelunkery:diorite_emerald_ore (from db3k_data), spelunkery:diorite_gold_ore (from db3k_data), spelunkery:diorite_iron_ore (from db3k_data), spelunkery:diorite_lapis_ore (from db3k_data), spelunkery:diorite_redstone_ore (from db3k_data), spelunkery:diorite_redstone_ore (from db3k_data), spelunkery:dust_bun (from db3k_data), spelunkery:echo_fork (from db3k_data), spelunkery:emerald_shard (from db3k_data), spelunkery:flint_hammer_and_chisel (from db3k_data), spelunkery:granite_coal_ore (from db3k_data), spelunkery:granite_copper_ore (from db3k_data), spelunkery:granite_diamond_ore (from db3k_data), spelunkery:granite_emerald_ore (from db3k_data), spelunkery:granite_gold_ore (from db3k_data), spelunkery:granite_iron_ore (from db3k_data), spelunkery:granite_lapis_ore (from db3k_data), spelunkery:granite_redstone_ore (from db3k_data), spelunkery:granite_redstone_ore (from db3k_data), spelunkery:grilled_portabella (from db3k_data), spelunkery:handheld_compactor (from db3k_data), spelunkery:inkcap_mushroom (from db3k_data), spelunkery:inkcap_mushroom_block (from db3k_data), spelunkery:jade_shard (from db3k_data), spelunkery:lapis_lazuli_shard (from db3k_data), spelunkery:magnet (from db3k_data), spelunkery:magnetic_compass (from db3k_data), spelunkery:magnetite (from db3k_data), spelunkery:magnetite_chunk (from db3k_data), spelunkery:milly_bubcap (from db3k_data), spelunkery:milly_bubcap_block (from db3k_data), spelunkery:mineomite (from db3k_data), spelunkery:mushgloom (from db3k_data), spelunkery:nephrite (from db3k_data), spelunkery:nephrite_charm (from db3k_data), spelunkery:nephrite_chunk (from db3k_data), spelunkery:nephrite_diode (from db3k_data), spelunkery:nephrite_siphon (from db3k_data), spelunkery:nephrite_slab (from db3k_data), spelunkery:nephrite_spout (from db3k_data), spelunkery:nephrite_stairs (from db3k_data), spelunkery:nephrite_wall (from db3k_data), spelunkery:obsidian_hammer_and_chisel (from db3k_data), spelunkery:parachute (from db3k_data), spelunkery:polished_nephrite (from db3k_data), spelunkery:polished_nephrite_brick_slab (from db3k_data), spelunkery:polished_nephrite_brick_stairs (from db3k_data), spelunkery:polished_nephrite_brick_wall (from db3k_data), spelunkery:polished_nephrite_bricks (from db3k_data), spelunkery:polished_nephrite_bricks (from db3k_data), spelunkery:polished_nephrite_slab (from db3k_data), spelunkery:polished_nephrite_stairs (from db3k_data), spelunkery:polished_nephrite_wall (from db3k_data), spelunkery:polished_rock_salt (from db3k_data), spelunkery:polished_rock_salt_slab (from db3k_data), spelunkery:polished_rock_salt_stairs (from db3k_data), spelunkery:polished_rock_salt_wall (from db3k_data), spelunkery:portabella (from db3k_data), spelunkery:portabella_block (from db3k_data), spelunkery:portal_fluid_bottle (from db3k_data), spelunkery:portal_fluid_bucket (from db3k_data), spelunkery:raw_copper_nugget (from db3k_data), spelunkery:raw_gold_nugget (from db3k_data), spelunkery:raw_iron_nugget (from db3k_data), spelunkery:raw_lead_nugget (from db3k_data), spelunkery:raw_magnetite_nugget (from db3k_data), spelunkery:raw_nephrite (from db3k_data), spelunkery:raw_silver_nugget (from db3k_data), spelunkery:raw_zinc_nugget (from db3k_data), spelunkery:rock_salt (from db3k_data), spelunkery:rock_salt_block (from db3k_data), spelunkery:rock_salt_brick_slab (from db3k_data), spelunkery:rock_salt_brick_stairs (from db3k_data), spelunkery:rock_salt_brick_wall (from db3k_data), spelunkery:rock_salt_bricks (from db3k_data), spelunkery:rock_salt_slab (from db3k_data), spelunkery:rock_salt_stairs (from db3k_data), spelunkery:rock_salt_wall (from db3k_data), spelunkery:rope_ladder (from db3k_data), spelunkery:rough_cinnabar (from db3k_data), spelunkery:rough_cinnabar_block (from db3k_data), spelunkery:rough_cinnabar_shard (from db3k_data), spelunkery:rough_diamond (from db3k_data), spelunkery:rough_diamond_block (from db3k_data), spelunkery:rough_diamond_shard (from db3k_data), spelunkery:rough_emerald (from db3k_data), spelunkery:rough_emerald_block (from db3k_data), spelunkery:rough_emerald_shard (from db3k_data), spelunkery:rough_jade_shard (from db3k_data), spelunkery:rough_lazurite (from db3k_data), spelunkery:rough_lazurite_block (from db3k_data), spelunkery:rough_lazurite_shard (from db3k_data), spelunkery:rough_quartz_block (from db3k_data), spelunkery:salt_bucket (from db3k_data), spelunkery:salt_lamp (from db3k_data), spelunkery:saltpeter (from db3k_data), spelunkery:sandstone_lapis_ore (from db3k_data), spelunkery:smooth_basalt_diamond_ore (from db3k_data), spelunkery:sporophyte (from db3k_data), spelunkery:sulfur (from db3k_data), spelunkery:sulfur_geyser (from db3k_data), spelunkery:tall_sporophyte (from db3k_data), spelunkery:tuff_coal_ore (from db3k_data), spelunkery:tuff_copper_ore (from db3k_data), spelunkery:tuff_diamond_ore (from db3k_data), spelunkery:tuff_emerald_ore (from db3k_data), spelunkery:tuff_gold_ore (from db3k_data), spelunkery:tuff_iron_ore (from db3k_data), spelunkery:tuff_lapis_ore (from db3k_data), spelunkery:tuff_redstone_ore (from db3k_data), spelunkery:tuff_redstone_ore (from db3k_data), spelunkery:white_inkcap_mushroom (from db3k_data), spelunkery:white_inkcap_mushroom_block (from db3k_data), spelunkery:wooden_rail (from db3k_data), supplementaries:planter_rich (from db3k_data), supplementaries:stone_tiles (from db3k_data), tinted:amber_banner (from db3k_data), tinted:amber_bed (from db3k_data), tinted:amber_candle (from db3k_data), tinted:amber_carpet (from db3k_data), tinted:amber_concrete (from db3k_data), tinted:amber_concrete_powder (from db3k_data), tinted:amber_glazed_terracotta (from db3k_data), tinted:amber_shulker_box (from db3k_data), tinted:amber_stained_glass (from db3k_data), tinted:amber_stained_glass_pane (from db3k_data), tinted:beige_banner (from db3k_data), tinted:beige_bed (from db3k_data), tinted:beige_candle (from db3k_data), tinted:beige_carpet (from db3k_data), tinted:beige_concrete (from db3k_data), tinted:beige_concrete_powder (from db3k_data), tinted:beige_dye (from db3k_data), tinted:beige_glazed_terracotta (from db3k_data), tinted:beige_shulker_box (from db3k_data), tinted:beige_stained_glass (from db3k_data), tinted:beige_stained_glass_pane (from db3k_data), tinted:beige_wool (from db3k_data), tinted:bordeaux_banner (from db3k_data), tinted:bordeaux_bed (from db3k_data), tinted:bordeaux_candle (from db3k_data), tinted:bordeaux_carpet (from db3k_data), tinted:bordeaux_concrete (from db3k_data), tinted:bordeaux_concrete_powder (from db3k_data), tinted:bordeaux_glazed_terracotta (from db3k_data), tinted:bordeaux_shulker_box (from db3k_data), tinted:bordeaux_stained_glass (from db3k_data), tinted:bordeaux_stained_glass_pane (from db3k_data), tinted:bubblegum_banner (from db3k_data), tinted:bubblegum_bed (from db3k_data), tinted:bubblegum_candle (from db3k_data), tinted:bubblegum_carpet (from db3k_data), tinted:bubblegum_concrete (from db3k_data), tinted:bubblegum_concrete_powder (from db3k_data), tinted:bubblegum_glazed_terracotta (from db3k_data), tinted:bubblegum_shulker_box (from db3k_data), tinted:bubblegum_stained_glass (from db3k_data), tinted:bubblegum_stained_glass_pane (from db3k_data), tinted:chartreuse_banner (from db3k_data), tinted:chartreuse_bed (from db3k_data), tinted:chartreuse_candle (from db3k_data), tinted:chartreuse_carpet (from db3k_data), tinted:chartreuse_concrete (from db3k_data), tinted:chartreuse_concrete_powder (from db3k_data), tinted:chartreuse_glazed_terracotta (from db3k_data), tinted:chartreuse_shulker_box (from db3k_data), tinted:chartreuse_stained_glass (from db3k_data), tinted:chartreuse_stained_glass_pane (from db3k_data), tinted:coral_banner (from db3k_data), tinted:coral_bed (from db3k_data), tinted:coral_candle (from db3k_data), tinted:coral_carpet (from db3k_data), tinted:coral_concrete (from db3k_data), tinted:coral_concrete_powder (from db3k_data), tinted:coral_glazed_terracotta (from db3k_data), tinted:coral_shulker_box (from db3k_data), tinted:coral_stained_glass (from db3k_data), tinted:coral_stained_glass_pane (from db3k_data), tinted:ender_banner (from db3k_data), tinted:ender_bed (from db3k_data), tinted:ender_candle (from db3k_data), tinted:ender_carpet (from db3k_data), tinted:ender_concrete (from db3k_data), tinted:ender_concrete_powder (from db3k_data), tinted:ender_glazed_terracotta (from db3k_data), tinted:ender_shulker_box (from db3k_data), tinted:ender_stained_glass (from db3k_data), tinted:ender_stained_glass_pane (from db3k_data), tinted:indigo_banner (from db3k_data), tinted:indigo_bed (from db3k_data), tinted:indigo_candle (from db3k_data), tinted:indigo_carpet (from db3k_data), tinted:indigo_concrete (from db3k_data), tinted:indigo_concrete_powder (from db3k_data), tinted:indigo_glazed_terracotta (from db3k_data), tinted:indigo_shulker_box (from db3k_data), tinted:indigo_stained_glass (from db3k_data), tinted:indigo_stained_glass_pane (from db3k_data), tinted:lavender_banner (from db3k_data), tinted:lavender_bed (from db3k_data), tinted:lavender_candle (from db3k_data), tinted:lavender_carpet (from db3k_data), tinted:lavender_concrete (from db3k_data), tinted:lavender_concrete_powder (from db3k_data), tinted:lavender_glazed_terracotta (from db3k_data), tinted:lavender_shulker_box (from db3k_data), tinted:lavender_stained_glass (from db3k_data), tinted:lavender_stained_glass_pane (from db3k_data), tinted:mint_banner (from db3k_data), tinted:mint_bed (from db3k_data), tinted:mint_candle (from db3k_data), tinted:mint_carpet (from db3k_data), tinted:mint_concrete (from db3k_data), tinted:mint_concrete_powder (from db3k_data), tinted:mint_glazed_terracotta (from db3k_data), tinted:mint_shulker_box (from db3k_data), tinted:mint_stained_glass (from db3k_data), tinted:mint_stained_glass_pane (from db3k_data), tinted:ochre_banner (from db3k_data), tinted:ochre_bed (from db3k_data), tinted:ochre_candle (from db3k_data), tinted:ochre_carpet (from db3k_data), tinted:ochre_concrete (from db3k_data), tinted:ochre_concrete_powder (from db3k_data), tinted:ochre_glazed_terracotta (from db3k_data), tinted:ochre_shulker_box (from db3k_data), tinted:ochre_stained_glass (from db3k_data), tinted:ochre_stained_glass_pane (from db3k_data), tinted:olive_banner (from db3k_data), tinted:olive_bed (from db3k_data), tinted:olive_candle (from db3k_data), tinted:olive_carpet (from db3k_data), tinted:olive_concrete (from db3k_data), tinted:olive_concrete_powder (from db3k_data), tinted:olive_glazed_terracotta (from db3k_data), tinted:olive_shulker_box (from db3k_data), tinted:olive_stained_glass (from db3k_data), tinted:olive_stained_glass_pane (from db3k_data), tinted:paintbrush (from db3k_data), tinted:turquoise_banner (from db3k_data), tinted:turquoise_bed (from db3k_data), tinted:turquoise_candle (from db3k_data), tinted:turquoise_carpet (from db3k_data), tinted:turquoise_concrete (from db3k_data), tinted:turquoise_concrete_powder (from db3k_data), tinted:turquoise_glazed_terracotta (from db3k_data), tinted:turquoise_shulker_box (from db3k_data), tinted:turquoise_stained_glass (from db3k_data), tinted:turquoise_stained_glass_pane (from db3k_data)
[14May2026 17:55:19.036] [Render thread/INFO] [KubeJS Server/]: Processing recipes...
[14May2026 17:55:19.104] [Render thread/INFO] [KubeJS Server/]: Found 1881 recipes in 65.94 ms
[14May2026 17:55:19.683] [Render thread/INFO] [KubeJS Server/]: Posted recipe events in 578.1 ms
[14May2026 17:55:19.690] [KubeJS Recipe Event Worker 0/WARN] [KubeJS Server/]: Error parsing recipe db3k:crafting/cobblestone[minecraft:crafting_shaped]: {"type":"minecraft:crafting_shaped","pattern":["  ","  "],"key":{},"result":{"item":"minecraft:cobblestone","count":1}}: java.lang.ArrayIndexOutOfBoundsException: Index 0 out of bounds for length 0
[14May2026 17:55:19.691] [KubeJS Recipe Event Worker 0/WARN] [KubeJS Server/]: Error parsing recipe db3k:crafting/ice[minecraft:crafting_shaped]: {"type":"minecraft:crafting_shaped","pattern":["  ","  "],"key":{},"result":{"item":"minecraft:ice","count":1}}: java.lang.ArrayIndexOutOfBoundsException: Index 0 out of bounds for length 0
[14May2026 17:55:19.702] [Render thread/INFO] [KubeJS Server/]: Added 37 recipes, removed 1567 recipes, modified 4 recipes, with 2 failed recipes in 16.17 ms
[14May2026 17:55:19.712] [Render thread/INFO] [com.teamabnormals.blueprint.core.Blueprint/]: Loot Modification Manager has loaded 20 modifier groups
[14May2026 17:55:19.886] [Render thread/ERROR] [net.minecraft.world.level.storage.loot.LootTables/]: Couldn't parse loot table kubejs:blocks/fish_barrel
com.google.gson.JsonSyntaxException: Expected name to be an item, was unknown string 'kubejs:fish_barrel'
	at net.minecraft.util.GsonHelper.m_13866_(GsonHelper.java:137) ~[client-1.19.2-20220805.130853-srg.jar%23371!/:?]
	at java.util.Optional.orElseThrow(Optional.java:403) ~[?:?]
	at net.minecraft.util.GsonHelper.m_13874_(GsonHelper.java:137) ~[client-1.19.2-20220805.130853-srg.jar%23371!/:?]
	at net.minecraft.util.GsonHelper.m_13909_(GsonHelper.java:145) ~[client-1.19.2-20220805.130853-srg.jar%23371!/:?]
	at net.minecraft.world.level.storage.loot.entries.LootItem$Serializer.m_7267_(LootItem.java:55) ~[client-1.19.2-20220805.130853-srg.jar%23371!/:?]
	at net.minecraft.world.level.storage.loot.entries.LootItem$Serializer.m_7267_(LootItem.java:40) ~[client-1.19.2-20220805.130853-srg.jar%23371!/:?]
	at net.minecraft.world.level.storage.loot.entries.LootPoolSingletonContainer$Serializer.m_5921_(LootPoolSingletonContainer.java:151) ~[client-1.19.2-20220805.130853-srg.jar%23371!/:?]
	at net.minecraft.world.level.storage.loot.entries.LootPoolSingletonContainer$Serializer.m_5921_(LootPoolSingletonContainer.java:129) ~[client-1.19.2-20220805.130853-srg.jar%23371!/:?]
	at net.minecraft.world.level.storage.loot.entries.LootPoolEntryContainer$Serializer.m_7561_(LootPoolEntryContainer.java:86) ~[client-1.19.2-20220805.130853-srg.jar%23371!/:?]
	at net.minecraft.world.level.storage.loot.entries.LootPoolEntryContainer$Serializer.m_7561_(LootPoolEntryContainer.java:74) ~[client-1.19.2-20220805.130853-srg.jar%23371!/:?]
	at net.minecraft.world.level.storage.loot.GsonAdapterFactory$JsonAdapter.deserialize(GsonAdapterFactory.java:102) ~[client-1.19.2-20220805.130853-srg.jar%23371!/:?]
	at com.google.gson.internal.bind.TreeTypeAdapter.read(TreeTypeAdapter.java:69) ~[gson-2.8.9.jar%23112!/:?]
	at com.google.gson.internal.bind.TypeAdapterRuntimeTypeWrapper.read(TypeAdapterRuntimeTypeWrapper.java:41) ~[gson-2.8.9.jar%23112!/:?]
	at com.google.gson.internal.bind.ArrayTypeAdapter.read(ArrayTypeAdapter.java:72) ~[gson-2.8.9.jar%23112!/:?]
	at com.google.gson.Gson.fromJson(Gson.java:963) ~[gson-2.8.9.jar%23112!/:?]
	at com.google.gson.Gson.fromJson(Gson.java:1034) ~[gson-2.8.9.jar%23112!/:?]
	at com.google.gson.internal.bind.TreeTypeAdapter$GsonContextImpl.deserialize(TreeTypeAdapter.java:162) ~[gson-2.8.9.jar%23112!/:?]
	at net.minecraft.util.GsonHelper.m_13808_(GsonHelper.java:455) ~[client-1.19.2-20220805.130853-srg.jar%23371!/:?]
	at net.minecraft.util.GsonHelper.m_13836_(GsonHelper.java:463) ~[client-1.19.2-20220805.130853-srg.jar%23371!/:?]
	at net.minecraft.world.level.storage.loot.entries.CompositeEntryBase$1.m_5921_(CompositeEntryBase.java:61) ~[client-1.19.2-20220805.130853-srg.jar%23371!/:?]
	at net.minecraft.world.level.storage.loot.entries.CompositeEntryBase$1.m_5921_(CompositeEntryBase.java:53) ~[client-1.19.2-20220805.130853-srg.jar%23371!/:?]
	at net.minecraft.world.level.storage.loot.entries.LootPoolEntryContainer$Serializer.m_7561_(LootPoolEntryContainer.java:86) ~[client-1.19.2-20220805.130853-srg.jar%23371!/:?]
	at net.minecraft.world.level.storage.loot.entries.LootPoolEntryContainer$Serializer.m_7561_(LootPoolEntryContainer.java:74) ~[client-1.19.2-20220805.130853-srg.jar%23371!/:?]
	at net.minecraft.world.level.storage.loot.GsonAdapterFactory$JsonAdapter.deserialize(GsonAdapterFactory.java:102) ~[client-1.19.2-20220805.130853-srg.jar%23371!/:?]
	at com.google.gson.internal.bind.TreeTypeAdapter.read(TreeTypeAdapter.java:69) ~[gson-2.8.9.jar%23112!/:?]
	at com.google.gson.internal.bind.TypeAdapterRuntimeTypeWrapper.read(TypeAdapterRuntimeTypeWrapper.java:41) ~[gson-2.8.9.jar%23112!/:?]
	at com.google.gson.internal.bind.ArrayTypeAdapter.read(ArrayTypeAdapter.java:72) ~[gson-2.8.9.jar%23112!/:?]
	at com.google.gson.Gson.fromJson(Gson.java:963) ~[gson-2.8.9.jar%23112!/:?]
	at com.google.gson.Gson.fromJson(Gson.java:1034) ~[gson-2.8.9.jar%23112!/:?]
	at com.google.gson.internal.bind.TreeTypeAdapter$GsonContextImpl.deserialize(TreeTypeAdapter.java:162) ~[gson-2.8.9.jar%23112!/:?]
	at net.minecraft.util.GsonHelper.m_13808_(GsonHelper.java:455) ~[client-1.19.2-20220805.130853-srg.jar%23371!/:?]
	at net.minecraft.util.GsonHelper.m_13836_(GsonHelper.java:463) ~[client-1.19.2-20220805.130853-srg.jar%23371!/:?]
	at net.minecraft.world.level.storage.loot.LootPool$Serializer.deserialize(LootPool.java:190) ~[client-1.19.2-20220805.130853-srg.jar%23371!/:?]
	at net.minecraft.world.level.storage.loot.LootPool$Serializer.deserialize(LootPool.java:187) ~[client-1.19.2-20220805.130853-srg.jar%23371!/:?]
	at com.google.gson.internal.bind.TreeTypeAdapter.read(TreeTypeAdapter.java:69) ~[gson-2.8.9.jar%23112!/:?]
	at com.google.gson.internal.bind.TypeAdapterRuntimeTypeWrapper.read(TypeAdapterRuntimeTypeWrapper.java:41) ~[gson-2.8.9.jar%23112!/:?]
	at com.google.gson.internal.bind.ArrayTypeAdapter.read(ArrayTypeAdapter.java:72) ~[gson-2.8.9.jar%23112!/:?]
	at com.google.gson.Gson.fromJson(Gson.java:963) ~[gson-2.8.9.jar%23112!/:?]
	at com.google.gson.Gson.fromJson(Gson.java:1034) ~[gson-2.8.9.jar%23112!/:?]
	at com.google.gson.internal.bind.TreeTypeAdapter$GsonContextImpl.deserialize(TreeTypeAdapter.java:162) ~[gson-2.8.9.jar%23112!/:?]
	at net.minecraft.util.GsonHelper.m_13808_(GsonHelper.java:455) ~[client-1.19.2-20220805.130853-srg.jar%23371!/:?]
	at net.minecraft.util.GsonHelper.m_13845_(GsonHelper.java:473) ~[client-1.19.2-20220805.130853-srg.jar%23371!/:?]
	at net.minecraft.world.level.storage.loot.LootTable$Serializer.deserialize(LootTable.java:256) ~[client-1.19.2-20220805.130853-srg.jar%23371!/:?]
	at net.minecraft.world.level.storage.loot.LootTable$Serializer.deserialize(LootTable.java:253) ~[client-1.19.2-20220805.130853-srg.jar%23371!/:?]
	at com.google.gson.internal.bind.TreeTypeAdapter.read(TreeTypeAdapter.java:69) ~[gson-2.8.9.jar%23112!/:?]
	at com.google.gson.Gson.fromJson(Gson.java:963) ~[gson-2.8.9.jar%23112!/:?]
	at com.google.gson.Gson.fromJson(Gson.java:1034) ~[gson-2.8.9.jar%23112!/:?]
	at com.google.gson.Gson.fromJson(Gson.java:1006) ~[gson-2.8.9.jar%23112!/:?]
	at net.minecraftforge.common.ForgeHooks.loadLootTable(ForgeHooks.java:929) ~[forge-1.19.2-43.5.1-universal.jar%23376!/:?]
	at net.minecraft.world.level.storage.loot.LootTables.lambda$apply$0(LootTables.java:41) ~[client-1.19.2-20220805.130853-srg.jar%23371!/:?]
	at dev.latvian.mods.kubejs.core.LootTablesKJS.kjs$apply0(LootTablesKJS.java:36) ~[kubejs-forge-1902.6.2-build.73.jar%23322!/:1902.6.2-build.73]
	at net.minecraft.world.level.storage.loot.LootTables.redirect$zze000$kjs$apply(LootTables.java:518) ~[client-1.19.2-20220805.130853-srg.jar%23371!/:?]
	at net.minecraft.world.level.storage.loot.LootTables.m_5787_(LootTables.java:38) ~[client-1.19.2-20220805.130853-srg.jar%23371!/:?]
	at net.minecraft.world.level.storage.loot.LootTables.m_5787_(LootTables.java:16) ~[client-1.19.2-20220805.130853-srg.jar%23371!/:?]
	at net.minecraft.server.packs.resources.SimplePreparableReloadListener.m_10789_(SimplePreparableReloadListener.java:13) ~[client-1.19.2-20220805.130853-srg.jar%23371!/:?]
	at java.util.concurrent.CompletableFuture$UniAccept.tryFire(CompletableFuture.java:718) ~[?:?]
	at java.util.concurrent.CompletableFuture$Completion.run(CompletableFuture.java:482) ~[?:?]
	at net.minecraft.server.packs.resources.SimpleReloadInstance.m_143940_(SimpleReloadInstance.java:69) ~[client-1.19.2-20220805.130853-srg.jar%23371!/:?]
	at net.minecraft.util.thread.BlockableEventLoop.m_6367_(BlockableEventLoop.java:157) ~[client-1.19.2-20220805.130853-srg.jar%23371!/:?]
	at net.minecraft.util.thread.ReentrantBlockableEventLoop.m_6367_(ReentrantBlockableEventLoop.java:23) ~[client-1.19.2-20220805.130853-srg.jar%23371!/:?]
	at net.minecraft.util.thread.BlockableEventLoop.m_7245_(BlockableEventLoop.java:131) ~[client-1.19.2-20220805.130853-srg.jar%23371!/:?]
	at net.minecraft.util.thread.BlockableEventLoop.m_18701_(BlockableEventLoop.java:140) ~[client-1.19.2-20220805.130853-srg.jar%23371!/:?]
	at net.minecraft.client.gui.screens.worldselection.CreateWorldScreen.m_232896_(CreateWorldScreen.java:124) ~[client-1.19.2-20220805.130853-srg.jar%23371!/:?]
	at net.minecraft.client.gui.screens.worldselection.SelectWorldScreen.m_232983_(SelectWorldScreen.java:71) ~[client-1.19.2-20220805.130853-srg.jar%23371!/:?]
	at net.minecraft.client.gui.components.Button.m_5691_(Button.java:43) ~[client-1.19.2-20220805.130853-srg.jar%23371!/:?]
	at net.minecraft.client.gui.components.AbstractButton.m_5716_(AbstractButton.java:16) ~[client-1.19.2-20220805.130853-srg.jar%23371!/:?]
	at net.minecraft.client.gui.components.AbstractWidget.m_6375_(AbstractWidget.java:110) ~[client-1.19.2-20220805.130853-srg.jar%23371!/:?]
	at net.minecraft.client.gui.components.events.ContainerEventHandler.m_6375_(ContainerEventHandler.java:27) ~[client-1.19.2-20220805.130853-srg.jar%23371!/:?]
	at net.minecraft.client.MouseHandler.m_168084_(MouseHandler.java:88) ~[client-1.19.2-20220805.130853-srg.jar%23371!/:?]
	at net.minecraft.client.gui.screens.Screen.m_96579_(Screen.java:522) ~[client-1.19.2-20220805.130853-srg.jar%23371!/:?]
	at net.minecraft.client.MouseHandler.m_91530_(MouseHandler.java:85) ~[client-1.19.2-20220805.130853-srg.jar%23371!/:?]
	at net.minecraft.client.MouseHandler.m_168091_(MouseHandler.java:185) ~[client-1.19.2-20220805.130853-srg.jar%23371!/:?]
	at net.minecraft.util.thread.BlockableEventLoop.execute(BlockableEventLoop.java:103) ~[client-1.19.2-20220805.130853-srg.jar%23371!/:?]
	at net.minecraft.client.MouseHandler.m_91565_(MouseHandler.java:184) ~[client-1.19.2-20220805.130853-srg.jar%23371!/:?]
	at org.lwjgl.glfw.GLFWMouseButtonCallbackI.callback(GLFWMouseButtonCallbackI.java:43) ~[lwjgl-glfw-3.3.1.jar%2372!/:build 7]
	at org.lwjgl.system.JNI.invokeV(Native Method) ~[lwjgl-3.3.1.jar%2384!/:build 7]
	at org.lwjgl.glfw.GLFW.glfwPollEvents(GLFW.java:3403) ~[lwjgl-glfw-3.3.1.jar%2372!/:build 7]
	at com.mojang.blaze3d.systems.RenderSystem.m_69495_(RenderSystem.java:197) ~[client-1.19.2-20220805.130853-srg.jar%23371!/:?]
	at com.mojang.blaze3d.platform.Window.m_85435_(Window.java:337) ~[client-1.19.2-20220805.130853-srg.jar%23371!/:?]
	at net.minecraft.client.Minecraft.m_91383_(Minecraft.java:1143) ~[client-1.19.2-20220805.130853-srg.jar%23371!/:?]
	at net.minecraft.client.Minecraft.m_91374_(Minecraft.java:700) ~[client-1.19.2-20220805.130853-srg.jar%23371!/:?]
	at net.minecraft.client.main.Main.m_239872_(Main.java:212) ~[client-1.19.2-20220805.130853-srg.jar%23371!/:?]
	at net.minecraft.client.main.Main.main(Main.java:51) ~[client-1.19.2-20220805.130853-srg.jar%23371!/:?]
	at jdk.internal.reflect.NativeMethodAccessorImpl.invoke0(Native Method) ~[?:?]
	at jdk.internal.reflect.NativeMethodAccessorImpl.invoke(NativeMethodAccessorImpl.java:77) ~[?:?]
	at jdk.internal.reflect.DelegatingMethodAccessorImpl.invoke(DelegatingMethodAccessorImpl.java:43) ~[?:?]
	at java.lang.reflect.Method.invoke(Method.java:569) ~[?:?]
	at net.minecraftforge.fml.loading.targets.CommonClientLaunchHandler.lambda$launchService$0(CommonClientLaunchHandler.java:27) ~[fmlloader-1.19.2-43.5.1.jar%23140!/:?]
	at cpw.mods.modlauncher.LaunchServiceHandlerDecorator.launch(LaunchServiceHandlerDecorator.java:30) [modlauncher-10.0.8.jar%23127!/:?]
	at cpw.mods.modlauncher.LaunchServiceHandler.launch(LaunchServiceHandler.java:53) [modlauncher-10.0.8.jar%23127!/:?]
	at cpw.mods.modlauncher.LaunchServiceHandler.launch(LaunchServiceHandler.java:71) [modlauncher-10.0.8.jar%23127!/:?]
	at cpw.mods.modlauncher.Launcher.run(Launcher.java:106) [modlauncher-10.0.8.jar%23127!/:?]
	at cpw.mods.modlauncher.Launcher.main(Launcher.java:77) [modlauncher-10.0.8.jar%23127!/:?]
	at cpw.mods.modlauncher.BootstrapLaunchConsumer.accept(BootstrapLaunchConsumer.java:26) [modlauncher-10.0.8.jar%23127!/:?]
	at cpw.mods.modlauncher.BootstrapLaunchConsumer.accept(BootstrapLaunchConsumer.java:23) [modlauncher-10.0.8.jar%23127!/:?]
	at cpw.mods.bootstraplauncher.BootstrapLauncher.main(BootstrapLauncher.java:141) [bootstraplauncher-1.1.2.jar:?]
	at jdk.internal.reflect.NativeMethodAccessorImpl.invoke0(Native Method) ~[?:?]
	at jdk.internal.reflect.NativeMethodAccessorImpl.invoke(NativeMethodAccessorImpl.java:77) ~[?:?]
	at jdk.internal.reflect.DelegatingMethodAccessorImpl.invoke(DelegatingMethodAccessorImpl.java:43) ~[?:?]
	at java.lang.reflect.Method.invoke(Method.java:569) ~[?:?]
	at io.github.zekerzhayard.forgewrapper.installer.Main.main(Main.java:67) [ForgeWrapper-prism-2025-12-07.jar:prism-2025-12-07]
	at org.prismlauncher.launcher.impl.StandardLauncher.launch(StandardLauncher.java:105) [NewLaunch.jar:?]
	at org.prismlauncher.EntryPoint.listen(EntryPoint.java:129) [NewLaunch.jar:?]
	at org.prismlauncher.EntryPoint.main(EntryPoint.java:70) [NewLaunch.jar:?]
[14May2026 17:55:19.919] [Render thread/ERROR] [net.minecraft.world.level.storage.loot.LootTables/]: Couldn't parse loot table minecraft:blocks/grass
com.google.gson.JsonSyntaxException: Expected name to be an item, was unknown string 'kubejs:turnip_seed'
	at net.minecraft.util.GsonHelper.m_13866_(GsonHelper.java:137) ~[client-1.19.2-20220805.130853-srg.jar%23371!/:?]
	at java.util.Optional.orElseThrow(Optional.java:403) ~[?:?]
	at net.minecraft.util.GsonHelper.m_13874_(GsonHelper.java:137) ~[client-1.19.2-20220805.130853-srg.jar%23371!/:?]
	at net.minecraft.util.GsonHelper.m_13909_(GsonHelper.java:145) ~[client-1.19.2-20220805.130853-srg.jar%23371!/:?]
	at net.minecraft.world.level.storage.loot.entries.LootItem$Serializer.m_7267_(LootItem.java:55) ~[client-1.19.2-20220805.130853-srg.jar%23371!/:?]
	at net.minecraft.world.level.storage.loot.entries.LootItem$Serializer.m_7267_(LootItem.java:40) ~[client-1.19.2-20220805.130853-srg.jar%23371!/:?]
	at net.minecraft.world.level.storage.loot.entries.LootPoolSingletonContainer$Serializer.m_5921_(LootPoolSingletonContainer.java:151) ~[client-1.19.2-20220805.130853-srg.jar%23371!/:?]
	at net.minecraft.world.level.storage.loot.entries.LootPoolSingletonContainer$Serializer.m_5921_(LootPoolSingletonContainer.java:129) ~[client-1.19.2-20220805.130853-srg.jar%23371!/:?]
	at net.minecraft.world.level.storage.loot.entries.LootPoolEntryContainer$Serializer.m_7561_(LootPoolEntryContainer.java:86) ~[client-1.19.2-20220805.130853-srg.jar%23371!/:?]
	at net.minecraft.world.level.storage.loot.entries.LootPoolEntryContainer$Serializer.m_7561_(LootPoolEntryContainer.java:74) ~[client-1.19.2-20220805.130853-srg.jar%23371!/:?]
	at net.minecraft.world.level.storage.loot.GsonAdapterFactory$JsonAdapter.deserialize(GsonAdapterFactory.java:102) ~[client-1.19.2-20220805.130853-srg.jar%23371!/:?]
	at com.google.gson.internal.bind.TreeTypeAdapter.read(TreeTypeAdapter.java:69) ~[gson-2.8.9.jar%23112!/:?]
	at com.google.gson.internal.bind.TypeAdapterRuntimeTypeWrapper.read(TypeAdapterRuntimeTypeWrapper.java:41) ~[gson-2.8.9.jar%23112!/:?]
	at com.google.gson.internal.bind.ArrayTypeAdapter.read(ArrayTypeAdapter.java:72) ~[gson-2.8.9.jar%23112!/:?]
	at com.google.gson.Gson.fromJson(Gson.java:963) ~[gson-2.8.9.jar%23112!/:?]
	at com.google.gson.Gson.fromJson(Gson.java:1034) ~[gson-2.8.9.jar%23112!/:?]
	at com.google.gson.internal.bind.TreeTypeAdapter$GsonContextImpl.deserialize(TreeTypeAdapter.java:162) ~[gson-2.8.9.jar%23112!/:?]
	at net.minecraft.util.GsonHelper.m_13808_(GsonHelper.java:455) ~[client-1.19.2-20220805.130853-srg.jar%23371!/:?]
	at net.minecraft.util.GsonHelper.m_13836_(GsonHelper.java:463) ~[client-1.19.2-20220805.130853-srg.jar%23371!/:?]
	at net.minecraft.world.level.storage.loot.entries.CompositeEntryBase$1.m_5921_(CompositeEntryBase.java:61) ~[client-1.19.2-20220805.130853-srg.jar%23371!/:?]
	at net.minecraft.world.level.storage.loot.entries.CompositeEntryBase$1.m_5921_(CompositeEntryBase.java:53) ~[client-1.19.2-20220805.130853-srg.jar%23371!/:?]
	at net.minecraft.world.level.storage.loot.entries.LootPoolEntryContainer$Serializer.m_7561_(LootPoolEntryContainer.java:86) ~[client-1.19.2-20220805.130853-srg.jar%23371!/:?]
	at net.minecraft.world.level.storage.loot.entries.LootPoolEntryContainer$Serializer.m_7561_(LootPoolEntryContainer.java:74) ~[client-1.19.2-20220805.130853-srg.jar%23371!/:?]
	at net.minecraft.world.level.storage.loot.GsonAdapterFactory$JsonAdapter.deserialize(GsonAdapterFactory.java:102) ~[client-1.19.2-20220805.130853-srg.jar%23371!/:?]
	at com.google.gson.internal.bind.TreeTypeAdapter.read(TreeTypeAdapter.java:69) ~[gson-2.8.9.jar%23112!/:?]
	at com.google.gson.internal.bind.TypeAdapterRuntimeTypeWrapper.read(TypeAdapterRuntimeTypeWrapper.java:41) ~[gson-2.8.9.jar%23112!/:?]
	at com.google.gson.internal.bind.ArrayTypeAdapter.read(ArrayTypeAdapter.java:72) ~[gson-2.8.9.jar%23112!/:?]
	at com.google.gson.Gson.fromJson(Gson.java:963) ~[gson-2.8.9.jar%23112!/:?]
	at com.google.gson.Gson.fromJson(Gson.java:1034) ~[gson-2.8.9.jar%23112!/:?]
	at com.google.gson.internal.bind.TreeTypeAdapter$GsonContextImpl.deserialize(TreeTypeAdapter.java:162) ~[gson-2.8.9.jar%23112!/:?]
	at net.minecraft.util.GsonHelper.m_13808_(GsonHelper.java:455) ~[client-1.19.2-20220805.130853-srg.jar%23371!/:?]
	at net.minecraft.util.GsonHelper.m_13836_(GsonHelper.java:463) ~[client-1.19.2-20220805.130853-srg.jar%23371!/:?]
	at net.minecraft.world.level.storage.loot.LootPool$Serializer.deserialize(LootPool.java:190) ~[client-1.19.2-20220805.130853-srg.jar%23371!/:?]
	at net.minecraft.world.level.storage.loot.LootPool$Serializer.deserialize(LootPool.java:187) ~[client-1.19.2-20220805.130853-srg.jar%23371!/:?]
	at com.google.gson.internal.bind.TreeTypeAdapter.read(TreeTypeAdapter.java:69) ~[gson-2.8.9.jar%23112!/:?]
	at com.google.gson.internal.bind.TypeAdapterRuntimeTypeWrapper.read(TypeAdapterRuntimeTypeWrapper.java:41) ~[gson-2.8.9.jar%23112!/:?]
	at com.google.gson.internal.bind.ArrayTypeAdapter.read(ArrayTypeAdapter.java:72) ~[gson-2.8.9.jar%23112!/:?]
	at com.google.gson.Gson.fromJson(Gson.java:963) ~[gson-2.8.9.jar%23112!/:?]
	at com.google.gson.Gson.fromJson(Gson.java:1034) ~[gson-2.8.9.jar%23112!/:?]
	at com.google.gson.internal.bind.TreeTypeAdapter$GsonContextImpl.deserialize(TreeTypeAdapter.java:162) ~[gson-2.8.9.jar%23112!/:?]
	at net.minecraft.util.GsonHelper.m_13808_(GsonHelper.java:455) ~[client-1.19.2-20220805.130853-srg.jar%23371!/:?]
	at net.minecraft.util.GsonHelper.m_13845_(GsonHelper.java:473) ~[client-1.19.2-20220805.130853-srg.jar%23371!/:?]
	at net.minecraft.world.level.storage.loot.LootTable$Serializer.deserialize(LootTable.java:256) ~[client-1.19.2-20220805.130853-srg.jar%23371!/:?]
	at net.minecraft.world.level.storage.loot.LootTable$Serializer.deserialize(LootTable.java:253) ~[client-1.19.2-20220805.130853-srg.jar%23371!/:?]
	at com.google.gson.internal.bind.TreeTypeAdapter.read(TreeTypeAdapter.java:69) ~[gson-2.8.9.jar%23112!/:?]
	at com.google.gson.Gson.fromJson(Gson.java:963) ~[gson-2.8.9.jar%23112!/:?]
	at com.google.gson.Gson.fromJson(Gson.java:1034) ~[gson-2.8.9.jar%23112!/:?]
	at com.google.gson.Gson.fromJson(Gson.java:1006) ~[gson-2.8.9.jar%23112!/:?]
	at net.minecraftforge.common.ForgeHooks.loadLootTable(ForgeHooks.java:929) ~[forge-1.19.2-43.5.1-universal.jar%23376!/:?]
	at net.minecraft.world.level.storage.loot.LootTables.lambda$apply$0(LootTables.java:41) ~[client-1.19.2-20220805.130853-srg.jar%23371!/:?]
	at dev.latvian.mods.kubejs.core.LootTablesKJS.kjs$apply0(LootTablesKJS.java:36) ~[kubejs-forge-1902.6.2-build.73.jar%23322!/:1902.6.2-build.73]
	at net.minecraft.world.level.storage.loot.LootTables.redirect$zze000$kjs$apply(LootTables.java:518) ~[client-1.19.2-20220805.130853-srg.jar%23371!/:?]
	at net.minecraft.world.level.storage.loot.LootTables.m_5787_(LootTables.java:38) ~[client-1.19.2-20220805.130853-srg.jar%23371!/:?]
	at net.minecraft.world.level.storage.loot.LootTables.m_5787_(LootTables.java:16) ~[client-1.19.2-20220805.130853-srg.jar%23371!/:?]
	at net.minecraft.server.packs.resources.SimplePreparableReloadListener.m_10789_(SimplePreparableReloadListener.java:13) ~[client-1.19.2-20220805.130853-srg.jar%23371!/:?]
	at java.util.concurrent.CompletableFuture$UniAccept.tryFire(CompletableFuture.java:718) ~[?:?]
	at java.util.concurrent.CompletableFuture$Completion.run(CompletableFuture.java:482) ~[?:?]
	at net.minecraft.server.packs.resources.SimpleReloadInstance.m_143940_(SimpleReloadInstance.java:69) ~[client-1.19.2-20220805.130853-srg.jar%23371!/:?]
	at net.minecraft.util.thread.BlockableEventLoop.m_6367_(BlockableEventLoop.java:157) ~[client-1.19.2-20220805.130853-srg.jar%23371!/:?]
	at net.minecraft.util.thread.ReentrantBlockableEventLoop.m_6367_(ReentrantBlockableEventLoop.java:23) ~[client-1.19.2-20220805.130853-srg.jar%23371!/:?]
	at net.minecraft.util.thread.BlockableEventLoop.m_7245_(BlockableEventLoop.java:131) ~[client-1.19.2-20220805.130853-srg.jar%23371!/:?]
	at net.minecraft.util.thread.BlockableEventLoop.m_18701_(BlockableEventLoop.java:140) ~[client-1.19.2-20220805.130853-srg.jar%23371!/:?]
	at net.minecraft.client.gui.screens.worldselection.CreateWorldScreen.m_232896_(CreateWorldScreen.java:124) ~[client-1.19.2-20220805.130853-srg.jar%23371!/:?]
	at net.minecraft.client.gui.screens.worldselection.SelectWorldScreen.m_232983_(SelectWorldScreen.java:71) ~[client-1.19.2-20220805.130853-srg.jar%23371!/:?]
	at net.minecraft.client.gui.components.Button.m_5691_(Button.java:43) ~[client-1.19.2-20220805.130853-srg.jar%23371!/:?]
	at net.minecraft.client.gui.components.AbstractButton.m_5716_(AbstractButton.java:16) ~[client-1.19.2-20220805.130853-srg.jar%23371!/:?]
	at net.minecraft.client.gui.components.AbstractWidget.m_6375_(AbstractWidget.java:110) ~[client-1.19.2-20220805.130853-srg.jar%23371!/:?]
	at net.minecraft.client.gui.components.events.ContainerEventHandler.m_6375_(ContainerEventHandler.java:27) ~[client-1.19.2-20220805.130853-srg.jar%23371!/:?]
	at net.minecraft.client.MouseHandler.m_168084_(MouseHandler.java:88) ~[client-1.19.2-20220805.130853-srg.jar%23371!/:?]
	at net.minecraft.client.gui.screens.Screen.m_96579_(Screen.java:522) ~[client-1.19.2-20220805.130853-srg.jar%23371!/:?]
	at net.minecraft.client.MouseHandler.m_91530_(MouseHandler.java:85) ~[client-1.19.2-20220805.130853-srg.jar%23371!/:?]
	at net.minecraft.client.MouseHandler.m_168091_(MouseHandler.java:185) ~[client-1.19.2-20220805.130853-srg.jar%23371!/:?]
	at net.minecraft.util.thread.BlockableEventLoop.execute(BlockableEventLoop.java:103) ~[client-1.19.2-20220805.130853-srg.jar%23371!/:?]
	at net.minecraft.client.MouseHandler.m_91565_(MouseHandler.java:184) ~[client-1.19.2-20220805.130853-srg.jar%23371!/:?]
	at org.lwjgl.glfw.GLFWMouseButtonCallbackI.callback(GLFWMouseButtonCallbackI.java:43) ~[lwjgl-glfw-3.3.1.jar%2372!/:build 7]
	at org.lwjgl.system.JNI.invokeV(Native Method) ~[lwjgl-3.3.1.jar%2384!/:build 7]
	at org.lwjgl.glfw.GLFW.glfwPollEvents(GLFW.java:3403) ~[lwjgl-glfw-3.3.1.jar%2372!/:build 7]
	at com.mojang.blaze3d.systems.RenderSystem.m_69495_(RenderSystem.java:197) ~[client-1.19.2-20220805.130853-srg.jar%23371!/:?]
	at com.mojang.blaze3d.platform.Window.m_85435_(Window.java:337) ~[client-1.19.2-20220805.130853-srg.jar%23371!/:?]
	at net.minecraft.client.Minecraft.m_91383_(Minecraft.java:1143) ~[client-1.19.2-20220805.130853-srg.jar%23371!/:?]
	at net.minecraft.client.Minecraft.m_91374_(Minecraft.java:700) ~[client-1.19.2-20220805.130853-srg.jar%23371!/:?]
	at net.minecraft.client.main.Main.m_239872_(Main.java:212) ~[client-1.19.2-20220805.130853-srg.jar%23371!/:?]
	at net.minecraft.client.main.Main.main(Main.java:51) ~[client-1.19.2-20220805.130853-srg.jar%23371!/:?]
	at jdk.internal.reflect.NativeMethodAccessorImpl.invoke0(Native Method) ~[?:?]
	at jdk.internal.reflect.NativeMethodAccessorImpl.invoke(NativeMethodAccessorImpl.java:77) ~[?:?]
	at jdk.internal.reflect.DelegatingMethodAccessorImpl.invoke(DelegatingMethodAccessorImpl.java:43) ~[?:?]
	at java.lang.reflect.Method.invoke(Method.java:569) ~[?:?]
	at net.minecraftforge.fml.loading.targets.CommonClientLaunchHandler.lambda$launchService$0(CommonClientLaunchHandler.java:27) ~[fmlloader-1.19.2-43.5.1.jar%23140!/:?]
	at cpw.mods.modlauncher.LaunchServiceHandlerDecorator.launch(LaunchServiceHandlerDecorator.java:30) [modlauncher-10.0.8.jar%23127!/:?]
	at cpw.mods.modlauncher.LaunchServiceHandler.launch(LaunchServiceHandler.java:53) [modlauncher-10.0.8.jar%23127!/:?]
	at cpw.mods.modlauncher.LaunchServiceHandler.launch(LaunchServiceHandler.java:71) [modlauncher-10.0.8.jar%23127!/:?]
	at cpw.mods.modlauncher.Launcher.run(Launcher.java:106) [modlauncher-10.0.8.jar%23127!/:?]
	at cpw.mods.modlauncher.Launcher.main(Launcher.java:77) [modlauncher-10.0.8.jar%23127!/:?]
	at cpw.mods.modlauncher.BootstrapLaunchConsumer.accept(BootstrapLaunchConsumer.java:26) [modlauncher-10.0.8.jar%23127!/:?]
	at cpw.mods.modlauncher.BootstrapLaunchConsumer.accept(BootstrapLaunchConsumer.java:23) [modlauncher-10.0.8.jar%23127!/:?]
	at cpw.mods.bootstraplauncher.BootstrapLauncher.main(BootstrapLauncher.java:141) [bootstraplauncher-1.1.2.jar:?]
	at jdk.internal.reflect.NativeMethodAccessorImpl.invoke0(Native Method) ~[?:?]
	at jdk.internal.reflect.NativeMethodAccessorImpl.invoke(NativeMethodAccessorImpl.java:77) ~[?:?]
	at jdk.internal.reflect.DelegatingMethodAccessorImpl.invoke(DelegatingMethodAccessorImpl.java:43) ~[?:?]
	at java.lang.reflect.Method.invoke(Method.java:569) ~[?:?]
	at io.github.zekerzhayard.forgewrapper.installer.Main.main(Main.java:67) [ForgeWrapper-prism-2025-12-07.jar:prism-2025-12-07]
	at org.prismlauncher.launcher.impl.StandardLauncher.launch(StandardLauncher.java:105) [NewLaunch.jar:?]
	at org.prismlauncher.EntryPoint.listen(EntryPoint.java:129) [NewLaunch.jar:?]
	at org.prismlauncher.EntryPoint.main(EntryPoint.java:70) [NewLaunch.jar:?]
[14May2026 17:55:19.952] [Render thread/WARN] [net.minecraft.world.level.storage.loot.LootTables/]: Found validation problem in {minecraft:blocks/spawner}.pools[0].entries[0].entry[0].functions[1].conditions[0]: Parameters [<parameter minecraft:tool>] are not provided in this context
[14May2026 17:55:19.952] [Render thread/WARN] [net.minecraft.world.level.storage.loot.LootTables/]: Found validation problem in {minecraft:blocks/spawner}.pools[0].entries[0].entry[0].functions[2].conditions[0]: Parameters [<parameter minecraft:tool>] are not provided in this context
[14May2026 17:55:19.952] [Render thread/WARN] [net.minecraft.world.level.storage.loot.LootTables/]: Found validation problem in {minecraft:blocks/sweet_berry_bush}.pools[1].condition[0]: Parameters [<parameter minecraft:block_state>] are not provided in this context
[14May2026 17:55:19.954] [Render thread/INFO] [placebo/]: Registered 0 additional loot tables.
[14May2026 17:55:19.972] [Render thread/INFO] [com.teamabnormals.blueprint.core.Blueprint/]: Advancement Modification Manager has loaded 12 modifier groups
[14May2026 17:55:19.972] [Render thread/ERROR] [net.minecraft.tags.TagLoader/]: [Load My Fucking Tags] Couldn't load certain entries with the tag minecraft:load: bertiecrafter:bsm/load (from db3k_bald_snowmen), bertiecrafter:bsm/load (from db3k_bald_snowmen.zip)
[14May2026 17:55:19.975] [Render thread/INFO] [placebo/]: Registered 0 additional recipes.
[14May2026 17:55:19.980] [Render thread/INFO] [com.oitsjustjose.vtweaks.VTweaks/]: Successfully added new Challenger Mob mighty (vtweaks:mighty)
[14May2026 17:55:19.980] [Render thread/INFO] [com.oitsjustjose.vtweaks.VTweaks/]: Successfully added new Challenger Mob pyro (vtweaks:pyro)
[14May2026 17:55:19.980] [Render thread/INFO] [com.oitsjustjose.vtweaks.VTweaks/]: Successfully added new Challenger Mob ranger (vtweaks:ranger)
[14May2026 17:55:19.980] [Render thread/INFO] [com.oitsjustjose.vtweaks.VTweaks/]: Successfully added new Challenger Mob eldritch (vtweaks:eldritch)
[14May2026 17:55:19.981] [Render thread/INFO] [com.oitsjustjose.vtweaks.VTweaks/]: Successfully added new Challenger Mob zistonian (vtweaks:zistonian)
[14May2026 17:55:19.981] [Render thread/INFO] [com.oitsjustjose.vtweaks.VTweaks/]: Successfully added new Challenger Mob agile (vtweaks:agile)
[14May2026 17:55:19.981] [Render thread/INFO] [com.oitsjustjose.vtweaks.VTweaks/]: Successfully added new Challenger Mob arcane (vtweaks:arcane)
[14May2026 17:55:19.982] [Render thread/INFO] [com.oitsjustjose.vtweaks.VTweaks/]: Loaded vtweaks:culled_entities into EntityCullingRule for Entities[minecraft:creeper] + [] in Biomes [net.minecraft.world.level.biome.Biome@25cce8d5] + [TagKey[minecraft:worldgen/biome / minecraft:is_beach]] In [vtweaks:made_up_for_this_test_file]
[14May2026 17:55:19.986] [Render thread/INFO] [com.teamabnormals.blueprint.core.Blueprint/]: Structure Repaletter Manager has loaded 0 repaletters
[14May2026 17:55:19.992] [Render thread/INFO] [com.teamabnormals.blueprint.core.Blueprint/]: Modded Biome Slice Manager has loaded 1 slices
[14May2026 17:55:19.993] [Render thread/INFO] [com.teamabnormals.blueprint.core.Blueprint/]: Chunk Generator Modification Manager has loaded 0 modifier groups
[14May2026 17:55:19.997] [Render thread/INFO] [supplementaries/]: Loaded  8 flute songs
[14May2026 17:55:21.193] [Render thread/INFO] [supplementaries/]: Finished additional setup in 23 ms
[14May2026 17:55:21.196] [Render thread/INFO] [EMI/]: [EMI] Recipes synchronized, waiting for tags to reload EMI...
[14May2026 17:55:21.208] [Render thread/INFO] [de.keksuccino.fancymenu.customization.layer.ScreenCustomizationLayerHandler/]: [FANCYMENU] ScreenCustomizationLayer registered: create_world_screen
[14May2026 17:55:21.225] [Render thread/INFO] [Open Loader/]: Preparing Data Pack injection.
[14May2026 17:55:21.225] [Render thread/INFO] [Open Loader/]: Loaded folder Data Pack from /home/jonas/.local/share/PrismLauncher/instances/DB3K/minecraft/config/openloader/data/db3k_data.
[14May2026 17:55:21.225] [Render thread/INFO] [Open Loader/]: Loaded folder Data Pack from /home/jonas/.local/share/PrismLauncher/instances/DB3K/minecraft/config/openloader/data/Waterfalls_V3.3_2.
[14May2026 17:55:21.225] [Render thread/INFO] [Open Loader/]: Loaded folder Data Pack from /home/jonas/.local/share/PrismLauncher/instances/DB3K/minecraft/config/openloader/data/db3k_bald_snowmen.
[14May2026 17:55:21.226] [Render thread/INFO] [Open Loader/]: Loaded archive Data Pack from /home/jonas/.local/share/PrismLauncher/instances/DB3K/minecraft/config/openloader/data/db3k_bald_snowmen.zip.
[14May2026 17:55:21.226] [Render thread/INFO] [Open Loader/]: Successfully injected 4/4 packs from /home/jonas/.local/share/PrismLauncher/instances/DB3K/minecraft/config/openloader/data.
[14May2026 17:55:21.241] [Render thread/INFO] [supplementaries/]: Generated runtime SERVER_DATA for pack Supplementaries Generated Pack in: 0 ms
[14May2026 17:55:21.251] [Render thread/INFO] [supplementaries/]: Generated runtime SERVER_DATA for pack Supplementaries Generated Pack in: 0 ms
[14May2026 17:55:21.378] [Render thread/INFO] [KubeJS Server/]: Loaded script server_scripts:interaction_events.js in 0.006 s
[14May2026 17:55:21.379] [Render thread/INFO] [KubeJS Server/]: Loaded script server_scripts:structurenuke.js in 0.001 s
[14May2026 17:55:21.386] [Render thread/INFO] [KubeJS Server/]: server_script.js#16: Loaded Java class 'sereneseasons.api.season.SeasonHelper'
[14May2026 17:55:21.387] [Render thread/INFO] [KubeJS Server/]: Loaded script server_scripts:server_script.js in 0.004 s
[14May2026 17:55:21.390] [Render thread/INFO] [KubeJS Server/]: Loaded script server_scripts:bone_meal.js in 0.002 s
[14May2026 17:55:21.391] [Render thread/INFO] [KubeJS Server/]: Loaded script server_scripts:aesthetic_events.js in 0.001 s
[14May2026 17:55:21.392] [Render thread/INFO] [KubeJS Server/]: Loaded script server_scripts:tnt_diffuse.js in 0.001 s
[14May2026 17:55:21.392] [Render thread/INFO] [KubeJS Server/]: Loaded script server_scripts:tags.js in 0.0 s
[14May2026 17:55:21.393] [Render thread/INFO] [KubeJS Server/]: Loaded script server_scripts:skeletal_bows.js in 0.001 s
[14May2026 17:55:21.393] [Render thread/INFO] [KubeJS Server/]: Loaded script server_scripts:tags_sounds.js in 0.0 s
[14May2026 17:55:21.394] [Render thread/INFO] [KubeJS Server/]: Loaded script server_scripts:name_colors.js in 0.001 s
[14May2026 17:55:21.397] [Render thread/INFO] [KubeJS Server/]: Loaded script server_scripts:recipes.js in 0.002 s
[14May2026 17:55:21.397] [Render thread/INFO] [KubeJS Server/]: Loaded script server_scripts:startup_globals.js in 0.0 s
[14May2026 17:55:21.403] [Render thread/INFO] [KubeJS Server/]: Loaded script server_scripts:score.js in 0.001 s
[14May2026 17:55:21.404] [Render thread/INFO] [KubeJS Server/]: Loaded script server_scripts:item_nuke.js in 0.001 s
[14May2026 17:55:21.406] [Render thread/INFO] [KubeJS Server/]: Loaded script server_scripts:entity_events.js in 0.002 s
[14May2026 17:55:21.408] [Render thread/INFO] [KubeJS Server/]: Loaded script server_scripts:singlehanded.js in 0.001 s
[14May2026 17:55:21.408] [Render thread/INFO] [KubeJS Server/]: Loaded 16/16 KubeJS server scripts in 0.084 s
[14May2026 17:55:21.408] [Render thread/INFO] [KubeJS Server/]: Scripts loaded
[14May2026 17:55:21.410] [Render thread/INFO] [KubeJS Server/]: Initializing recipe event...
[14May2026 17:55:21.733] [Render thread/WARN] [net.minecraft.server.packs.FolderPackResources/]: Invalid path in datapack: minecraft:dimension_type/overworld - Copy.json, ignoring
[14May2026 17:55:21.776] [Render thread/WARN] [net.minecraft.server.packs.FolderPackResources/]: Invalid path in datapack: minecraft:worldgen/density_function/overworld/New folder/jaggedness.json, ignoring
[14May2026 17:55:21.776] [Render thread/WARN] [net.minecraft.server.packs.FolderPackResources/]: Invalid path in datapack: minecraft:worldgen/density_function/overworld/New folder/sloped_cheese.json, ignoring
[14May2026 17:55:21.776] [Render thread/WARN] [net.minecraft.server.packs.FolderPackResources/]: Invalid path in datapack: minecraft:worldgen/density_function/overworld/New folder/factor.json, ignoring
[14May2026 17:55:21.776] [Render thread/WARN] [net.minecraft.server.packs.FolderPackResources/]: Invalid path in datapack: minecraft:worldgen/density_function/overworld/New folder/offset.json, ignoring
[14May2026 17:55:21.790] [Render thread/ERROR] [net.minecraft.Util/]: Adding duplicate value 'net.minecraftforge.common.world.NoneBiomeModifier@162e4cc7' to registry
[14May2026 17:55:21.794] [Render thread/ERROR] [net.minecraft.Util/]: Adding duplicate value 'net.minecraftforge.common.world.NoneBiomeModifier@162e4cc7' to registry
[14May2026 17:55:21.859] [Render thread/WARN] [net.minecraft.server.packs.FolderPackResources/]: Invalid path in datapack: minecraft:dimension/overworld - Copy.json, ignoring
[14May2026 17:55:21.859] [Render thread/WARN] [net.minecraft.server.packs.FolderPackResources/]: Invalid path in datapack: minecraft:dimension/overworld - Copy (2).json, ignoring
[14May2026 17:55:21.874] [Worker-Main11/WARN] [net.minecraft.server.packs.FolderPackResources/]: Invalid path in datapack: forge:tags/entity_types/New Text Document.txt, ignoring
[14May2026 17:55:21.877] [Worker-Main12/INFO] [KubeJS Server/]: [minecraft:painting_variant] Found 1 tags, added 42 objects, removed 3 objects
[14May2026 17:55:21.887] [Worker-Main3/INFO] [KubeJS Server/]: [minecraft:worldgen/biome] Found 128 tags, added 0 objects, removed 108 objects
[14May2026 17:55:21.888] [Worker-Main7/WARN] [net.minecraft.server.packs.FolderPackResources/]: Invalid path in datapack: minecraft:recipes/New folder/light_blue_wool.json, ignoring
[14May2026 17:55:21.888] [Worker-Main7/WARN] [net.minecraft.server.packs.FolderPackResources/]: Invalid path in datapack: minecraft:recipes/New folder/magenta_wool.json, ignoring
[14May2026 17:55:21.888] [Worker-Main7/WARN] [net.minecraft.server.packs.FolderPackResources/]: Invalid path in datapack: minecraft:recipes/New folder/light_gray_wool.json, ignoring
[14May2026 17:55:21.888] [Worker-Main7/WARN] [net.minecraft.server.packs.FolderPackResources/]: Invalid path in datapack: minecraft:recipes/New folder/purple_wool.json, ignoring
[14May2026 17:55:21.888] [Worker-Main7/WARN] [net.minecraft.server.packs.FolderPackResources/]: Invalid path in datapack: minecraft:recipes/New folder/white_wool.json, ignoring
[14May2026 17:55:21.888] [Worker-Main7/WARN] [net.minecraft.server.packs.FolderPackResources/]: Invalid path in datapack: minecraft:recipes/New folder/black_wool.json, ignoring
[14May2026 17:55:21.888] [Worker-Main7/WARN] [net.minecraft.server.packs.FolderPackResources/]: Invalid path in datapack: minecraft:recipes/New folder/gray_wool.json, ignoring
[14May2026 17:55:21.888] [Worker-Main7/WARN] [net.minecraft.server.packs.FolderPackResources/]: Invalid path in datapack: minecraft:recipes/New folder/lime_wool.json, ignoring
[14May2026 17:55:21.888] [Worker-Main7/WARN] [net.minecraft.server.packs.FolderPackResources/]: Invalid path in datapack: minecraft:recipes/New folder/orange_wool.json, ignoring
[14May2026 17:55:21.888] [Worker-Main7/WARN] [net.minecraft.server.packs.FolderPackResources/]: Invalid path in datapack: minecraft:recipes/New folder/red_wool.json, ignoring
[14May2026 17:55:21.888] [Worker-Main7/WARN] [net.minecraft.server.packs.FolderPackResources/]: Invalid path in datapack: minecraft:recipes/New folder/pink_wool.json, ignoring
[14May2026 17:55:21.888] [Worker-Main7/WARN] [net.minecraft.server.packs.FolderPackResources/]: Invalid path in datapack: minecraft:recipes/New folder/brown_wool.json, ignoring
[14May2026 17:55:21.888] [Worker-Main7/WARN] [net.minecraft.server.packs.FolderPackResources/]: Invalid path in datapack: minecraft:recipes/New folder/blue_wool.json, ignoring
[14May2026 17:55:21.888] [Worker-Main7/WARN] [net.minecraft.server.packs.FolderPackResources/]: Invalid path in datapack: minecraft:recipes/New folder/cyan_wool.json, ignoring
[14May2026 17:55:21.888] [Worker-Main7/WARN] [net.minecraft.server.packs.FolderPackResources/]: Invalid path in datapack: minecraft:recipes/New folder/yellow_wool.json, ignoring
[14May2026 17:55:21.888] [Worker-Main7/WARN] [net.minecraft.server.packs.FolderPackResources/]: Invalid path in datapack: minecraft:recipes/New folder/green_wool.json, ignoring
[14May2026 17:55:21.889] [Worker-Main14/WARN] [net.minecraft.server.packs.FolderPackResources/]: Invalid path in datapack: minecraft:loot_tables/blocks/New folder/spruce_leaves.json, ignoring
[14May2026 17:55:21.889] [Worker-Main14/WARN] [net.minecraft.server.packs.FolderPackResources/]: Invalid path in datapack: minecraft:loot_tables/blocks/New folder/copper_ore.json, ignoring
[14May2026 17:55:21.889] [Worker-Main14/WARN] [net.minecraft.server.packs.FolderPackResources/]: Invalid path in datapack: minecraft:loot_tables/blocks/New folder/red_mushroom_block.json, ignoring
[14May2026 17:55:21.889] [Worker-Main14/WARN] [net.minecraft.server.packs.FolderPackResources/]: Invalid path in datapack: minecraft:loot_tables/blocks/New folder/glass.json, ignoring
[14May2026 17:55:21.889] [Worker-Main14/WARN] [net.minecraft.server.packs.FolderPackResources/]: Invalid path in datapack: minecraft:loot_tables/blocks/New folder/gravel1.json, ignoring
[14May2026 17:55:21.889] [Worker-Main14/WARN] [net.minecraft.server.packs.FolderPackResources/]: Invalid path in datapack: minecraft:loot_tables/blocks/New folder/sea_pickle.json, ignoring
[14May2026 17:55:21.889] [Worker-Main14/WARN] [net.minecraft.server.packs.FolderPackResources/]: Invalid path in datapack: minecraft:loot_tables/blocks/New folder/brown_mushroom_block.json, ignoring
[14May2026 17:55:21.889] [Worker-Main14/WARN] [net.minecraft.server.packs.FolderPackResources/]: Invalid path in datapack: minecraft:loot_tables/blocks/New folder/deepslate_gold_ore.json, ignoring
[14May2026 17:55:21.889] [Worker-Main14/WARN] [net.minecraft.server.packs.FolderPackResources/]: Invalid path in datapack: minecraft:loot_tables/blocks/New folder/dead_bush.json, ignoring
[14May2026 17:55:21.889] [Worker-Main14/WARN] [net.minecraft.server.packs.FolderPackResources/]: Invalid path in datapack: minecraft:loot_tables/blocks/New folder/oak_leaves.json, ignoring
[14May2026 17:55:21.889] [Worker-Main14/WARN] [net.minecraft.server.packs.FolderPackResources/]: Invalid path in datapack: minecraft:loot_tables/blocks/New folder/clay.json, ignoring
[14May2026 17:55:21.889] [Worker-Main14/WARN] [net.minecraft.server.packs.FolderPackResources/]: Invalid path in datapack: minecraft:loot_tables/blocks/New folder/deepslate_diamond_ore.json, ignoring
[14May2026 17:55:21.889] [Worker-Main14/WARN] [net.minecraft.server.packs.FolderPackResources/]: Invalid path in datapack: minecraft:loot_tables/blocks/New folder/deepslate_iron_ore.json, ignoring
[14May2026 17:55:21.889] [Worker-Main14/WARN] [net.minecraft.server.packs.FolderPackResources/]: Invalid path in datapack: minecraft:loot_tables/blocks/New folder/coarse_dirt1.json, ignoring
[14May2026 17:55:21.889] [Worker-Main14/WARN] [net.minecraft.server.packs.FolderPackResources/]: Invalid path in datapack: minecraft:loot_tables/blocks/New folder/deepslate_coal_ore.json, ignoring
[14May2026 17:55:21.889] [Worker-Main14/WARN] [net.minecraft.server.packs.FolderPackResources/]: Invalid path in datapack: minecraft:loot_tables/blocks/New folder/deepslate_redstone_ore.json, ignoring
[14May2026 17:55:21.889] [Worker-Main14/WARN] [net.minecraft.server.packs.FolderPackResources/]: Invalid path in datapack: minecraft:loot_tables/blocks/New folder/iron_ore.json, ignoring
[14May2026 17:55:21.889] [Worker-Main14/WARN] [net.minecraft.server.packs.FolderPackResources/]: Invalid path in datapack: minecraft:loot_tables/blocks/New folder/gold_ore.json, ignoring
[14May2026 17:55:21.889] [Worker-Main14/WARN] [net.minecraft.server.packs.FolderPackResources/]: Invalid path in datapack: minecraft:loot_tables/blocks/New folder/pointed_dripstone.json, ignoring
[14May2026 17:55:21.889] [Worker-Main14/WARN] [net.minecraft.server.packs.FolderPackResources/]: Invalid path in datapack: minecraft:loot_tables/blocks/New folder/deepslate_copper_ore.json, ignoring
[14May2026 17:55:21.889] [Worker-Main14/WARN] [net.minecraft.server.packs.FolderPackResources/]: Invalid path in datapack: minecraft:loot_tables/blocks/New folder/mushroom_stem.json, ignoring
[14May2026 17:55:21.905] [Worker-Main7/WARN] [net.minecraft.server.packs.FolderPackResources/]: Invalid path in datapack: redstonedustblock:recipes/New Text Document.txt, ignoring
[14May2026 17:55:22.158] [Worker-Main13/INFO] [KubeJS Server/]: tags.js#9: [minecraft:item] Found 498 tags, added 4 objects, removed 9 objects
[14May2026 17:55:22.159] [Worker-Main10/INFO] [KubeJS Server/]: [minecraft:block] Found 444 tags, added 120 objects, removed 6 objects
[14May2026 17:55:22.162] [Worker-Main10/ERROR] [net.minecraft.tags.TagLoader/]: [Load My Fucking Tags] Couldn't load certain entries with the tag minecraft:base_stone_overworld: kubejs:brimstone (from db3k_data)
[14May2026 17:55:22.162] [Worker-Main13/ERROR] [net.minecraft.tags.TagLoader/]: [Load My Fucking Tags] Couldn't load certain entries with the tag db3k:disabled_items: #spelunkery:glowsticks (from db3k_data), kubejs:astroturf (from db3k_data), kubejs:moss_ball (from db3k_data), kubejs:finished_planks (from db3k_data), kubejs:oil_lantern (from db3k_data), kubejs:oil (from db3k_data), kubejs:grass (from db3k_data), spelunkery:phosphor_fungus (from db3k_data), kubejs:substrate_bricks (from db3k_data), spelunkery:item_magnet (from db3k_data), spelunkery:salt (from db3k_data), spelunkery:salt_block (from db3k_data), spelunkery:cinnabar (from db3k_data), miningmaster:air_malachite (from db3k_data), miningmaster:air_malachite_block (from db3k_data), miningmaster:air_malachite_bow (from db3k_data), miningmaster:air_malachite_ore (from db3k_data), miningmaster:deepslate_dive_aquamarine_ore (from db3k_data), miningmaster:deepslate_divine_beryl_ore (from db3k_data), miningmaster:deepslate_fire_ruby_ore (from db3k_data), miningmaster:deepslate_haste_peridot_ore (from db3k_data), miningmaster:deepslate_ice_sapphire_ore (from db3k_data), miningmaster:deepslate_lucky_citrine_ore (from db3k_data), miningmaster:deepslate_spider_kunzite_ore (from db3k_data), miningmaster:deepslate_spirit_garnet_ore (from db3k_data), miningmaster:deepslate_unbreaking_iolite_ore (from db3k_data), miningmaster:dive_aquamarine (from db3k_data), miningmaster:dive_aquamarine_block (from db3k_data), miningmaster:dive_aquamarine_ore (from db3k_data), miningmaster:divine_beryl (from db3k_data), miningmaster:divine_beryl_block (from db3k_data), miningmaster:divine_beryl_ore (from db3k_data), miningmaster:fire_ruby (from db3k_data), miningmaster:fire_ruby_block (from db3k_data), miningmaster:fire_ruby_ore (from db3k_data), miningmaster:fire_ruby_sword (from db3k_data), miningmaster:haste_peridot (from db3k_data), miningmaster:haste_peridot_axe (from db3k_data), miningmaster:haste_peridot_block (from db3k_data), miningmaster:haste_peridot_ore (from db3k_data), miningmaster:haste_peridot_pickaxe (from db3k_data), miningmaster:heart_rhodonite (from db3k_data), miningmaster:heart_rhodonite_block (from db3k_data), miningmaster:heart_rhodonite_ore (from db3k_data), miningmaster:ice_sapphire (from db3k_data), miningmaster:ice_sapphire_block (from db3k_data), miningmaster:ice_sapphire_ore (from db3k_data), miningmaster:ice_sapphire_sword (from db3k_data), miningmaster:kinetic_opal (from db3k_data), miningmaster:kinetic_opal_axe (from db3k_data), miningmaster:kinetic_opal_block (from db3k_data), miningmaster:kinetic_opal_ore (from db3k_data), miningmaster:lucky_citrine (from db3k_data), miningmaster:lucky_citrine_block (from db3k_data), miningmaster:lucky_citrine_ore (from db3k_data), miningmaster:lucky_citrine_pickaxe (from db3k_data), miningmaster:lucky_citrine_sword (from db3k_data), miningmaster:malacore (from db3k_data), miningmaster:malacrust (from db3k_data), miningmaster:paragon_boots (from db3k_data), miningmaster:paragon_chestplate (from db3k_data), miningmaster:paragon_helmet (from db3k_data), miningmaster:paragon_leggings (from db3k_data), miningmaster:power_pyrite (from db3k_data), miningmaster:power_pyrite_axe (from db3k_data), miningmaster:power_pyrite_block (from db3k_data), miningmaster:power_pyrite_ore (from db3k_data), miningmaster:power_pyrite_sword (from db3k_data), miningmaster:spider_kunzite (from db3k_data), miningmaster:spider_kunzite_block (from db3k_data), miningmaster:spider_kunzite_ore (from db3k_data), miningmaster:spirit_garnet (from db3k_data), miningmaster:spirit_garnet_block (from db3k_data), miningmaster:spirit_garnet_ore (from db3k_data), miningmaster:spirit_garnet_sword (from db3k_data), miningmaster:ultima_axe (from db3k_data), miningmaster:ultima_pickaxe (from db3k_data), miningmaster:ultima_sword (from db3k_data), miningmaster:unbreaking_iolite (from db3k_data), miningmaster:unbreaking_iolite_block (from db3k_data), miningmaster:unbreaking_iolite_ore (from db3k_data), miningmaster:unbreaking_iolite_pickaxe (from db3k_data), caverns_and_chasms:dripstone_single_slab (from db3k_data), cloudboots:golden_feather (from db3k_data), grapplemod:baseupgradeitem (from db3k_data), grapplemod:block_grapple_modifier (from db3k_data), grapplemod:doubleupgradeitem (from db3k_data), grapplemod:forcefieldupgradeitem (from db3k_data), grapplemod:launcheritem (from db3k_data), grapplemod:limitsupgradeitem (from db3k_data), grapplemod:longfallboots (from db3k_data), grapplemod:magnetupgradeitem (from db3k_data), grapplemod:motorupgradeitem (from db3k_data), grapplemod:repeller (from db3k_data), grapplemod:rocketupgradeitem (from db3k_data), grapplemod:ropeupgradeitem (from db3k_data), grapplemod:staffupgradeitem (from db3k_data), grapplemod:swingupgradeitem (from db3k_data), grapplemod:throwupgradeitem (from db3k_data), guildedarrows:better_arrow (from db3k_data), guildedarrows:egg_arrow (from db3k_data), guildedarrows:electric_arrow (from db3k_data), guildedarrows:frost_arrow (from db3k_data), guildedarrows:glass_arrow (from db3k_data), guildedarrows:guilded_arrow (from db3k_data), guildedarrows:imprisoning_ice (from db3k_data), guildedarrows:parcel_arrow (from db3k_data), guildedarrows:pulse_arrow (from db3k_data), guildedarrows:random_arrow (from db3k_data), guildedarrows:soul_torch_arrow (from db3k_data), guildedarrows:torch_arrow (from db3k_data), guildedarrows:voice_box_arrow (from db3k_data), incubation:chicken_egg_crate (from db3k_data), incubation:hay_nest (from db3k_data), incubation:scrambled_eggs (from db3k_data), incubation:turtle_egg_crate (from db3k_data), kubejs:cinder_block (from db3k_data), kubejs:conglomerate (from db3k_data), kubejs:conglomerate (from db3k_data), kubejs:gold_pile (from db3k_data), kubejs:oxidized_shingles (from db3k_data), kubejs:pillar (from db3k_data), kubejs:plating (from db3k_data), kubejs:sandstone_pillar (from db3k_data), kubejs:shingles (from db3k_data), locallooks:magic_mirror (from db3k_data), caverns_and_chasms:polushed_tuff_stairs (from db3k_data), minecraft:quark_block (from db3k_data), minecraft:sculk_shreiker (from db3k_data), quark:amber_stool (from db3k_data), quark:beige_stool (from db3k_data), quark:bordeaux_stool (from db3k_data), quark:bubblegum_stool (from db3k_data), quark:chartreuse_stool (from db3k_data), quark:coral_stool (from db3k_data), quark:ender_stool (from db3k_data), quark:indigo_stool (from db3k_data), quark:lavender_stool (from db3k_data), quark:mint_stool (from db3k_data), quark:ochre_stool (from db3k_data), quark:olive_stool (from db3k_data), quark:seed_sack (from db3k_data), quark:turquoise_stool (from db3k_data), savage_and_ravage:blast_proof_plates (from db3k_data), savage_and_ravage:blast_proof_plating (from db3k_data), savage_and_ravage:blast_proof_slab (from db3k_data), savage_and_ravage:blast_proof_stairs (from db3k_data), savage_and_ravage:chiseled_gloomy_tiles (from db3k_data), savage_and_ravage:cleaver_of_beheading (from db3k_data), savage_and_ravage:gloomy_tile_slab (from db3k_data), savage_and_ravage:gloomy_tile_stairs (from db3k_data), savage_and_ravage:gloomy_tile_wall (from db3k_data), savage_and_ravage:gloomy_tiles (from db3k_data), savage_and_ravage:griefer_boots (from db3k_data), savage_and_ravage:griefer_chestplate (from db3k_data), savage_and_ravage:griefer_helmet (from db3k_data), savage_and_ravage:griefer_leggings (from db3k_data), savage_and_ravage:mischief_arrow (from db3k_data), savage_and_ravage:runed_gloomy_tiles (from db3k_data), spawnermod:spawner_key (from db3k_data), spelunkery:tangle_roots (from db3k_data), spelunkery:andesite_coal_ore (from db3k_data), spelunkery:andesite_copper_ore (from db3k_data), spelunkery:andesite_diamond_ore (from db3k_data), spelunkery:andesite_emerald_ore (from db3k_data), spelunkery:andesite_gold_ore (from db3k_data), spelunkery:andesite_iron_ore (from db3k_data), spelunkery:andesite_lapis_ore (from db3k_data), spelunkery:andesite_redstone_ore (from db3k_data), spelunkery:andesite_redstone_ore (from db3k_data), spelunkery:bellows (from db3k_data), spelunkery:button_mushroom (from db3k_data), spelunkery:calcite_redstone_ore (from db3k_data), spelunkery:carved_nephrite (from db3k_data), spelunkery:cinnabar_block (from db3k_data), spelunkery:cinnabar_shard (from db3k_data), spelunkery:coal_lump (from db3k_data), spelunkery:compression_blast_miner (from db3k_data), spelunkery:conk_fungus (from db3k_data), spelunkery:copper_nugget (from db3k_data), spelunkery:crimini (from db3k_data), spelunkery:depth_gauge (from db3k_data), spelunkery:diamond_grindstone (from db3k_data), spelunkery:diamond_shard (from db3k_data), spelunkery:diorite_coal_ore (from db3k_data), spelunkery:diorite_copper_ore (from db3k_data), spelunkery:diorite_diamond_ore (from db3k_data), spelunkery:diorite_emerald_ore (from db3k_data), spelunkery:diorite_gold_ore (from db3k_data), spelunkery:diorite_iron_ore (from db3k_data), spelunkery:diorite_lapis_ore (from db3k_data), spelunkery:diorite_redstone_ore (from db3k_data), spelunkery:diorite_redstone_ore (from db3k_data), spelunkery:dust_bun (from db3k_data), spelunkery:echo_fork (from db3k_data), spelunkery:emerald_shard (from db3k_data), spelunkery:flint_hammer_and_chisel (from db3k_data), spelunkery:granite_coal_ore (from db3k_data), spelunkery:granite_copper_ore (from db3k_data), spelunkery:granite_diamond_ore (from db3k_data), spelunkery:granite_emerald_ore (from db3k_data), spelunkery:granite_gold_ore (from db3k_data), spelunkery:granite_iron_ore (from db3k_data), spelunkery:granite_lapis_ore (from db3k_data), spelunkery:granite_redstone_ore (from db3k_data), spelunkery:granite_redstone_ore (from db3k_data), spelunkery:grilled_portabella (from db3k_data), spelunkery:handheld_compactor (from db3k_data), spelunkery:inkcap_mushroom (from db3k_data), spelunkery:inkcap_mushroom_block (from db3k_data), spelunkery:jade_shard (from db3k_data), spelunkery:lapis_lazuli_shard (from db3k_data), spelunkery:magnet (from db3k_data), spelunkery:magnetic_compass (from db3k_data), spelunkery:magnetite (from db3k_data), spelunkery:magnetite_chunk (from db3k_data), spelunkery:milly_bubcap (from db3k_data), spelunkery:milly_bubcap_block (from db3k_data), spelunkery:mineomite (from db3k_data), spelunkery:mushgloom (from db3k_data), spelunkery:nephrite (from db3k_data), spelunkery:nephrite_charm (from db3k_data), spelunkery:nephrite_chunk (from db3k_data), spelunkery:nephrite_diode (from db3k_data), spelunkery:nephrite_siphon (from db3k_data), spelunkery:nephrite_slab (from db3k_data), spelunkery:nephrite_spout (from db3k_data), spelunkery:nephrite_stairs (from db3k_data), spelunkery:nephrite_wall (from db3k_data), spelunkery:obsidian_hammer_and_chisel (from db3k_data), spelunkery:parachute (from db3k_data), spelunkery:polished_nephrite (from db3k_data), spelunkery:polished_nephrite_brick_slab (from db3k_data), spelunkery:polished_nephrite_brick_stairs (from db3k_data), spelunkery:polished_nephrite_brick_wall (from db3k_data), spelunkery:polished_nephrite_bricks (from db3k_data), spelunkery:polished_nephrite_bricks (from db3k_data), spelunkery:polished_nephrite_slab (from db3k_data), spelunkery:polished_nephrite_stairs (from db3k_data), spelunkery:polished_nephrite_wall (from db3k_data), spelunkery:polished_rock_salt (from db3k_data), spelunkery:polished_rock_salt_slab (from db3k_data), spelunkery:polished_rock_salt_stairs (from db3k_data), spelunkery:polished_rock_salt_wall (from db3k_data), spelunkery:portabella (from db3k_data), spelunkery:portabella_block (from db3k_data), spelunkery:portal_fluid_bottle (from db3k_data), spelunkery:portal_fluid_bucket (from db3k_data), spelunkery:raw_copper_nugget (from db3k_data), spelunkery:raw_gold_nugget (from db3k_data), spelunkery:raw_iron_nugget (from db3k_data), spelunkery:raw_lead_nugget (from db3k_data), spelunkery:raw_magnetite_nugget (from db3k_data), spelunkery:raw_nephrite (from db3k_data), spelunkery:raw_silver_nugget (from db3k_data), spelunkery:raw_zinc_nugget (from db3k_data), spelunkery:rock_salt (from db3k_data), spelunkery:rock_salt_block (from db3k_data), spelunkery:rock_salt_brick_slab (from db3k_data), spelunkery:rock_salt_brick_stairs (from db3k_data), spelunkery:rock_salt_brick_wall (from db3k_data), spelunkery:rock_salt_bricks (from db3k_data), spelunkery:rock_salt_slab (from db3k_data), spelunkery:rock_salt_stairs (from db3k_data), spelunkery:rock_salt_wall (from db3k_data), spelunkery:rope_ladder (from db3k_data), spelunkery:rough_cinnabar (from db3k_data), spelunkery:rough_cinnabar_block (from db3k_data), spelunkery:rough_cinnabar_shard (from db3k_data), spelunkery:rough_diamond (from db3k_data), spelunkery:rough_diamond_block (from db3k_data), spelunkery:rough_diamond_shard (from db3k_data), spelunkery:rough_emerald (from db3k_data), spelunkery:rough_emerald_block (from db3k_data), spelunkery:rough_emerald_shard (from db3k_data), spelunkery:rough_jade_shard (from db3k_data), spelunkery:rough_lazurite (from db3k_data), spelunkery:rough_lazurite_block (from db3k_data), spelunkery:rough_lazurite_shard (from db3k_data), spelunkery:rough_quartz_block (from db3k_data), spelunkery:salt_bucket (from db3k_data), spelunkery:salt_lamp (from db3k_data), spelunkery:saltpeter (from db3k_data), spelunkery:sandstone_lapis_ore (from db3k_data), spelunkery:smooth_basalt_diamond_ore (from db3k_data), spelunkery:sporophyte (from db3k_data), spelunkery:sulfur (from db3k_data), spelunkery:sulfur_geyser (from db3k_data), spelunkery:tall_sporophyte (from db3k_data), spelunkery:tuff_coal_ore (from db3k_data), spelunkery:tuff_copper_ore (from db3k_data), spelunkery:tuff_diamond_ore (from db3k_data), spelunkery:tuff_emerald_ore (from db3k_data), spelunkery:tuff_gold_ore (from db3k_data), spelunkery:tuff_iron_ore (from db3k_data), spelunkery:tuff_lapis_ore (from db3k_data), spelunkery:tuff_redstone_ore (from db3k_data), spelunkery:tuff_redstone_ore (from db3k_data), spelunkery:white_inkcap_mushroom (from db3k_data), spelunkery:white_inkcap_mushroom_block (from db3k_data), spelunkery:wooden_rail (from db3k_data), supplementaries:planter_rich (from db3k_data), supplementaries:stone_tiles (from db3k_data), tinted:amber_banner (from db3k_data), tinted:amber_bed (from db3k_data), tinted:amber_candle (from db3k_data), tinted:amber_carpet (from db3k_data), tinted:amber_concrete (from db3k_data), tinted:amber_concrete_powder (from db3k_data), tinted:amber_glazed_terracotta (from db3k_data), tinted:amber_shulker_box (from db3k_data), tinted:amber_stained_glass (from db3k_data), tinted:amber_stained_glass_pane (from db3k_data), tinted:beige_banner (from db3k_data), tinted:beige_bed (from db3k_data), tinted:beige_candle (from db3k_data), tinted:beige_carpet (from db3k_data), tinted:beige_concrete (from db3k_data), tinted:beige_concrete_powder (from db3k_data), tinted:beige_dye (from db3k_data), tinted:beige_glazed_terracotta (from db3k_data), tinted:beige_shulker_box (from db3k_data), tinted:beige_stained_glass (from db3k_data), tinted:beige_stained_glass_pane (from db3k_data), tinted:beige_wool (from db3k_data), tinted:bordeaux_banner (from db3k_data), tinted:bordeaux_bed (from db3k_data), tinted:bordeaux_candle (from db3k_data), tinted:bordeaux_carpet (from db3k_data), tinted:bordeaux_concrete (from db3k_data), tinted:bordeaux_concrete_powder (from db3k_data), tinted:bordeaux_glazed_terracotta (from db3k_data), tinted:bordeaux_shulker_box (from db3k_data), tinted:bordeaux_stained_glass (from db3k_data), tinted:bordeaux_stained_glass_pane (from db3k_data), tinted:bubblegum_banner (from db3k_data), tinted:bubblegum_bed (from db3k_data), tinted:bubblegum_candle (from db3k_data), tinted:bubblegum_carpet (from db3k_data), tinted:bubblegum_concrete (from db3k_data), tinted:bubblegum_concrete_powder (from db3k_data), tinted:bubblegum_glazed_terracotta (from db3k_data), tinted:bubblegum_shulker_box (from db3k_data), tinted:bubblegum_stained_glass (from db3k_data), tinted:bubblegum_stained_glass_pane (from db3k_data), tinted:chartreuse_banner (from db3k_data), tinted:chartreuse_bed (from db3k_data), tinted:chartreuse_candle (from db3k_data), tinted:chartreuse_carpet (from db3k_data), tinted:chartreuse_concrete (from db3k_data), tinted:chartreuse_concrete_powder (from db3k_data), tinted:chartreuse_glazed_terracotta (from db3k_data), tinted:chartreuse_shulker_box (from db3k_data), tinted:chartreuse_stained_glass (from db3k_data), tinted:chartreuse_stained_glass_pane (from db3k_data), tinted:coral_banner (from db3k_data), tinted:coral_bed (from db3k_data), tinted:coral_candle (from db3k_data), tinted:coral_carpet (from db3k_data), tinted:coral_concrete (from db3k_data), tinted:coral_concrete_powder (from db3k_data), tinted:coral_glazed_terracotta (from db3k_data), tinted:coral_shulker_box (from db3k_data), tinted:coral_stained_glass (from db3k_data), tinted:coral_stained_glass_pane (from db3k_data), tinted:ender_banner (from db3k_data), tinted:ender_bed (from db3k_data), tinted:ender_candle (from db3k_data), tinted:ender_carpet (from db3k_data), tinted:ender_concrete (from db3k_data), tinted:ender_concrete_powder (from db3k_data), tinted:ender_glazed_terracotta (from db3k_data), tinted:ender_shulker_box (from db3k_data), tinted:ender_stained_glass (from db3k_data), tinted:ender_stained_glass_pane (from db3k_data), tinted:indigo_banner (from db3k_data), tinted:indigo_bed (from db3k_data), tinted:indigo_candle (from db3k_data), tinted:indigo_carpet (from db3k_data), tinted:indigo_concrete (from db3k_data), tinted:indigo_concrete_powder (from db3k_data), tinted:indigo_glazed_terracotta (from db3k_data), tinted:indigo_shulker_box (from db3k_data), tinted:indigo_stained_glass (from db3k_data), tinted:indigo_stained_glass_pane (from db3k_data), tinted:lavender_banner (from db3k_data), tinted:lavender_bed (from db3k_data), tinted:lavender_candle (from db3k_data), tinted:lavender_carpet (from db3k_data), tinted:lavender_concrete (from db3k_data), tinted:lavender_concrete_powder (from db3k_data), tinted:lavender_glazed_terracotta (from db3k_data), tinted:lavender_shulker_box (from db3k_data), tinted:lavender_stained_glass (from db3k_data), tinted:lavender_stained_glass_pane (from db3k_data), tinted:mint_banner (from db3k_data), tinted:mint_bed (from db3k_data), tinted:mint_candle (from db3k_data), tinted:mint_carpet (from db3k_data), tinted:mint_concrete (from db3k_data), tinted:mint_concrete_powder (from db3k_data), tinted:mint_glazed_terracotta (from db3k_data), tinted:mint_shulker_box (from db3k_data), tinted:mint_stained_glass (from db3k_data), tinted:mint_stained_glass_pane (from db3k_data), tinted:ochre_banner (from db3k_data), tinted:ochre_bed (from db3k_data), tinted:ochre_candle (from db3k_data), tinted:ochre_carpet (from db3k_data), tinted:ochre_concrete (from db3k_data), tinted:ochre_concrete_powder (from db3k_data), tinted:ochre_glazed_terracotta (from db3k_data), tinted:ochre_shulker_box (from db3k_data), tinted:ochre_stained_glass (from db3k_data), tinted:ochre_stained_glass_pane (from db3k_data), tinted:olive_banner (from db3k_data), tinted:olive_bed (from db3k_data), tinted:olive_candle (from db3k_data), tinted:olive_carpet (from db3k_data), tinted:olive_concrete (from db3k_data), tinted:olive_concrete_powder (from db3k_data), tinted:olive_glazed_terracotta (from db3k_data), tinted:olive_shulker_box (from db3k_data), tinted:olive_stained_glass (from db3k_data), tinted:olive_stained_glass_pane (from db3k_data), tinted:paintbrush (from db3k_data), tinted:turquoise_banner (from db3k_data), tinted:turquoise_bed (from db3k_data), tinted:turquoise_candle (from db3k_data), tinted:turquoise_carpet (from db3k_data), tinted:turquoise_concrete (from db3k_data), tinted:turquoise_concrete_powder (from db3k_data), tinted:turquoise_glazed_terracotta (from db3k_data), tinted:turquoise_shulker_box (from db3k_data), tinted:turquoise_stained_glass (from db3k_data), tinted:turquoise_stained_glass_pane (from db3k_data)
[14May2026 17:55:22.175] [Render thread/INFO] [KubeJS Server/]: Processing recipes...
[14May2026 17:55:22.198] [Render thread/INFO] [KubeJS Server/]: Found 1881 recipes in 23.24 ms
[14May2026 17:55:22.565] [Render thread/INFO] [KubeJS Server/]: Posted recipe events in 366.2 ms
[14May2026 17:55:22.566] [KubeJS Recipe Event Worker 0/WARN] [KubeJS Server/]: Error parsing recipe db3k:crafting/cobblestone[minecraft:crafting_shaped]: {"type":"minecraft:crafting_shaped","pattern":["  ","  "],"key":{},"result":{"item":"minecraft:cobblestone","count":1}}: java.lang.ArrayIndexOutOfBoundsException: Index 0 out of bounds for length 0
[14May2026 17:55:22.566] [KubeJS Recipe Event Worker 0/WARN] [KubeJS Server/]: Error parsing recipe db3k:crafting/ice[minecraft:crafting_shaped]: {"type":"minecraft:crafting_shaped","pattern":["  ","  "],"key":{},"result":{"item":"minecraft:ice","count":1}}: java.lang.ArrayIndexOutOfBoundsException: Index 0 out of bounds for length 0
[14May2026 17:55:22.571] [Render thread/INFO] [KubeJS Server/]: Added 37 recipes, removed 1567 recipes, modified 4 recipes, with 2 failed recipes in 5.394 ms
[14May2026 17:55:22.572] [Render thread/INFO] [com.teamabnormals.blueprint.core.Blueprint/]: Loot Modification Manager has loaded 20 modifier groups
[14May2026 17:55:22.681] [Render thread/ERROR] [net.minecraft.world.level.storage.loot.LootTables/]: Couldn't parse loot table kubejs:blocks/fish_barrel
com.google.gson.JsonSyntaxException: Expected name to be an item, was unknown string 'kubejs:fish_barrel'
	at net.minecraft.util.GsonHelper.m_13866_(GsonHelper.java:137) ~[client-1.19.2-20220805.130853-srg.jar%23371!/:?]
	at java.util.Optional.orElseThrow(Optional.java:403) ~[?:?]
	at net.minecraft.util.GsonHelper.m_13874_(GsonHelper.java:137) ~[client-1.19.2-20220805.130853-srg.jar%23371!/:?]
	at net.minecraft.util.GsonHelper.m_13909_(GsonHelper.java:145) ~[client-1.19.2-20220805.130853-srg.jar%23371!/:?]
	at net.minecraft.world.level.storage.loot.entries.LootItem$Serializer.m_7267_(LootItem.java:55) ~[client-1.19.2-20220805.130853-srg.jar%23371!/:?]
	at net.minecraft.world.level.storage.loot.entries.LootItem$Serializer.m_7267_(LootItem.java:40) ~[client-1.19.2-20220805.130853-srg.jar%23371!/:?]
	at net.minecraft.world.level.storage.loot.entries.LootPoolSingletonContainer$Serializer.m_5921_(LootPoolSingletonContainer.java:151) ~[client-1.19.2-20220805.130853-srg.jar%23371!/:?]
	at net.minecraft.world.level.storage.loot.entries.LootPoolSingletonContainer$Serializer.m_5921_(LootPoolSingletonContainer.java:129) ~[client-1.19.2-20220805.130853-srg.jar%23371!/:?]
	at net.minecraft.world.level.storage.loot.entries.LootPoolEntryContainer$Serializer.m_7561_(LootPoolEntryContainer.java:86) ~[client-1.19.2-20220805.130853-srg.jar%23371!/:?]
	at net.minecraft.world.level.storage.loot.entries.LootPoolEntryContainer$Serializer.m_7561_(LootPoolEntryContainer.java:74) ~[client-1.19.2-20220805.130853-srg.jar%23371!/:?]
	at net.minecraft.world.level.storage.loot.GsonAdapterFactory$JsonAdapter.deserialize(GsonAdapterFactory.java:102) ~[client-1.19.2-20220805.130853-srg.jar%23371!/:?]
	at com.google.gson.internal.bind.TreeTypeAdapter.read(TreeTypeAdapter.java:69) ~[gson-2.8.9.jar%23112!/:?]
	at com.google.gson.internal.bind.TypeAdapterRuntimeTypeWrapper.read(TypeAdapterRuntimeTypeWrapper.java:41) ~[gson-2.8.9.jar%23112!/:?]
	at com.google.gson.internal.bind.ArrayTypeAdapter.read(ArrayTypeAdapter.java:72) ~[gson-2.8.9.jar%23112!/:?]
	at com.google.gson.Gson.fromJson(Gson.java:963) ~[gson-2.8.9.jar%23112!/:?]
	at com.google.gson.Gson.fromJson(Gson.java:1034) ~[gson-2.8.9.jar%23112!/:?]
	at com.google.gson.internal.bind.TreeTypeAdapter$GsonContextImpl.deserialize(TreeTypeAdapter.java:162) ~[gson-2.8.9.jar%23112!/:?]
	at net.minecraft.util.GsonHelper.m_13808_(GsonHelper.java:455) ~[client-1.19.2-20220805.130853-srg.jar%23371!/:?]
	at net.minecraft.util.GsonHelper.m_13836_(GsonHelper.java:463) ~[client-1.19.2-20220805.130853-srg.jar%23371!/:?]
	at net.minecraft.world.level.storage.loot.entries.CompositeEntryBase$1.m_5921_(CompositeEntryBase.java:61) ~[client-1.19.2-20220805.130853-srg.jar%23371!/:?]
	at net.minecraft.world.level.storage.loot.entries.CompositeEntryBase$1.m_5921_(CompositeEntryBase.java:53) ~[client-1.19.2-20220805.130853-srg.jar%23371!/:?]
	at net.minecraft.world.level.storage.loot.entries.LootPoolEntryContainer$Serializer.m_7561_(LootPoolEntryContainer.java:86) ~[client-1.19.2-20220805.130853-srg.jar%23371!/:?]
	at net.minecraft.world.level.storage.loot.entries.LootPoolEntryContainer$Serializer.m_7561_(LootPoolEntryContainer.java:74) ~[client-1.19.2-20220805.130853-srg.jar%23371!/:?]
	at net.minecraft.world.level.storage.loot.GsonAdapterFactory$JsonAdapter.deserialize(GsonAdapterFactory.java:102) ~[client-1.19.2-20220805.130853-srg.jar%23371!/:?]
	at com.google.gson.internal.bind.TreeTypeAdapter.read(TreeTypeAdapter.java:69) ~[gson-2.8.9.jar%23112!/:?]
	at com.google.gson.internal.bind.TypeAdapterRuntimeTypeWrapper.read(TypeAdapterRuntimeTypeWrapper.java:41) ~[gson-2.8.9.jar%23112!/:?]
	at com.google.gson.internal.bind.ArrayTypeAdapter.read(ArrayTypeAdapter.java:72) ~[gson-2.8.9.jar%23112!/:?]
	at com.google.gson.Gson.fromJson(Gson.java:963) ~[gson-2.8.9.jar%23112!/:?]
	at com.google.gson.Gson.fromJson(Gson.java:1034) ~[gson-2.8.9.jar%23112!/:?]
	at com.google.gson.internal.bind.TreeTypeAdapter$GsonContextImpl.deserialize(TreeTypeAdapter.java:162) ~[gson-2.8.9.jar%23112!/:?]
	at net.minecraft.util.GsonHelper.m_13808_(GsonHelper.java:455) ~[client-1.19.2-20220805.130853-srg.jar%23371!/:?]
	at net.minecraft.util.GsonHelper.m_13836_(GsonHelper.java:463) ~[client-1.19.2-20220805.130853-srg.jar%23371!/:?]
	at net.minecraft.world.level.storage.loot.LootPool$Serializer.deserialize(LootPool.java:190) ~[client-1.19.2-20220805.130853-srg.jar%23371!/:?]
	at net.minecraft.world.level.storage.loot.LootPool$Serializer.deserialize(LootPool.java:187) ~[client-1.19.2-20220805.130853-srg.jar%23371!/:?]
	at com.google.gson.internal.bind.TreeTypeAdapter.read(TreeTypeAdapter.java:69) ~[gson-2.8.9.jar%23112!/:?]
	at com.google.gson.internal.bind.TypeAdapterRuntimeTypeWrapper.read(TypeAdapterRuntimeTypeWrapper.java:41) ~[gson-2.8.9.jar%23112!/:?]
	at com.google.gson.internal.bind.ArrayTypeAdapter.read(ArrayTypeAdapter.java:72) ~[gson-2.8.9.jar%23112!/:?]
	at com.google.gson.Gson.fromJson(Gson.java:963) ~[gson-2.8.9.jar%23112!/:?]
	at com.google.gson.Gson.fromJson(Gson.java:1034) ~[gson-2.8.9.jar%23112!/:?]
	at com.google.gson.internal.bind.TreeTypeAdapter$GsonContextImpl.deserialize(TreeTypeAdapter.java:162) ~[gson-2.8.9.jar%23112!/:?]
	at net.minecraft.util.GsonHelper.m_13808_(GsonHelper.java:455) ~[client-1.19.2-20220805.130853-srg.jar%23371!/:?]
	at net.minecraft.util.GsonHelper.m_13845_(GsonHelper.java:473) ~[client-1.19.2-20220805.130853-srg.jar%23371!/:?]
	at net.minecraft.world.level.storage.loot.LootTable$Serializer.deserialize(LootTable.java:256) ~[client-1.19.2-20220805.130853-srg.jar%23371!/:?]
	at net.minecraft.world.level.storage.loot.LootTable$Serializer.deserialize(LootTable.java:253) ~[client-1.19.2-20220805.130853-srg.jar%23371!/:?]
	at com.google.gson.internal.bind.TreeTypeAdapter.read(TreeTypeAdapter.java:69) ~[gson-2.8.9.jar%23112!/:?]
	at com.google.gson.Gson.fromJson(Gson.java:963) ~[gson-2.8.9.jar%23112!/:?]
	at com.google.gson.Gson.fromJson(Gson.java:1034) ~[gson-2.8.9.jar%23112!/:?]
	at com.google.gson.Gson.fromJson(Gson.java:1006) ~[gson-2.8.9.jar%23112!/:?]
	at net.minecraftforge.common.ForgeHooks.loadLootTable(ForgeHooks.java:929) ~[forge-1.19.2-43.5.1-universal.jar%23376!/:?]
	at net.minecraft.world.level.storage.loot.LootTables.lambda$apply$0(LootTables.java:41) ~[client-1.19.2-20220805.130853-srg.jar%23371!/:?]
	at dev.latvian.mods.kubejs.core.LootTablesKJS.kjs$apply0(LootTablesKJS.java:36) ~[kubejs-forge-1902.6.2-build.73.jar%23322!/:1902.6.2-build.73]
	at net.minecraft.world.level.storage.loot.LootTables.redirect$zze000$kjs$apply(LootTables.java:518) ~[client-1.19.2-20220805.130853-srg.jar%23371!/:?]
	at net.minecraft.world.level.storage.loot.LootTables.m_5787_(LootTables.java:38) ~[client-1.19.2-20220805.130853-srg.jar%23371!/:?]
	at net.minecraft.world.level.storage.loot.LootTables.m_5787_(LootTables.java:16) ~[client-1.19.2-20220805.130853-srg.jar%23371!/:?]
	at net.minecraft.server.packs.resources.SimplePreparableReloadListener.m_10789_(SimplePreparableReloadListener.java:13) ~[client-1.19.2-20220805.130853-srg.jar%23371!/:?]
	at java.util.concurrent.CompletableFuture$UniAccept.tryFire(CompletableFuture.java:718) ~[?:?]
	at java.util.concurrent.CompletableFuture$Completion.run(CompletableFuture.java:482) ~[?:?]
	at net.minecraft.server.packs.resources.SimpleReloadInstance.m_143940_(SimpleReloadInstance.java:69) ~[client-1.19.2-20220805.130853-srg.jar%23371!/:?]
	at net.minecraft.util.thread.BlockableEventLoop.m_6367_(BlockableEventLoop.java:157) ~[client-1.19.2-20220805.130853-srg.jar%23371!/:?]
	at net.minecraft.util.thread.ReentrantBlockableEventLoop.m_6367_(ReentrantBlockableEventLoop.java:23) ~[client-1.19.2-20220805.130853-srg.jar%23371!/:?]
	at net.minecraft.util.thread.BlockableEventLoop.m_7245_(BlockableEventLoop.java:131) ~[client-1.19.2-20220805.130853-srg.jar%23371!/:?]
	at net.minecraft.util.thread.BlockableEventLoop.m_18699_(BlockableEventLoop.java:116) ~[client-1.19.2-20220805.130853-srg.jar%23371!/:?]
	at net.minecraft.client.Minecraft.m_91383_(Minecraft.java:1072) ~[client-1.19.2-20220805.130853-srg.jar%23371!/:?]
	at net.minecraft.client.Minecraft.m_91374_(Minecraft.java:700) ~[client-1.19.2-20220805.130853-srg.jar%23371!/:?]
	at net.minecraft.client.main.Main.m_239872_(Main.java:212) ~[client-1.19.2-20220805.130853-srg.jar%23371!/:?]
	at net.minecraft.client.main.Main.main(Main.java:51) ~[client-1.19.2-20220805.130853-srg.jar%23371!/:?]
	at jdk.internal.reflect.NativeMethodAccessorImpl.invoke0(Native Method) ~[?:?]
	at jdk.internal.reflect.NativeMethodAccessorImpl.invoke(NativeMethodAccessorImpl.java:77) ~[?:?]
	at jdk.internal.reflect.DelegatingMethodAccessorImpl.invoke(DelegatingMethodAccessorImpl.java:43) ~[?:?]
	at java.lang.reflect.Method.invoke(Method.java:569) ~[?:?]
	at net.minecraftforge.fml.loading.targets.CommonClientLaunchHandler.lambda$launchService$0(CommonClientLaunchHandler.java:27) ~[fmlloader-1.19.2-43.5.1.jar%23140!/:?]
	at cpw.mods.modlauncher.LaunchServiceHandlerDecorator.launch(LaunchServiceHandlerDecorator.java:30) [modlauncher-10.0.8.jar%23127!/:?]
	at cpw.mods.modlauncher.LaunchServiceHandler.launch(LaunchServiceHandler.java:53) [modlauncher-10.0.8.jar%23127!/:?]
	at cpw.mods.modlauncher.LaunchServiceHandler.launch(LaunchServiceHandler.java:71) [modlauncher-10.0.8.jar%23127!/:?]
	at cpw.mods.modlauncher.Launcher.run(Launcher.java:106) [modlauncher-10.0.8.jar%23127!/:?]
	at cpw.mods.modlauncher.Launcher.main(Launcher.java:77) [modlauncher-10.0.8.jar%23127!/:?]
	at cpw.mods.modlauncher.BootstrapLaunchConsumer.accept(BootstrapLaunchConsumer.java:26) [modlauncher-10.0.8.jar%23127!/:?]
	at cpw.mods.modlauncher.BootstrapLaunchConsumer.accept(BootstrapLaunchConsumer.java:23) [modlauncher-10.0.8.jar%23127!/:?]
	at cpw.mods.bootstraplauncher.BootstrapLauncher.main(BootstrapLauncher.java:141) [bootstraplauncher-1.1.2.jar:?]
	at jdk.internal.reflect.NativeMethodAccessorImpl.invoke0(Native Method) ~[?:?]
	at jdk.internal.reflect.NativeMethodAccessorImpl.invoke(NativeMethodAccessorImpl.java:77) ~[?:?]
	at jdk.internal.reflect.DelegatingMethodAccessorImpl.invoke(DelegatingMethodAccessorImpl.java:43) ~[?:?]
	at java.lang.reflect.Method.invoke(Method.java:569) ~[?:?]
	at io.github.zekerzhayard.forgewrapper.installer.Main.main(Main.java:67) [ForgeWrapper-prism-2025-12-07.jar:prism-2025-12-07]
	at org.prismlauncher.launcher.impl.StandardLauncher.launch(StandardLauncher.java:105) [NewLaunch.jar:?]
	at org.prismlauncher.EntryPoint.listen(EntryPoint.java:129) [NewLaunch.jar:?]
	at org.prismlauncher.EntryPoint.main(EntryPoint.java:70) [NewLaunch.jar:?]
[14May2026 17:55:22.713] [Render thread/ERROR] [net.minecraft.world.level.storage.loot.LootTables/]: Couldn't parse loot table minecraft:blocks/grass
com.google.gson.JsonSyntaxException: Expected name to be an item, was unknown string 'kubejs:turnip_seed'
	at net.minecraft.util.GsonHelper.m_13866_(GsonHelper.java:137) ~[client-1.19.2-20220805.130853-srg.jar%23371!/:?]
	at java.util.Optional.orElseThrow(Optional.java:403) ~[?:?]
	at net.minecraft.util.GsonHelper.m_13874_(GsonHelper.java:137) ~[client-1.19.2-20220805.130853-srg.jar%23371!/:?]
	at net.minecraft.util.GsonHelper.m_13909_(GsonHelper.java:145) ~[client-1.19.2-20220805.130853-srg.jar%23371!/:?]
	at net.minecraft.world.level.storage.loot.entries.LootItem$Serializer.m_7267_(LootItem.java:55) ~[client-1.19.2-20220805.130853-srg.jar%23371!/:?]
	at net.minecraft.world.level.storage.loot.entries.LootItem$Serializer.m_7267_(LootItem.java:40) ~[client-1.19.2-20220805.130853-srg.jar%23371!/:?]
	at net.minecraft.world.level.storage.loot.entries.LootPoolSingletonContainer$Serializer.m_5921_(LootPoolSingletonContainer.java:151) ~[client-1.19.2-20220805.130853-srg.jar%23371!/:?]
	at net.minecraft.world.level.storage.loot.entries.LootPoolSingletonContainer$Serializer.m_5921_(LootPoolSingletonContainer.java:129) ~[client-1.19.2-20220805.130853-srg.jar%23371!/:?]
	at net.minecraft.world.level.storage.loot.entries.LootPoolEntryContainer$Serializer.m_7561_(LootPoolEntryContainer.java:86) ~[client-1.19.2-20220805.130853-srg.jar%23371!/:?]
	at net.minecraft.world.level.storage.loot.entries.LootPoolEntryContainer$Serializer.m_7561_(LootPoolEntryContainer.java:74) ~[client-1.19.2-20220805.130853-srg.jar%23371!/:?]
	at net.minecraft.world.level.storage.loot.GsonAdapterFactory$JsonAdapter.deserialize(GsonAdapterFactory.java:102) ~[client-1.19.2-20220805.130853-srg.jar%23371!/:?]
	at com.google.gson.internal.bind.TreeTypeAdapter.read(TreeTypeAdapter.java:69) ~[gson-2.8.9.jar%23112!/:?]
	at com.google.gson.internal.bind.TypeAdapterRuntimeTypeWrapper.read(TypeAdapterRuntimeTypeWrapper.java:41) ~[gson-2.8.9.jar%23112!/:?]
	at com.google.gson.internal.bind.ArrayTypeAdapter.read(ArrayTypeAdapter.java:72) ~[gson-2.8.9.jar%23112!/:?]
	at com.google.gson.Gson.fromJson(Gson.java:963) ~[gson-2.8.9.jar%23112!/:?]
	at com.google.gson.Gson.fromJson(Gson.java:1034) ~[gson-2.8.9.jar%23112!/:?]
	at com.google.gson.internal.bind.TreeTypeAdapter$GsonContextImpl.deserialize(TreeTypeAdapter.java:162) ~[gson-2.8.9.jar%23112!/:?]
	at net.minecraft.util.GsonHelper.m_13808_(GsonHelper.java:455) ~[client-1.19.2-20220805.130853-srg.jar%23371!/:?]
	at net.minecraft.util.GsonHelper.m_13836_(GsonHelper.java:463) ~[client-1.19.2-20220805.130853-srg.jar%23371!/:?]
	at net.minecraft.world.level.storage.loot.entries.CompositeEntryBase$1.m_5921_(CompositeEntryBase.java:61) ~[client-1.19.2-20220805.130853-srg.jar%23371!/:?]
	at net.minecraft.world.level.storage.loot.entries.CompositeEntryBase$1.m_5921_(CompositeEntryBase.java:53) ~[client-1.19.2-20220805.130853-srg.jar%23371!/:?]
	at net.minecraft.world.level.storage.loot.entries.LootPoolEntryContainer$Serializer.m_7561_(LootPoolEntryContainer.java:86) ~[client-1.19.2-20220805.130853-srg.jar%23371!/:?]
	at net.minecraft.world.level.storage.loot.entries.LootPoolEntryContainer$Serializer.m_7561_(LootPoolEntryContainer.java:74) ~[client-1.19.2-20220805.130853-srg.jar%23371!/:?]
	at net.minecraft.world.level.storage.loot.GsonAdapterFactory$JsonAdapter.deserialize(GsonAdapterFactory.java:102) ~[client-1.19.2-20220805.130853-srg.jar%23371!/:?]
	at com.google.gson.internal.bind.TreeTypeAdapter.read(TreeTypeAdapter.java:69) ~[gson-2.8.9.jar%23112!/:?]
	at com.google.gson.internal.bind.TypeAdapterRuntimeTypeWrapper.read(TypeAdapterRuntimeTypeWrapper.java:41) ~[gson-2.8.9.jar%23112!/:?]
	at com.google.gson.internal.bind.ArrayTypeAdapter.read(ArrayTypeAdapter.java:72) ~[gson-2.8.9.jar%23112!/:?]
	at com.google.gson.Gson.fromJson(Gson.java:963) ~[gson-2.8.9.jar%23112!/:?]
	at com.google.gson.Gson.fromJson(Gson.java:1034) ~[gson-2.8.9.jar%23112!/:?]
	at com.google.gson.internal.bind.TreeTypeAdapter$GsonContextImpl.deserialize(TreeTypeAdapter.java:162) ~[gson-2.8.9.jar%23112!/:?]
	at net.minecraft.util.GsonHelper.m_13808_(GsonHelper.java:455) ~[client-1.19.2-20220805.130853-srg.jar%23371!/:?]
	at net.minecraft.util.GsonHelper.m_13836_(GsonHelper.java:463) ~[client-1.19.2-20220805.130853-srg.jar%23371!/:?]
	at net.minecraft.world.level.storage.loot.LootPool$Serializer.deserialize(LootPool.java:190) ~[client-1.19.2-20220805.130853-srg.jar%23371!/:?]
	at net.minecraft.world.level.storage.loot.LootPool$Serializer.deserialize(LootPool.java:187) ~[client-1.19.2-20220805.130853-srg.jar%23371!/:?]
	at com.google.gson.internal.bind.TreeTypeAdapter.read(TreeTypeAdapter.java:69) ~[gson-2.8.9.jar%23112!/:?]
	at com.google.gson.internal.bind.TypeAdapterRuntimeTypeWrapper.read(TypeAdapterRuntimeTypeWrapper.java:41) ~[gson-2.8.9.jar%23112!/:?]
	at com.google.gson.internal.bind.ArrayTypeAdapter.read(ArrayTypeAdapter.java:72) ~[gson-2.8.9.jar%23112!/:?]
	at com.google.gson.Gson.fromJson(Gson.java:963) ~[gson-2.8.9.jar%23112!/:?]
	at com.google.gson.Gson.fromJson(Gson.java:1034) ~[gson-2.8.9.jar%23112!/:?]
	at com.google.gson.internal.bind.TreeTypeAdapter$GsonContextImpl.deserialize(TreeTypeAdapter.java:162) ~[gson-2.8.9.jar%23112!/:?]
	at net.minecraft.util.GsonHelper.m_13808_(GsonHelper.java:455) ~[client-1.19.2-20220805.130853-srg.jar%23371!/:?]
	at net.minecraft.util.GsonHelper.m_13845_(GsonHelper.java:473) ~[client-1.19.2-20220805.130853-srg.jar%23371!/:?]
	at net.minecraft.world.level.storage.loot.LootTable$Serializer.deserialize(LootTable.java:256) ~[client-1.19.2-20220805.130853-srg.jar%23371!/:?]
	at net.minecraft.world.level.storage.loot.LootTable$Serializer.deserialize(LootTable.java:253) ~[client-1.19.2-20220805.130853-srg.jar%23371!/:?]
	at com.google.gson.internal.bind.TreeTypeAdapter.read(TreeTypeAdapter.java:69) ~[gson-2.8.9.jar%23112!/:?]
	at com.google.gson.Gson.fromJson(Gson.java:963) ~[gson-2.8.9.jar%23112!/:?]
	at com.google.gson.Gson.fromJson(Gson.java:1034) ~[gson-2.8.9.jar%23112!/:?]
	at com.google.gson.Gson.fromJson(Gson.java:1006) ~[gson-2.8.9.jar%23112!/:?]
	at net.minecraftforge.common.ForgeHooks.loadLootTable(ForgeHooks.java:929) ~[forge-1.19.2-43.5.1-universal.jar%23376!/:?]
	at net.minecraft.world.level.storage.loot.LootTables.lambda$apply$0(LootTables.java:41) ~[client-1.19.2-20220805.130853-srg.jar%23371!/:?]
	at dev.latvian.mods.kubejs.core.LootTablesKJS.kjs$apply0(LootTablesKJS.java:36) ~[kubejs-forge-1902.6.2-build.73.jar%23322!/:1902.6.2-build.73]
	at net.minecraft.world.level.storage.loot.LootTables.redirect$zze000$kjs$apply(LootTables.java:518) ~[client-1.19.2-20220805.130853-srg.jar%23371!/:?]
	at net.minecraft.world.level.storage.loot.LootTables.m_5787_(LootTables.java:38) ~[client-1.19.2-20220805.130853-srg.jar%23371!/:?]
	at net.minecraft.world.level.storage.loot.LootTables.m_5787_(LootTables.java:16) ~[client-1.19.2-20220805.130853-srg.jar%23371!/:?]
	at net.minecraft.server.packs.resources.SimplePreparableReloadListener.m_10789_(SimplePreparableReloadListener.java:13) ~[client-1.19.2-20220805.130853-srg.jar%23371!/:?]
	at java.util.concurrent.CompletableFuture$UniAccept.tryFire(CompletableFuture.java:718) ~[?:?]
	at java.util.concurrent.CompletableFuture$Completion.run(CompletableFuture.java:482) ~[?:?]
	at net.minecraft.server.packs.resources.SimpleReloadInstance.m_143940_(SimpleReloadInstance.java:69) ~[client-1.19.2-20220805.130853-srg.jar%23371!/:?]
	at net.minecraft.util.thread.BlockableEventLoop.m_6367_(BlockableEventLoop.java:157) ~[client-1.19.2-20220805.130853-srg.jar%23371!/:?]
	at net.minecraft.util.thread.ReentrantBlockableEventLoop.m_6367_(ReentrantBlockableEventLoop.java:23) ~[client-1.19.2-20220805.130853-srg.jar%23371!/:?]
	at net.minecraft.util.thread.BlockableEventLoop.m_7245_(BlockableEventLoop.java:131) ~[client-1.19.2-20220805.130853-srg.jar%23371!/:?]
	at net.minecraft.util.thread.BlockableEventLoop.m_18699_(BlockableEventLoop.java:116) ~[client-1.19.2-20220805.130853-srg.jar%23371!/:?]
	at net.minecraft.client.Minecraft.m_91383_(Minecraft.java:1072) ~[client-1.19.2-20220805.130853-srg.jar%23371!/:?]
	at net.minecraft.client.Minecraft.m_91374_(Minecraft.java:700) ~[client-1.19.2-20220805.130853-srg.jar%23371!/:?]
	at net.minecraft.client.main.Main.m_239872_(Main.java:212) ~[client-1.19.2-20220805.130853-srg.jar%23371!/:?]
	at net.minecraft.client.main.Main.main(Main.java:51) ~[client-1.19.2-20220805.130853-srg.jar%23371!/:?]
	at jdk.internal.reflect.NativeMethodAccessorImpl.invoke0(Native Method) ~[?:?]
	at jdk.internal.reflect.NativeMethodAccessorImpl.invoke(NativeMethodAccessorImpl.java:77) ~[?:?]
	at jdk.internal.reflect.DelegatingMethodAccessorImpl.invoke(DelegatingMethodAccessorImpl.java:43) ~[?:?]
	at java.lang.reflect.Method.invoke(Method.java:569) ~[?:?]
	at net.minecraftforge.fml.loading.targets.CommonClientLaunchHandler.lambda$launchService$0(CommonClientLaunchHandler.java:27) ~[fmlloader-1.19.2-43.5.1.jar%23140!/:?]
	at cpw.mods.modlauncher.LaunchServiceHandlerDecorator.launch(LaunchServiceHandlerDecorator.java:30) [modlauncher-10.0.8.jar%23127!/:?]
	at cpw.mods.modlauncher.LaunchServiceHandler.launch(LaunchServiceHandler.java:53) [modlauncher-10.0.8.jar%23127!/:?]
	at cpw.mods.modlauncher.LaunchServiceHandler.launch(LaunchServiceHandler.java:71) [modlauncher-10.0.8.jar%23127!/:?]
	at cpw.mods.modlauncher.Launcher.run(Launcher.java:106) [modlauncher-10.0.8.jar%23127!/:?]
	at cpw.mods.modlauncher.Launcher.main(Launcher.java:77) [modlauncher-10.0.8.jar%23127!/:?]
	at cpw.mods.modlauncher.BootstrapLaunchConsumer.accept(BootstrapLaunchConsumer.java:26) [modlauncher-10.0.8.jar%23127!/:?]
	at cpw.mods.modlauncher.BootstrapLaunchConsumer.accept(BootstrapLaunchConsumer.java:23) [modlauncher-10.0.8.jar%23127!/:?]
	at cpw.mods.bootstraplauncher.BootstrapLauncher.main(BootstrapLauncher.java:141) [bootstraplauncher-1.1.2.jar:?]
	at jdk.internal.reflect.NativeMethodAccessorImpl.invoke0(Native Method) ~[?:?]
	at jdk.internal.reflect.NativeMethodAccessorImpl.invoke(NativeMethodAccessorImpl.java:77) ~[?:?]
	at jdk.internal.reflect.DelegatingMethodAccessorImpl.invoke(DelegatingMethodAccessorImpl.java:43) ~[?:?]
	at java.lang.reflect.Method.invoke(Method.java:569) ~[?:?]
	at io.github.zekerzhayard.forgewrapper.installer.Main.main(Main.java:67) [ForgeWrapper-prism-2025-12-07.jar:prism-2025-12-07]
	at org.prismlauncher.launcher.impl.StandardLauncher.launch(StandardLauncher.java:105) [NewLaunch.jar:?]
	at org.prismlauncher.EntryPoint.listen(EntryPoint.java:129) [NewLaunch.jar:?]
	at org.prismlauncher.EntryPoint.main(EntryPoint.java:70) [NewLaunch.jar:?]
[14May2026 17:55:22.738] [Render thread/WARN] [net.minecraft.world.level.storage.loot.LootTables/]: Found validation problem in {minecraft:blocks/spawner}.pools[0].entries[0].entry[0].functions[1].conditions[0]: Parameters [<parameter minecraft:tool>] are not provided in this context
[14May2026 17:55:22.738] [Render thread/WARN] [net.minecraft.world.level.storage.loot.LootTables/]: Found validation problem in {minecraft:blocks/spawner}.pools[0].entries[0].entry[0].functions[2].conditions[0]: Parameters [<parameter minecraft:tool>] are not provided in this context
[14May2026 17:55:22.738] [Render thread/WARN] [net.minecraft.world.level.storage.loot.LootTables/]: Found validation problem in {minecraft:blocks/sweet_berry_bush}.pools[1].condition[0]: Parameters [<parameter minecraft:block_state>] are not provided in this context
[14May2026 17:55:22.739] [Render thread/INFO] [placebo/]: Registered 0 additional loot tables.
[14May2026 17:55:22.741] [Render thread/INFO] [com.teamabnormals.blueprint.core.Blueprint/]: Advancement Modification Manager has loaded 12 modifier groups
[14May2026 17:55:22.741] [Render thread/ERROR] [net.minecraft.tags.TagLoader/]: [Load My Fucking Tags] Couldn't load certain entries with the tag minecraft:load: bertiecrafter:bsm/load (from db3k_bald_snowmen), bertiecrafter:bsm/load (from db3k_bald_snowmen.zip)
[14May2026 17:55:22.742] [Render thread/INFO] [placebo/]: Registered 0 additional recipes.
[14May2026 17:55:22.743] [Render thread/INFO] [com.oitsjustjose.vtweaks.VTweaks/]: Successfully added new Challenger Mob mighty (vtweaks:mighty)
[14May2026 17:55:22.743] [Render thread/INFO] [com.oitsjustjose.vtweaks.VTweaks/]: Successfully added new Challenger Mob pyro (vtweaks:pyro)
[14May2026 17:55:22.743] [Render thread/INFO] [com.oitsjustjose.vtweaks.VTweaks/]: Successfully added new Challenger Mob ranger (vtweaks:ranger)
[14May2026 17:55:22.743] [Render thread/INFO] [com.oitsjustjose.vtweaks.VTweaks/]: Successfully added new Challenger Mob eldritch (vtweaks:eldritch)
[14May2026 17:55:22.743] [Render thread/INFO] [com.oitsjustjose.vtweaks.VTweaks/]: Successfully added new Challenger Mob zistonian (vtweaks:zistonian)
[14May2026 17:55:22.743] [Render thread/INFO] [com.oitsjustjose.vtweaks.VTweaks/]: Successfully added new Challenger Mob agile (vtweaks:agile)
[14May2026 17:55:22.743] [Render thread/INFO] [com.oitsjustjose.vtweaks.VTweaks/]: Successfully added new Challenger Mob arcane (vtweaks:arcane)
[14May2026 17:55:22.744] [Render thread/INFO] [com.oitsjustjose.vtweaks.VTweaks/]: Loaded vtweaks:culled_entities into EntityCullingRule for Entities[minecraft:creeper] + [] in Biomes [net.minecraft.world.level.biome.Biome@25cce8d5] + [TagKey[minecraft:worldgen/biome / minecraft:is_beach]] In [vtweaks:made_up_for_this_test_file]
[14May2026 17:55:22.744] [Render thread/INFO] [com.teamabnormals.blueprint.core.Blueprint/]: Structure Repaletter Manager has loaded 0 repaletters
[14May2026 17:55:22.744] [Render thread/INFO] [com.teamabnormals.blueprint.core.Blueprint/]: Modded Biome Slice Manager has loaded 1 slices
[14May2026 17:55:22.744] [Render thread/INFO] [com.teamabnormals.blueprint.core.Blueprint/]: Chunk Generator Modification Manager has loaded 0 modifier groups
[14May2026 17:55:22.746] [Render thread/INFO] [supplementaries/]: Loaded  8 flute songs
[14May2026 17:55:23.871] [Render thread/INFO] [EMI/]: [EMI] Recipes synchronized, waiting for tags to reload EMI...
[14May2026 17:56:38.163] [Render thread/INFO] [Open Loader/]: Preparing Data Pack injection.
[14May2026 17:56:38.163] [Render thread/INFO] [Open Loader/]: Loaded folder Data Pack from /home/jonas/.local/share/PrismLauncher/instances/DB3K/minecraft/config/openloader/data/db3k_data.
[14May2026 17:56:38.163] [Render thread/INFO] [Open Loader/]: Loaded folder Data Pack from /home/jonas/.local/share/PrismLauncher/instances/DB3K/minecraft/config/openloader/data/Waterfalls_V3.3_2.
[14May2026 17:56:38.163] [Render thread/INFO] [Open Loader/]: Loaded folder Data Pack from /home/jonas/.local/share/PrismLauncher/instances/DB3K/minecraft/config/openloader/data/db3k_bald_snowmen.
[14May2026 17:56:38.163] [Render thread/INFO] [Open Loader/]: Loaded archive Data Pack from /home/jonas/.local/share/PrismLauncher/instances/DB3K/minecraft/config/openloader/data/db3k_bald_snowmen.zip.
[14May2026 17:56:38.164] [Render thread/INFO] [Open Loader/]: Successfully injected 4/4 packs from /home/jonas/.local/share/PrismLauncher/instances/DB3K/minecraft/config/openloader/data.
[14May2026 17:56:38.178] [Render thread/INFO] [supplementaries/]: Generated runtime SERVER_DATA for pack Supplementaries Generated Pack in: 0 ms
[14May2026 17:56:38.222] [Render thread/INFO] [supplementaries/]: Generated runtime SERVER_DATA for pack Supplementaries Generated Pack in: 0 ms
[14May2026 17:56:38.309] [Render thread/INFO] [KubeJS Server/]: Loaded script server_scripts:interaction_events.js in 0.006 s
[14May2026 17:56:38.311] [Render thread/INFO] [KubeJS Server/]: Loaded script server_scripts:structurenuke.js in 0.001 s
[14May2026 17:56:38.315] [Render thread/INFO] [KubeJS Server/]: server_script.js#16: Loaded Java class 'sereneseasons.api.season.SeasonHelper'
[14May2026 17:56:38.318] [Render thread/INFO] [KubeJS Server/]: Loaded script server_scripts:server_script.js in 0.003 s
[14May2026 17:56:38.322] [Render thread/INFO] [KubeJS Server/]: Loaded script server_scripts:bone_meal.js in 0.002 s
[14May2026 17:56:38.327] [Render thread/INFO] [KubeJS Server/]: Loaded script server_scripts:aesthetic_events.js in 0.001 s
[14May2026 17:56:38.329] [Render thread/INFO] [KubeJS Server/]: Loaded script server_scripts:tnt_diffuse.js in 0.0 s
[14May2026 17:56:38.330] [Render thread/INFO] [KubeJS Server/]: Loaded script server_scripts:tags.js in 0.0 s
[14May2026 17:56:38.330] [Render thread/INFO] [KubeJS Server/]: Loaded script server_scripts:skeletal_bows.js in 0.0 s
[14May2026 17:56:38.330] [Render thread/INFO] [KubeJS Server/]: Loaded script server_scripts:tags_sounds.js in 0.0 s
[14May2026 17:56:38.331] [Render thread/INFO] [KubeJS Server/]: Loaded script server_scripts:name_colors.js in 0.001 s
[14May2026 17:56:38.332] [Render thread/INFO] [KubeJS Server/]: Loaded script server_scripts:recipes.js in 0.001 s
[14May2026 17:56:38.332] [Render thread/INFO] [KubeJS Server/]: Loaded script server_scripts:startup_globals.js in 0.0 s
[14May2026 17:56:38.333] [Render thread/INFO] [KubeJS Server/]: Loaded script server_scripts:score.js in 0.001 s
[14May2026 17:56:38.333] [Render thread/INFO] [KubeJS Server/]: Loaded script server_scripts:item_nuke.js in 0.0 s
[14May2026 17:56:38.335] [Render thread/INFO] [KubeJS Server/]: Loaded script server_scripts:entity_events.js in 0.001 s
[14May2026 17:56:38.335] [Render thread/INFO] [KubeJS Server/]: Loaded script server_scripts:singlehanded.js in 0.0 s
[14May2026 17:56:38.335] [Render thread/INFO] [KubeJS Server/]: Loaded 16/16 KubeJS server scripts in 0.048 s
[14May2026 17:56:38.335] [Render thread/INFO] [KubeJS Server/]: Scripts loaded
[14May2026 17:56:38.336] [Render thread/INFO] [KubeJS Server/]: Initializing recipe event...
[14May2026 17:56:38.336] [Render thread/WARN] [KubeJS Server/]: Due to the way Minecraft resource loading works, KubeJS' server.log may not contain everything that happened in your server scripts on initial world creation.
[14May2026 17:56:38.336] [Render thread/WARN] [KubeJS Server/]: You can still see the full log (including past reloads) in your latest.log file.
[14May2026 17:56:38.337] [Render thread/INFO] [EMI/]: [EMI] Disconnecting from server, EMI data cleared
[14May2026 17:56:38.342] [Thread-11/INFO] [EMI/]: [EMI] Clearing data
[14May2026 17:56:38.351] [Render thread/INFO] [de.keksuccino.fancymenu.customization.layer.ScreenCustomizationLayerHandler/]: [FANCYMENU] ScreenCustomizationLayer registered: progress_screen
[14May2026 17:56:38.357] [Render thread/INFO] [Entity Texture Features/]: emissive suffixes loaded: {_e}.
[14May2026 17:56:38.367] [Thread-11/WARN] [EMI/]: [EMI] dev.emi.emi.screen.RecipeScreen is tainted by
	 * dev.arbor.extrasoundsnext.mixin.integration.emi.RecipeScreenMixin
[14May2026 17:56:38.441] [Server thread/INFO] [net.minecraft.client.server.IntegratedServer/]: Starting integrated minecraft server version 1.19.2
[14May2026 17:56:38.442] [Server thread/INFO] [net.minecraft.server.MinecraftServer/]: Generating keypair
[14May2026 17:56:38.513] [Server thread/INFO] [net.minecraftforge.fml.config.ConfigFileTypeHandler/CONFIG]: Loading default config file from path /home/jonas/.local/share/PrismLauncher/instances/DB3K/minecraft/defaultconfigs/throttle-server.toml
[14May2026 17:56:38.545] [Server thread/INFO] [Puzzles Lib/]: Loading server config for easyanvils
[14May2026 17:56:38.546] [Thread-0/INFO] [Puzzles Lib/]: Reloading server config for easyanvils
[14May2026 17:56:38.546] [Server thread/INFO] [net.minecraftforge.fml.config.ConfigFileTypeHandler/CONFIG]: Loading default config file from path /home/jonas/.local/share/PrismLauncher/instances/DB3K/minecraft/defaultconfigs/fastleafdecay-server.toml
[14May2026 17:56:38.546] [Thread-0/INFO] [Puzzles Lib/]: Reloading server config for easyanvils
[14May2026 17:56:38.568] [Server thread/WARN] [net.minecraftforge.common.ForgeConfigSpec/CORE]: Configuration file /home/jonas/.local/share/PrismLauncher/instances/DB3K/minecraft/saves/The Nimble Area of Wealth/serverconfig/controllable-server.toml is not correct. Correcting
[14May2026 17:56:38.568] [Server thread/WARN] [net.minecraftforge.common.ForgeConfigSpec/CORE]: Incorrect key server was corrected from null to its default, SimpleCommentedConfig:{}. 
[14May2026 17:56:38.568] [Server thread/WARN] [net.minecraftforge.common.ForgeConfigSpec/CORE]: Incorrect key server.restrictToController was corrected from null to its default, false. 
[14May2026 17:56:38.569] [Server thread/WARN] [net.minecraftforge.common.ForgeConfigSpec/CORE]: Configuration file /home/jonas/.local/share/PrismLauncher/instances/DB3K/minecraft/saves/The Nimble Area of Wealth/serverconfig/sereneseasonsfix-server.toml is not correct. Correcting
[14May2026 17:56:38.570] [Server thread/WARN] [net.minecraftforge.common.ForgeConfigSpec/CORE]: Incorrect key general_settings was corrected from null to its default, SimpleCommentedConfig:{}. 
[14May2026 17:56:38.570] [Server thread/WARN] [net.minecraftforge.common.ForgeConfigSpec/CORE]: Incorrect key general_settings.enable_season_time_override was corrected from null to its default, true. 
[14May2026 17:56:38.570] [Server thread/WARN] [net.minecraftforge.common.ForgeConfigSpec/CORE]: Incorrect key general_settings.block_blacklisted was corrected from null to its default, true. 
[14May2026 17:56:38.570] [Server thread/WARN] [net.minecraftforge.common.ForgeConfigSpec/CORE]: Configuration file /home/jonas/.local/share/PrismLauncher/instances/DB3K/minecraft/saves/The Nimble Area of Wealth/serverconfig/aquifersbegone-server.toml is not correct. Correcting
[14May2026 17:56:38.570] [Server thread/WARN] [net.minecraftforge.common.ForgeConfigSpec/CORE]: Incorrect key lava_in_caves was corrected from null to its default, true. 
[14May2026 17:56:38.571] [Server thread/INFO] [net.minecraftforge.fml.config.ConfigFileTypeHandler/CONFIG]: Loading default config file from path /home/jonas/.local/share/PrismLauncher/instances/DB3K/minecraft/defaultconfigs/sereneseasons-server.toml
[14May2026 17:56:38.572] [Server thread/INFO] [net.minecraftforge.fml.config.ConfigFileTypeHandler/CONFIG]: Loading default config file from path /home/jonas/.local/share/PrismLauncher/instances/DB3K/minecraft/defaultconfigs/forge-server.toml
[14May2026 17:56:38.572] [Server thread/WARN] [net.minecraftforge.common.ForgeConfigSpec/CORE]: Configuration file /home/jonas/.local/share/PrismLauncher/instances/DB3K/minecraft/saves/The Nimble Area of Wealth/serverconfig/forge-server.toml is not correct. Correcting
[14May2026 17:56:38.572] [Server thread/WARN] [net.minecraftforge.common.ForgeConfigSpec/CORE]: Incorrect key server.useItemWithDurationZero was corrected from null to its default, false. 
[14May2026 17:56:38.572] [Server thread/WARN] [net.minecraftforge.common.ForgeConfigSpec/CORE]: Incorrect key server.treatEmptyTagsAsAir was corrected from false to its default, null. 
[14May2026 17:56:38.572] [Server thread/WARN] [net.minecraftforge.common.ForgeConfigSpec/CORE]: Incorrect key server.skipEmptyShapelessCheck was corrected from true to its default, null. 
[14May2026 17:56:38.573] [Server thread/INFO] [net.minecraftforge.fml.config.ConfigFileTypeHandler/CONFIG]: Loading default config file from path /home/jonas/.local/share/PrismLauncher/instances/DB3K/minecraft/defaultconfigs/clash-server.toml
[14May2026 17:56:38.601] [Server thread/INFO] [configured/]: Loading server configs...
[14May2026 17:56:38.629] [Server thread/INFO] [Forgery/]: Loading of features.ini done in 2.247 ms with 0 warnings
[14May2026 17:56:38.633] [Render thread/INFO] [de.keksuccino.fancymenu.customization.layer.ScreenCustomizationLayerHandler/]: [FANCYMENU] ScreenCustomizationLayer registered: level_loading_screen
[14May2026 17:56:38.763] [Server thread/INFO] [sereneseasonsfix/]: Setting cached parameters
[14May2026 17:56:41.046] [Server thread/INFO] [net.minecraft.server.MinecraftServer/]: Preparing start region for dimension minecraft:overworld
[14May2026 17:56:41.889] [Render thread/INFO] [net.minecraft.server.level.progress.LoggerChunkProgressListener/]: Preparing spawn area: 0%
[14May2026 17:56:41.889] [Render thread/INFO] [net.minecraft.server.level.progress.LoggerChunkProgressListener/]: Preparing spawn area: 0%
[14May2026 17:56:42.059] [Render thread/INFO] [net.minecraft.server.level.progress.LoggerChunkProgressListener/]: Preparing spawn area: 0%
[14May2026 17:56:42.582] [Render thread/INFO] [net.minecraft.server.level.progress.LoggerChunkProgressListener/]: Preparing spawn area: 0%
[14May2026 17:56:43.061] [Render thread/INFO] [net.minecraft.server.level.progress.LoggerChunkProgressListener/]: Preparing spawn area: 1%
[14May2026 17:56:43.562] [Render thread/INFO] [net.minecraft.server.level.progress.LoggerChunkProgressListener/]: Preparing spawn area: 1%
[14May2026 17:56:44.062] [Render thread/INFO] [net.minecraft.server.level.progress.LoggerChunkProgressListener/]: Preparing spawn area: 3%
[14May2026 17:56:44.559] [Render thread/INFO] [net.minecraft.server.level.progress.LoggerChunkProgressListener/]: Preparing spawn area: 3%
[14May2026 17:56:45.069] [Render thread/INFO] [net.minecraft.server.level.progress.LoggerChunkProgressListener/]: Preparing spawn area: 4%
[14May2026 17:56:45.560] [Render thread/INFO] [net.minecraft.server.level.progress.LoggerChunkProgressListener/]: Preparing spawn area: 7%
[14May2026 17:56:46.069] [Render thread/INFO] [net.minecraft.server.level.progress.LoggerChunkProgressListener/]: Preparing spawn area: 8%
[14May2026 17:56:46.570] [Render thread/INFO] [net.minecraft.server.level.progress.LoggerChunkProgressListener/]: Preparing spawn area: 10%
[14May2026 17:56:47.068] [Render thread/INFO] [net.minecraft.server.level.progress.LoggerChunkProgressListener/]: Preparing spawn area: 11%
[14May2026 17:56:47.569] [Render thread/INFO] [net.minecraft.server.level.progress.LoggerChunkProgressListener/]: Preparing spawn area: 12%
[14May2026 17:56:48.056] [Render thread/INFO] [net.minecraft.server.level.progress.LoggerChunkProgressListener/]: Preparing spawn area: 14%
[14May2026 17:56:48.570] [Render thread/INFO] [net.minecraft.server.level.progress.LoggerChunkProgressListener/]: Preparing spawn area: 15%
[14May2026 17:56:49.059] [Render thread/INFO] [net.minecraft.server.level.progress.LoggerChunkProgressListener/]: Preparing spawn area: 15%
[14May2026 17:56:49.586] [Render thread/INFO] [net.minecraft.server.level.progress.LoggerChunkProgressListener/]: Preparing spawn area: 19%
[14May2026 17:56:50.069] [Render thread/INFO] [net.minecraft.server.level.progress.LoggerChunkProgressListener/]: Preparing spawn area: 21%
[14May2026 17:56:50.561] [Render thread/INFO] [net.minecraft.server.level.progress.LoggerChunkProgressListener/]: Preparing spawn area: 21%
[14May2026 17:56:51.064] [Render thread/INFO] [net.minecraft.server.level.progress.LoggerChunkProgressListener/]: Preparing spawn area: 24%
[14May2026 17:56:51.560] [Render thread/INFO] [net.minecraft.server.level.progress.LoggerChunkProgressListener/]: Preparing spawn area: 25%
[14May2026 17:56:52.072] [Render thread/INFO] [net.minecraft.server.level.progress.LoggerChunkProgressListener/]: Preparing spawn area: 25%
[14May2026 17:56:52.570] [Render thread/INFO] [net.minecraft.server.level.progress.LoggerChunkProgressListener/]: Preparing spawn area: 29%
[14May2026 17:56:53.070] [Render thread/INFO] [net.minecraft.server.level.progress.LoggerChunkProgressListener/]: Preparing spawn area: 29%
[14May2026 17:56:53.568] [Render thread/INFO] [net.minecraft.server.level.progress.LoggerChunkProgressListener/]: Preparing spawn area: 31%
[14May2026 17:56:54.058] [Render thread/INFO] [net.minecraft.server.level.progress.LoggerChunkProgressListener/]: Preparing spawn area: 33%
[14May2026 17:56:54.556] [Render thread/INFO] [net.minecraft.server.level.progress.LoggerChunkProgressListener/]: Preparing spawn area: 35%
[14May2026 17:56:55.071] [Render thread/INFO] [net.minecraft.server.level.progress.LoggerChunkProgressListener/]: Preparing spawn area: 35%
[14May2026 17:56:55.569] [Render thread/INFO] [net.minecraft.server.level.progress.LoggerChunkProgressListener/]: Preparing spawn area: 35%
[14May2026 17:56:56.082] [Render thread/INFO] [net.minecraft.server.level.progress.LoggerChunkProgressListener/]: Preparing spawn area: 35%
[14May2026 17:56:56.565] [Render thread/INFO] [net.minecraft.server.level.progress.LoggerChunkProgressListener/]: Preparing spawn area: 41%
[14May2026 17:56:57.056] [Render thread/INFO] [net.minecraft.server.level.progress.LoggerChunkProgressListener/]: Preparing spawn area: 43%
[14May2026 17:56:57.563] [Render thread/INFO] [net.minecraft.server.level.progress.LoggerChunkProgressListener/]: Preparing spawn area: 45%
[14May2026 17:56:58.064] [Render thread/INFO] [net.minecraft.server.level.progress.LoggerChunkProgressListener/]: Preparing spawn area: 46%
[14May2026 17:56:58.555] [Render thread/INFO] [net.minecraft.server.level.progress.LoggerChunkProgressListener/]: Preparing spawn area: 47%
[14May2026 17:56:59.066] [Render thread/INFO] [net.minecraft.server.level.progress.LoggerChunkProgressListener/]: Preparing spawn area: 47%
[14May2026 17:56:59.563] [Render thread/INFO] [net.minecraft.server.level.progress.LoggerChunkProgressListener/]: Preparing spawn area: 47%
[14May2026 17:57:00.060] [Render thread/INFO] [net.minecraft.server.level.progress.LoggerChunkProgressListener/]: Preparing spawn area: 52%
[14May2026 17:57:00.585] [Render thread/INFO] [net.minecraft.server.level.progress.LoggerChunkProgressListener/]: Preparing spawn area: 53%
[14May2026 17:57:01.071] [Render thread/INFO] [net.minecraft.server.level.progress.LoggerChunkProgressListener/]: Preparing spawn area: 53%
[14May2026 17:57:01.573] [Render thread/INFO] [net.minecraft.server.level.progress.LoggerChunkProgressListener/]: Preparing spawn area: 53%
[14May2026 17:57:02.062] [Render thread/INFO] [net.minecraft.server.level.progress.LoggerChunkProgressListener/]: Preparing spawn area: 58%
[14May2026 17:57:02.560] [Render thread/INFO] [net.minecraft.server.level.progress.LoggerChunkProgressListener/]: Preparing spawn area: 58%
[14May2026 17:57:03.059] [Render thread/INFO] [net.minecraft.server.level.progress.LoggerChunkProgressListener/]: Preparing spawn area: 61%
[14May2026 17:57:03.557] [Render thread/INFO] [net.minecraft.server.level.progress.LoggerChunkProgressListener/]: Preparing spawn area: 63%
[14May2026 17:57:04.173] [Render thread/INFO] [net.minecraft.server.level.progress.LoggerChunkProgressListener/]: Preparing spawn area: 64%
[14May2026 17:57:04.617] [Render thread/INFO] [net.minecraft.server.level.progress.LoggerChunkProgressListener/]: Preparing spawn area: 67%
[14May2026 17:57:05.588] [Render thread/INFO] [net.minecraft.server.level.progress.LoggerChunkProgressListener/]: Preparing spawn area: 68%
[14May2026 17:57:05.588] [Render thread/INFO] [net.minecraft.server.level.progress.LoggerChunkProgressListener/]: Preparing spawn area: 68%
[14May2026 17:57:06.368] [Render thread/INFO] [net.minecraft.server.level.progress.LoggerChunkProgressListener/]: Preparing spawn area: 70%
[14May2026 17:57:06.572] [Render thread/INFO] [net.minecraft.server.level.progress.LoggerChunkProgressListener/]: Preparing spawn area: 72%
[14May2026 17:57:07.063] [Render thread/INFO] [net.minecraft.server.level.progress.LoggerChunkProgressListener/]: Preparing spawn area: 72%
[14May2026 17:57:07.605] [Render thread/INFO] [net.minecraft.server.level.progress.LoggerChunkProgressListener/]: Preparing spawn area: 76%
[14May2026 17:57:09.094] [Render thread/INFO] [net.minecraft.server.level.progress.LoggerChunkProgressListener/]: Preparing spawn area: 77%
[14May2026 17:57:09.094] [Render thread/INFO] [net.minecraft.server.level.progress.LoggerChunkProgressListener/]: Preparing spawn area: 77%
[14May2026 17:57:09.095] [Render thread/INFO] [net.minecraft.server.level.progress.LoggerChunkProgressListener/]: Preparing spawn area: 77%
[14May2026 17:57:12.148] [Render thread/INFO] [net.minecraft.server.level.progress.LoggerChunkProgressListener/]: Preparing spawn area: 80%
[14May2026 17:57:12.148] [Render thread/INFO] [net.minecraft.server.level.progress.LoggerChunkProgressListener/]: Preparing spawn area: 80%
[14May2026 17:57:12.148] [Render thread/INFO] [net.minecraft.server.level.progress.LoggerChunkProgressListener/]: Preparing spawn area: 80%
[14May2026 17:57:12.148] [Render thread/INFO] [net.minecraft.server.level.progress.LoggerChunkProgressListener/]: Preparing spawn area: 80%
[14May2026 17:57:12.148] [Render thread/INFO] [net.minecraft.server.level.progress.LoggerChunkProgressListener/]: Preparing spawn area: 80%
[14May2026 17:57:12.148] [Render thread/INFO] [net.minecraft.server.level.progress.LoggerChunkProgressListener/]: Preparing spawn area: 80%
[14May2026 17:57:12.955] [Render thread/INFO] [net.minecraft.server.level.progress.LoggerChunkProgressListener/]: Preparing spawn area: 91%
[14May2026 17:57:13.073] [Render thread/INFO] [net.minecraft.server.level.progress.LoggerChunkProgressListener/]: Preparing spawn area: 93%
[14May2026 17:57:14.164] [Render thread/INFO] [net.minecraft.server.level.progress.LoggerChunkProgressListener/]: Preparing spawn area: 94%
[14May2026 17:57:14.164] [Render thread/INFO] [net.minecraft.server.level.progress.LoggerChunkProgressListener/]: Preparing spawn area: 94%
[14May2026 17:57:14.699] [Server thread/INFO] [net.minecraftforge.server.permission.PermissionAPI/]: Successfully initialized permission handler forge:default_handler
[14May2026 17:57:14.702] [Render thread/INFO] [net.minecraft.server.level.progress.LoggerChunkProgressListener/]: Preparing spawn area: 98%
[14May2026 17:57:14.702] [Render thread/INFO] [net.minecraft.server.level.progress.LoggerChunkProgressListener/]: Time elapsed: 33647 ms
[14May2026 17:57:16.491] [Server thread/INFO] [sereneseasonsfix/]: Setting startingSeasonCycleTicks = 360000
[14May2026 17:57:16.494] [Server thread/INFO] [sereneseasonsfix/]: Setting startingSeasonCycleTicks = 360000
[14May2026 17:57:16.495] [Server thread/INFO] [sereneseasonsfix/]: Setting startingSeasonCycleTicks = 360000
[14May2026 17:57:16.496] [Server thread/INFO] [net.minecraft.client.server.IntegratedServer/]: Changing view distance to 16, from 10
[14May2026 17:57:16.498] [Server thread/INFO] [net.minecraft.client.server.IntegratedServer/]: Changing simulation distance to 12, from 0
[14May2026 17:57:16.575] [Render thread/WARN] [io.netty.util.internal.SystemPropertyUtil/]: Unable to parse the boolean system property 'java.net.preferIPv6Addresses':system - using the default value: false
[14May2026 17:57:17.275] [Netty Local Client IO #0/INFO] [net.minecraftforge.network.NetworkHooks/]: Connected to a modded server.
[14May2026 17:57:17.275] [Server thread/WARN] [net.minecraft.network.syncher.SynchedEntityData/]: defineId called for: class net.minecraft.world.entity.player.Player from class tschipp.carryon.common.carry.CarryOnDataManager
[14May2026 17:57:17.306] [Netty Local Client IO #0/INFO] [Kiwi/]: Canceling Microsoft telemetry
[14May2026 17:57:17.317] [Server thread/INFO] [net.minecraft.server.players.PlayerList/]: garfieldfootfan[local:E:6a4f0669] logged in with entity id 212 at (-9.5, 69.0, 4.5)
[14May2026 17:57:17.530] [Server thread/INFO] [net.minecraft.server.MinecraftServer/]: garfieldfootfan joined the game
[14May2026 17:57:17.686] [Server thread/INFO] [KubeJS Server/]: name_colors.js#15: garfieldfootfan has val 119, assigning color yellow
[14May2026 17:57:17.712] [Render thread/INFO] [sereneseasonsfix/]: Setting cached parameters
[14May2026 17:57:17.737] [Server thread/WARN] [net.minecraft.server.MinecraftServer/]: Can't keep up! Is the server overloaded? Running 2177ms or 43 ticks behind
[14May2026 17:57:18.098] [Render thread/INFO] [de.keksuccino.fancymenu.customization.layer.ScreenCustomizationLayerHandler/]: [FANCYMENU] ScreenCustomizationLayer registered: receiving_level_screen
[14May2026 17:57:18.137] [Render thread/INFO] [supplementaries/]: Synced Flute Songs
[14May2026 17:57:18.156] [Render thread/INFO] [supplementaries/]: Synced Captured Mobs settings
[14May2026 17:57:18.164] [Render thread/INFO] [supplementaries/]: Synced Globe data
[14May2026 17:57:18.167] [Render thread/INFO] [supplementaries/]: Synced Hourglass data
[14May2026 17:57:18.448] [Render thread/INFO] [EMI/]: [EMI] Tags synchronized, waiting for recipes to reload EMI...
[14May2026 17:57:18.787] [Render thread/INFO] [EMI/]: [EMI] Recipes synchronized, reloading EMI
[14May2026 17:57:18.787] [Render thread/INFO] [EMI/]: [EMI] Starting Reload
[14May2026 17:57:18.789] [Thread-19/INFO] [EMI/]: [EMI] Starting EMI reload...
[14May2026 17:57:18.789] [Thread-19/INFO] [EMI/]: [EMI] Clearing data
[14May2026 17:57:18.846] [Thread-19/INFO] [EMI/]: [EMI] Initializing plugin from emi
[14May2026 17:57:18.872] [Thread-19/INFO] [EMI/]: [EMI] Initialized plugin from emi in 25ms
[14May2026 17:57:18.874] [Thread-19/INFO] [EMI/]: [EMI] Processing tags
[14May2026 17:57:18.901] [Thread-19/INFO] [EMI/]: [EMI] Constructing index
[14May2026 17:57:18.913] [Thread-19/ERROR] [EMI/]: Item bleeding_obsidian threw while EMI was attempting to construct the index, items may be missing.
java.lang.IndexOutOfBoundsException: Index: 1, Size: 0
	at java.util.ArrayList.rangeCheckForAdd(ArrayList.java:756) ~[?:?]
	at java.util.ArrayList.add(ArrayList.java:481) ~[?:?]
	at net.minecraft.core.NonNullList.add(NonNullList.java:61) ~[client-1.19.2-20220805.130853-srg.jar%23371!/:?]
	at forge.skyternity.respawnblock.block.BleedingObsidian.m_49811_(BleedingObsidian.java:77) ~[Respawn%20Block%200.1.0.jar%23353!/:?]
	at net.minecraft.world.item.BlockItem.m_6787_(BlockItem.java:198) ~[client-1.19.2-20220805.130853-srg.jar%23371!/:?]
	at dev.emi.emi.registry.EmiStackList.reload(EmiStackList.java:82) [emi-1.1.24+1.19.2+forge.jar%23293!/:?]
	at dev.emi.emi.runtime.EmiReloadManager$ReloadWorker.run(EmiReloadManager.java:185) [emi-1.1.24+1.19.2+forge.jar%23293!/:?]
	at java.lang.Thread.run(Thread.java:840) [?:?]
[14May2026 17:57:18.934] [Thread-19/INFO] [EMI/]: [EMI] Loading plugin from emi
[14May2026 17:57:18.970] [Render thread/WARN] [net.minecraft.client.multiplayer.ClientPacketListener/]: Unknown custom packet identifier: emi:emi
[14May2026 17:57:18.973] [Render thread/INFO] [moonlight/]: Synced supplementaries-common.toml configs
[14May2026 17:57:18.975] [Render thread/INFO] [mod.adrenix.nostalgic.util.common.log.ModLogger/]: [Nostalgic Tweaks] [INFO] Connected to server running Nostalgic Tweaks [loader=Forge, version=2.0.0-Beta-8.4, protocol=1.3]
[14May2026 17:57:18.993] [Render thread/INFO] [net.minecraft.advancements.AdvancementList/]: Loaded 0 advancements
[14May2026 17:57:19.050] [Thread-19/ERROR] [EMI/]: Exception thrown registering repair recipes
java.lang.ArrayIndexOutOfBoundsException: Index 0 out of bounds for length 0
	at dev.emi.emi.VanillaPlugin.addRepair(VanillaPlugin.java:492) ~[emi-1.1.24+1.19.2+forge.jar%23293!/:?]
	at dev.emi.emi.VanillaPlugin.lambda$register$28(VanillaPlugin.java:454) ~[emi-1.1.24+1.19.2+forge.jar%23293!/:?]
	at dev.emi.emi.VanillaPlugin.safely(VanillaPlugin.java:820) [emi-1.1.24+1.19.2+forge.jar%23293!/:?]
	at dev.emi.emi.VanillaPlugin.register(VanillaPlugin.java:454) [emi-1.1.24+1.19.2+forge.jar%23293!/:?]
	at dev.emi.emi.runtime.EmiReloadManager$ReloadWorker.run(EmiReloadManager.java:195) [emi-1.1.24+1.19.2+forge.jar%23293!/:?]
	at java.lang.Thread.run(Thread.java:840) [?:?]
[14May2026 17:57:19.051] [Thread-19/ERROR] [EMI/]: Exception thrown registering repair recipes
java.lang.ArrayIndexOutOfBoundsException: Index 0 out of bounds for length 0
	at dev.emi.emi.VanillaPlugin.addRepair(VanillaPlugin.java:492) ~[emi-1.1.24+1.19.2+forge.jar%23293!/:?]
	at dev.emi.emi.VanillaPlugin.lambda$register$28(VanillaPlugin.java:454) ~[emi-1.1.24+1.19.2+forge.jar%23293!/:?]
	at dev.emi.emi.VanillaPlugin.safely(VanillaPlugin.java:820) [emi-1.1.24+1.19.2+forge.jar%23293!/:?]
	at dev.emi.emi.VanillaPlugin.register(VanillaPlugin.java:454) [emi-1.1.24+1.19.2+forge.jar%23293!/:?]
	at dev.emi.emi.runtime.EmiReloadManager$ReloadWorker.run(EmiReloadManager.java:195) [emi-1.1.24+1.19.2+forge.jar%23293!/:?]
	at java.lang.Thread.run(Thread.java:840) [?:?]
[14May2026 17:57:19.052] [Thread-19/ERROR] [EMI/]: Exception thrown registering repair recipes
java.lang.ArrayIndexOutOfBoundsException: Index 0 out of bounds for length 0
	at dev.emi.emi.VanillaPlugin.addRepair(VanillaPlugin.java:492) ~[emi-1.1.24+1.19.2+forge.jar%23293!/:?]
	at dev.emi.emi.VanillaPlugin.lambda$register$28(VanillaPlugin.java:454) ~[emi-1.1.24+1.19.2+forge.jar%23293!/:?]
	at dev.emi.emi.VanillaPlugin.safely(VanillaPlugin.java:820) [emi-1.1.24+1.19.2+forge.jar%23293!/:?]
	at dev.emi.emi.VanillaPlugin.register(VanillaPlugin.java:454) [emi-1.1.24+1.19.2+forge.jar%23293!/:?]
	at dev.emi.emi.runtime.EmiReloadManager$ReloadWorker.run(EmiReloadManager.java:195) [emi-1.1.24+1.19.2+forge.jar%23293!/:?]
	at java.lang.Thread.run(Thread.java:840) [?:?]
[14May2026 17:57:19.052] [Thread-19/ERROR] [EMI/]: Exception thrown registering repair recipes
java.lang.ArrayIndexOutOfBoundsException: Index 0 out of bounds for length 0
	at dev.emi.emi.VanillaPlugin.addRepair(VanillaPlugin.java:492) ~[emi-1.1.24+1.19.2+forge.jar%23293!/:?]
	at dev.emi.emi.VanillaPlugin.lambda$register$28(VanillaPlugin.java:454) ~[emi-1.1.24+1.19.2+forge.jar%23293!/:?]
	at dev.emi.emi.VanillaPlugin.safely(VanillaPlugin.java:820) [emi-1.1.24+1.19.2+forge.jar%23293!/:?]
	at dev.emi.emi.VanillaPlugin.register(VanillaPlugin.java:454) [emi-1.1.24+1.19.2+forge.jar%23293!/:?]
	at dev.emi.emi.runtime.EmiReloadManager$ReloadWorker.run(EmiReloadManager.java:195) [emi-1.1.24+1.19.2+forge.jar%23293!/:?]
	at java.lang.Thread.run(Thread.java:840) [?:?]
[14May2026 17:57:19.052] [Thread-19/ERROR] [EMI/]: Exception thrown registering repair recipes
java.lang.ArrayIndexOutOfBoundsException: Index 0 out of bounds for length 0
	at dev.emi.emi.VanillaPlugin.addRepair(VanillaPlugin.java:492) ~[emi-1.1.24+1.19.2+forge.jar%23293!/:?]
	at dev.emi.emi.VanillaPlugin.lambda$register$28(VanillaPlugin.java:454) ~[emi-1.1.24+1.19.2+forge.jar%23293!/:?]
	at dev.emi.emi.VanillaPlugin.safely(VanillaPlugin.java:820) [emi-1.1.24+1.19.2+forge.jar%23293!/:?]
	at dev.emi.emi.VanillaPlugin.register(VanillaPlugin.java:454) [emi-1.1.24+1.19.2+forge.jar%23293!/:?]
	at dev.emi.emi.runtime.EmiReloadManager$ReloadWorker.run(EmiReloadManager.java:195) [emi-1.1.24+1.19.2+forge.jar%23293!/:?]
	at java.lang.Thread.run(Thread.java:840) [?:?]
[14May2026 17:57:19.053] [Thread-19/ERROR] [EMI/]: Exception thrown registering repair recipes
java.lang.ArrayIndexOutOfBoundsException: Index 0 out of bounds for length 0
	at dev.emi.emi.VanillaPlugin.addRepair(VanillaPlugin.java:488) ~[emi-1.1.24+1.19.2+forge.jar%23293!/:?]
	at dev.emi.emi.VanillaPlugin.lambda$register$28(VanillaPlugin.java:454) ~[emi-1.1.24+1.19.2+forge.jar%23293!/:?]
	at dev.emi.emi.VanillaPlugin.safely(VanillaPlugin.java:820) [emi-1.1.24+1.19.2+forge.jar%23293!/:?]
	at dev.emi.emi.VanillaPlugin.register(VanillaPlugin.java:454) [emi-1.1.24+1.19.2+forge.jar%23293!/:?]
	at dev.emi.emi.runtime.EmiReloadManager$ReloadWorker.run(EmiReloadManager.java:195) [emi-1.1.24+1.19.2+forge.jar%23293!/:?]
	at java.lang.Thread.run(Thread.java:840) [?:?]
[14May2026 17:57:19.053] [Thread-19/ERROR] [EMI/]: Exception thrown registering repair recipes
java.lang.ArrayIndexOutOfBoundsException: Index 0 out of bounds for length 0
	at dev.emi.emi.VanillaPlugin.addRepair(VanillaPlugin.java:488) ~[emi-1.1.24+1.19.2+forge.jar%23293!/:?]
	at dev.emi.emi.VanillaPlugin.lambda$register$28(VanillaPlugin.java:454) ~[emi-1.1.24+1.19.2+forge.jar%23293!/:?]
	at dev.emi.emi.VanillaPlugin.safely(VanillaPlugin.java:820) [emi-1.1.24+1.19.2+forge.jar%23293!/:?]
	at dev.emi.emi.VanillaPlugin.register(VanillaPlugin.java:454) [emi-1.1.24+1.19.2+forge.jar%23293!/:?]
	at dev.emi.emi.runtime.EmiReloadManager$ReloadWorker.run(EmiReloadManager.java:195) [emi-1.1.24+1.19.2+forge.jar%23293!/:?]
	at java.lang.Thread.run(Thread.java:840) [?:?]
[14May2026 17:57:19.053] [Thread-19/ERROR] [EMI/]: Exception thrown registering repair recipes
java.lang.ArrayIndexOutOfBoundsException: Index 0 out of bounds for length 0
	at dev.emi.emi.VanillaPlugin.addRepair(VanillaPlugin.java:488) ~[emi-1.1.24+1.19.2+forge.jar%23293!/:?]
	at dev.emi.emi.VanillaPlugin.lambda$register$28(VanillaPlugin.java:454) ~[emi-1.1.24+1.19.2+forge.jar%23293!/:?]
	at dev.emi.emi.VanillaPlugin.safely(VanillaPlugin.java:820) [emi-1.1.24+1.19.2+forge.jar%23293!/:?]
	at dev.emi.emi.VanillaPlugin.register(VanillaPlugin.java:454) [emi-1.1.24+1.19.2+forge.jar%23293!/:?]
	at dev.emi.emi.runtime.EmiReloadManager$ReloadWorker.run(EmiReloadManager.java:195) [emi-1.1.24+1.19.2+forge.jar%23293!/:?]
	at java.lang.Thread.run(Thread.java:840) [?:?]
[14May2026 17:57:19.053] [Thread-19/ERROR] [EMI/]: Exception thrown registering repair recipes
java.lang.ArrayIndexOutOfBoundsException: Index 0 out of bounds for length 0
	at dev.emi.emi.VanillaPlugin.addRepair(VanillaPlugin.java:488) ~[emi-1.1.24+1.19.2+forge.jar%23293!/:?]
	at dev.emi.emi.VanillaPlugin.lambda$register$28(VanillaPlugin.java:454) ~[emi-1.1.24+1.19.2+forge.jar%23293!/:?]
	at dev.emi.emi.VanillaPlugin.safely(VanillaPlugin.java:820) [emi-1.1.24+1.19.2+forge.jar%23293!/:?]
	at dev.emi.emi.VanillaPlugin.register(VanillaPlugin.java:454) [emi-1.1.24+1.19.2+forge.jar%23293!/:?]
	at dev.emi.emi.runtime.EmiReloadManager$ReloadWorker.run(EmiReloadManager.java:195) [emi-1.1.24+1.19.2+forge.jar%23293!/:?]
	at java.lang.Thread.run(Thread.java:840) [?:?]
[14May2026 17:57:19.113] [Thread-19/INFO] [EMI/]: [EMI] Reloaded plugin from emi in 178ms
[14May2026 17:57:19.113] [Thread-19/INFO] [EMI/]: [EMI] Baking index
[14May2026 17:57:19.133] [Thread-19/INFO] [EMI/]: [EMI] Registering late recipes
[14May2026 17:57:19.133] [Thread-19/INFO] [EMI/]: [EMI] Baking recipes
[14May2026 17:57:19.201] [Thread-19/INFO] [EMI/]: [EMI] Baked 2754 recipes in 66ms
[14May2026 17:57:19.203] [Thread-19/WARN] [EMI/]: [EMI] dev.emi.emi.api.EmiApi is tainted by
	 * dev.arbor.extrasoundsnext.mixin.integration.emi.EmiApiMixin
[14May2026 17:57:19.221] [Thread-19/INFO] [EMI/]: [EMI] Baking search
[14May2026 17:57:19.261] [Thread-20/INFO] [EMI/]: [EMI] Baked recipes after reload in 59ms
[14May2026 17:57:19.559] [Render thread/INFO] [de.keksuccino.fancymenu.customization.layer.ScreenCustomizationLayerHandler/]: [FANCYMENU] ScreenCustomizationLayer registered: spiffy_overlay
[14May2026 17:57:19.605] [Thread-19/INFO] [EMI/]: [EMI] Finishing up
[14May2026 17:57:19.622] [Thread-19/WARN] [EMI/]: [EMI] dev.emi.emi.screen.EmiScreenManager$SidebarPanel is tainted by
	 * dev.arbor.extrasoundsnext.mixin.integration.emi.EmiScreenManagerMixin
[14May2026 17:57:19.646] [Thread-19/INFO] [EMI/]: [EMI] Reloaded EMI in 857ms
[14May2026 17:57:41.621] [Render thread/INFO] [de.keksuccino.fancymenu.customization.layer.ScreenCustomizationLayerHandler/]: [FANCYMENU] ScreenCustomizationLayer registered: pause_screen
[14May2026 17:57:41.662] [Server thread/INFO] [net.minecraft.client.server.IntegratedServer/]: Saving and pausing game...
[14May2026 17:57:41.670] [Server thread/INFO] [net.minecraft.server.MinecraftServer/]: Saving chunks for level 'ServerLevel[The Nimble Area of Wealth]'/minecraft:overworld
[14May2026 17:57:41.690] [Server thread/INFO] [net.minecraft.server.MinecraftServer/]: Saving chunks for level 'ServerLevel[The Nimble Area of Wealth]'/minecraft:the_nether
[14May2026 17:57:41.692] [Server thread/INFO] [net.minecraft.server.MinecraftServer/]: Saving chunks for level 'ServerLevel[The Nimble Area of Wealth]'/minecraft:the_end
[14May2026 17:57:48.390] [Render thread/INFO] [de.keksuccino.fancymenu.customization.layout.editor.buddy.TamagotchiBuddyWidget/]: Creating new TamagotchiEasterEgg with screen size: 0x0
[14May2026 17:57:48.390] [Render thread/INFO] [de.keksuccino.fancymenu.customization.layout.editor.buddy.gui.BuddyGui/]: Initialized 2 GUI buttons
[14May2026 17:57:48.390] [Render thread/INFO] [de.keksuccino.fancymenu.customization.layout.editor.buddy.TamagotchiBuddyWidget/]: Delaying buddy state loading until screen size is properly set
[14May2026 17:59:40.456] [Render thread/INFO] [de.keksuccino.fancymenu.customization.layout.editor.buddy.TamagotchiBuddyWidget/]: TamagotchiEasterEgg cleanup - saving buddy state
[14May2026 17:59:40.458] [Render thread/INFO] [de.keksuccino.fancymenu.customization.layout.editor.buddy.TamagotchiBuddySerializer/]: Saved buddy data to /home/jonas/.local/share/PrismLauncher/instances/DB3K/minecraft/fancymenu_data/buddy/buddy_save.json
[14May2026 17:59:43.273] [Server thread/WARN] [net.minecraft.server.MinecraftServer/]: Can't keep up! Is the server overloaded? Running 2163ms or 43 ticks behind
[14May2026 17:59:49.734] [Render thread/INFO] [de.keksuccino.fancymenu.customization.layer.ScreenCustomizationLayerHandler/]: [FANCYMENU] ScreenCustomizationLayer registered: inventory_screen
[14May2026 17:59:49.741] [Render thread/INFO] [de.keksuccino.fancymenu.customization.layer.ScreenCustomizationLayerHandler/]: [FANCYMENU] ScreenCustomizationLayer registered: creative_mode_inventory_screen
[14May2026 18:00:08.210] [Server thread/INFO] [net.minecraft.client.server.IntegratedServer/]: Saving and pausing game...
[14May2026 18:00:08.223] [Server thread/INFO] [net.minecraft.server.MinecraftServer/]: Saving chunks for level 'ServerLevel[The Nimble Area of Wealth]'/minecraft:overworld
[14May2026 18:00:08.229] [Server thread/INFO] [net.minecraft.server.MinecraftServer/]: Saving chunks for level 'ServerLevel[The Nimble Area of Wealth]'/minecraft:the_nether
[14May2026 18:00:08.229] [Server thread/INFO] [net.minecraft.server.MinecraftServer/]: Saving chunks for level 'ServerLevel[The Nimble Area of Wealth]'/minecraft:the_end
[14May2026 18:00:10.159] [Server thread/INFO] [net.minecraft.client.server.IntegratedServer/]: Saving and pausing game...
[14May2026 18:00:10.202] [Server thread/INFO] [net.minecraft.server.MinecraftServer/]: Saving chunks for level 'ServerLevel[The Nimble Area of Wealth]'/minecraft:overworld
[14May2026 18:00:10.207] [Server thread/INFO] [net.minecraft.server.MinecraftServer/]: Saving chunks for level 'ServerLevel[The Nimble Area of Wealth]'/minecraft:the_nether
[14May2026 18:00:10.208] [Server thread/INFO] [net.minecraft.server.MinecraftServer/]: Saving chunks for level 'ServerLevel[The Nimble Area of Wealth]'/minecraft:the_end
[14May2026 18:00:25.205] [Render thread/INFO] [de.keksuccino.fancymenu.customization.layout.editor.buddy.TamagotchiBuddyWidget/]: Creating new TamagotchiEasterEgg with screen size: 0x0
[14May2026 18:00:25.206] [Render thread/INFO] [de.keksuccino.fancymenu.customization.layout.editor.buddy.gui.BuddyGui/]: Initialized 2 GUI buttons
[14May2026 18:00:25.206] [Render thread/INFO] [de.keksuccino.fancymenu.customization.layout.editor.buddy.TamagotchiBuddyWidget/]: Delaying buddy state loading until screen size is properly set
[14May2026 18:01:19.684] [Render thread/INFO] [de.keksuccino.fancymenu.customization.layout.editor.buddy.TamagotchiBuddyWidget/]: TamagotchiEasterEgg cleanup - saving buddy state
[14May2026 18:01:19.684] [Render thread/INFO] [de.keksuccino.fancymenu.customization.layout.editor.buddy.TamagotchiBuddySerializer/]: Saved buddy data to /home/jonas/.local/share/PrismLauncher/instances/DB3K/minecraft/fancymenu_data/buddy/buddy_save.json
[14May2026 18:01:28.659] [Server thread/INFO] [net.minecraft.client.server.IntegratedServer/]: Saving and pausing game...
[14May2026 18:01:28.666] [Server thread/INFO] [net.minecraft.server.MinecraftServer/]: Saving chunks for level 'ServerLevel[The Nimble Area of Wealth]'/minecraft:overworld
[14May2026 18:01:28.680] [Server thread/INFO] [net.minecraft.server.MinecraftServer/]: Saving chunks for level 'ServerLevel[The Nimble Area of Wealth]'/minecraft:the_nether
[14May2026 18:01:28.681] [Server thread/INFO] [net.minecraft.server.MinecraftServer/]: Saving chunks for level 'ServerLevel[The Nimble Area of Wealth]'/minecraft:the_end
[14May2026 18:01:30.102] [Render thread/INFO] [de.keksuccino.fancymenu.customization.layer.ScreenCustomizationLayerHandler/]: [FANCYMENU] ScreenCustomizationLayer registered: options_screen
[14May2026 18:01:36.609] [Server thread/INFO] [net.minecraft.client.server.IntegratedServer/]: Saving and pausing game...
[14May2026 18:01:36.617] [Server thread/INFO] [net.minecraft.server.MinecraftServer/]: Saving chunks for level 'ServerLevel[The Nimble Area of Wealth]'/minecraft:overworld
[14May2026 18:01:36.623] [Server thread/INFO] [net.minecraft.server.MinecraftServer/]: Saving chunks for level 'ServerLevel[The Nimble Area of Wealth]'/minecraft:the_nether
[14May2026 18:01:36.623] [Server thread/INFO] [net.minecraft.server.MinecraftServer/]: Saving chunks for level 'ServerLevel[The Nimble Area of Wealth]'/minecraft:the_end
[14May2026 18:04:34.662] [Render thread/INFO] [de.keksuccino.fancymenu.customization.layout.editor.buddy.TamagotchiBuddyWidget/]: Creating new TamagotchiEasterEgg with screen size: 0x0
[14May2026 18:04:34.662] [Render thread/INFO] [de.keksuccino.fancymenu.customization.layout.editor.buddy.gui.BuddyGui/]: Initialized 2 GUI buttons
[14May2026 18:04:34.662] [Render thread/INFO] [de.keksuccino.fancymenu.customization.layout.editor.buddy.TamagotchiBuddyWidget/]: Delaying buddy state loading until screen size is properly set
[14May2026 18:06:05.809] [Render thread/INFO] [de.keksuccino.fancymenu.customization.layout.editor.buddy.TamagotchiBuddyWidget/]: TamagotchiEasterEgg cleanup - saving buddy state
[14May2026 18:06:05.809] [Render thread/INFO] [de.keksuccino.fancymenu.customization.layout.editor.buddy.TamagotchiBuddySerializer/]: Saved buddy data to /home/jonas/.local/share/PrismLauncher/instances/DB3K/minecraft/fancymenu_data/buddy/buddy_save.json
[14May2026 18:06:07.266] [Render thread/INFO] [de.keksuccino.fancymenu.customization.layer.ScreenCustomizationLayerHandler/]: [FANCYMENU] ScreenCustomizationLayer registered: chat_screen
[14May2026 18:06:07.926] [Server thread/INFO] [net.minecraft.server.MinecraftServer/]: [garfieldfootfan: Set own game mode to Survival Mode]
[14May2026 18:06:07.934] [Render thread/INFO] [net.minecraft.client.gui.components.ChatComponent/]: [System] [CHAT] Set own game mode to Survival Mode
[14May2026 18:06:11.578] [Server thread/INFO] [net.minecraft.server.MinecraftServer/]: [garfieldfootfan: Summoned new Pig]
[14May2026 18:06:11.584] [Render thread/INFO] [net.minecraft.client.gui.components.ChatComponent/]: [System] [CHAT] Summoned new Pig
[14May2026 18:06:13.425] [Server thread/INFO] [net.minecraft.server.MinecraftServer/]: [garfieldfootfan: Gave 1 [Saddle] to garfieldfootfan]
[14May2026 18:06:13.432] [Render thread/INFO] [net.minecraft.client.gui.components.ChatComponent/]: [System] [CHAT] Gave 1 [Saddle] to garfieldfootfan
[14May2026 18:06:19.259] [Server thread/INFO] [net.minecraft.client.server.IntegratedServer/]: Saving and pausing game...
[14May2026 18:06:19.262] [Server thread/INFO] [net.minecraft.server.MinecraftServer/]: Saving chunks for level 'ServerLevel[The Nimble Area of Wealth]'/minecraft:overworld
[14May2026 18:06:19.268] [Server thread/INFO] [net.minecraft.server.MinecraftServer/]: Saving chunks for level 'ServerLevel[The Nimble Area of Wealth]'/minecraft:the_nether
[14May2026 18:06:19.268] [Server thread/INFO] [net.minecraft.server.MinecraftServer/]: Saving chunks for level 'ServerLevel[The Nimble Area of Wealth]'/minecraft:the_end
[14May2026 18:06:22.423] [Render thread/INFO] [de.keksuccino.fancymenu.customization.layout.editor.buddy.TamagotchiBuddyWidget/]: Creating new TamagotchiEasterEgg with screen size: 0x0
[14May2026 18:06:22.423] [Render thread/INFO] [de.keksuccino.fancymenu.customization.layout.editor.buddy.gui.BuddyGui/]: Initialized 2 GUI buttons
[14May2026 18:06:22.423] [Render thread/INFO] [de.keksuccino.fancymenu.customization.layout.editor.buddy.TamagotchiBuddyWidget/]: Delaying buddy state loading until screen size is properly set
[14May2026 18:06:42.976] [Render thread/INFO] [de.keksuccino.fancymenu.customization.layout.editor.buddy.TamagotchiBuddyWidget/]: TamagotchiEasterEgg cleanup - saving buddy state
[14May2026 18:06:42.976] [Render thread/INFO] [de.keksuccino.fancymenu.customization.layout.editor.buddy.TamagotchiBuddySerializer/]: Saved buddy data to /home/jonas/.local/share/PrismLauncher/instances/DB3K/minecraft/fancymenu_data/buddy/buddy_save.json
[14May2026 18:06:54.696] [Server thread/INFO] [net.minecraft.server.MinecraftServer/]: [garfieldfootfan: Gave 1 [Diamond Shovel] to garfieldfootfan]
[14May2026 18:06:54.702] [Render thread/INFO] [net.minecraft.client.gui.components.ChatComponent/]: [System] [CHAT] Gave 1 [Diamond Shovel] to garfieldfootfan
[14May2026 18:07:08.009] [Server thread/INFO] [net.minecraft.client.server.IntegratedServer/]: Saving and pausing game...
[14May2026 18:07:08.011] [Server thread/INFO] [net.minecraft.server.MinecraftServer/]: Saving chunks for level 'ServerLevel[The Nimble Area of Wealth]'/minecraft:overworld
[14May2026 18:07:08.016] [Server thread/INFO] [net.minecraft.server.MinecraftServer/]: Saving chunks for level 'ServerLevel[The Nimble Area of Wealth]'/minecraft:the_nether
[14May2026 18:07:08.016] [Server thread/INFO] [net.minecraft.server.MinecraftServer/]: Saving chunks for level 'ServerLevel[The Nimble Area of Wealth]'/minecraft:the_end
[14May2026 18:07:11.240] [Render thread/INFO] [de.keksuccino.fancymenu.customization.layout.editor.buddy.TamagotchiBuddyWidget/]: Creating new TamagotchiEasterEgg with screen size: 0x0
[14May2026 18:07:11.240] [Render thread/INFO] [de.keksuccino.fancymenu.customization.layout.editor.buddy.gui.BuddyGui/]: Initialized 2 GUI buttons
[14May2026 18:07:11.240] [Render thread/INFO] [de.keksuccino.fancymenu.customization.layout.editor.buddy.TamagotchiBuddyWidget/]: Delaying buddy state loading until screen size is properly set
[14May2026 18:07:18.708] [Render thread/INFO] [de.keksuccino.fancymenu.customization.layout.editor.buddy.TamagotchiBuddyWidget/]: TamagotchiEasterEgg cleanup - saving buddy state
[14May2026 18:07:18.708] [Render thread/INFO] [de.keksuccino.fancymenu.customization.layout.editor.buddy.TamagotchiBuddySerializer/]: Saved buddy data to /home/jonas/.local/share/PrismLauncher/instances/DB3K/minecraft/fancymenu_data/buddy/buddy_save.json
[14May2026 18:07:22.559] [Server thread/INFO] [net.minecraft.client.server.IntegratedServer/]: Saving and pausing game...
[14May2026 18:07:22.561] [Server thread/INFO] [net.minecraft.server.MinecraftServer/]: Saving chunks for level 'ServerLevel[The Nimble Area of Wealth]'/minecraft:overworld
[14May2026 18:07:22.566] [Server thread/INFO] [net.minecraft.server.MinecraftServer/]: Saving chunks for level 'ServerLevel[The Nimble Area of Wealth]'/minecraft:the_nether
[14May2026 18:07:22.567] [Server thread/INFO] [net.minecraft.server.MinecraftServer/]: Saving chunks for level 'ServerLevel[The Nimble Area of Wealth]'/minecraft:the_end
[14May2026 18:07:23.959] [Server thread/INFO] [net.minecraft.client.server.IntegratedServer/]: Saving and pausing game...
[14May2026 18:07:23.970] [Server thread/INFO] [net.minecraft.server.MinecraftServer/]: Saving chunks for level 'ServerLevel[The Nimble Area of Wealth]'/minecraft:overworld
[14May2026 18:07:23.975] [Server thread/INFO] [net.minecraft.server.MinecraftServer/]: Saving chunks for level 'ServerLevel[The Nimble Area of Wealth]'/minecraft:the_nether
[14May2026 18:07:23.975] [Server thread/INFO] [net.minecraft.server.MinecraftServer/]: Saving chunks for level 'ServerLevel[The Nimble Area of Wealth]'/minecraft:the_end
[14May2026 18:07:44.267] [Render thread/INFO] [de.keksuccino.fancymenu.customization.layout.editor.buddy.TamagotchiBuddyWidget/]: Creating new TamagotchiEasterEgg with screen size: 0x0
[14May2026 18:07:44.267] [Render thread/INFO] [de.keksuccino.fancymenu.customization.layout.editor.buddy.gui.BuddyGui/]: Initialized 2 GUI buttons
[14May2026 18:07:44.267] [Render thread/INFO] [de.keksuccino.fancymenu.customization.layout.editor.buddy.TamagotchiBuddyWidget/]: Delaying buddy state loading until screen size is properly set
[14May2026 18:08:53.893] [Render thread/INFO] [de.keksuccino.fancymenu.customization.layout.editor.buddy.TamagotchiBuddyWidget/]: TamagotchiEasterEgg cleanup - saving buddy state
[14May2026 18:08:53.894] [Render thread/INFO] [de.keksuccino.fancymenu.customization.layout.editor.buddy.TamagotchiBuddySerializer/]: Saved buddy data to /home/jonas/.local/share/PrismLauncher/instances/DB3K/minecraft/fancymenu_data/buddy/buddy_save.json
[14May2026 18:08:55.759] [Server thread/INFO] [net.minecraft.client.server.IntegratedServer/]: Saving and pausing game...
[14May2026 18:08:55.761] [Server thread/INFO] [net.minecraft.server.MinecraftServer/]: Saving chunks for level 'ServerLevel[The Nimble Area of Wealth]'/minecraft:overworld
[14May2026 18:08:55.766] [Server thread/INFO] [net.minecraft.server.MinecraftServer/]: Saving chunks for level 'ServerLevel[The Nimble Area of Wealth]'/minecraft:the_nether
[14May2026 18:08:55.766] [Server thread/INFO] [net.minecraft.server.MinecraftServer/]: Saving chunks for level 'ServerLevel[The Nimble Area of Wealth]'/minecraft:the_end
[14May2026 18:08:56.459] [Server thread/INFO] [net.minecraft.client.server.IntegratedServer/]: Saving and pausing game...
[14May2026 18:08:56.464] [Server thread/INFO] [net.minecraft.server.MinecraftServer/]: Saving chunks for level 'ServerLevel[The Nimble Area of Wealth]'/minecraft:overworld
[14May2026 18:08:56.469] [Server thread/INFO] [net.minecraft.server.MinecraftServer/]: Saving chunks for level 'ServerLevel[The Nimble Area of Wealth]'/minecraft:the_nether
[14May2026 18:08:56.470] [Server thread/INFO] [net.minecraft.server.MinecraftServer/]: Saving chunks for level 'ServerLevel[The Nimble Area of Wealth]'/minecraft:the_end
[14May2026 18:08:57.909] [Server thread/INFO] [net.minecraft.client.server.IntegratedServer/]: Saving and pausing game...
[14May2026 18:08:57.911] [Server thread/INFO] [net.minecraft.server.MinecraftServer/]: Saving chunks for level 'ServerLevel[The Nimble Area of Wealth]'/minecraft:overworld
[14May2026 18:08:57.915] [Server thread/INFO] [net.minecraft.server.MinecraftServer/]: Saving chunks for level 'ServerLevel[The Nimble Area of Wealth]'/minecraft:the_nether
[14May2026 18:08:57.915] [Server thread/INFO] [net.minecraft.server.MinecraftServer/]: Saving chunks for level 'ServerLevel[The Nimble Area of Wealth]'/minecraft:the_end
[14May2026 18:08:59.209] [Server thread/INFO] [net.minecraft.client.server.IntegratedServer/]: Saving and pausing game...
[14May2026 18:08:59.214] [Server thread/INFO] [net.minecraft.server.MinecraftServer/]: Saving chunks for level 'ServerLevel[The Nimble Area of Wealth]'/minecraft:overworld
[14May2026 18:08:59.219] [Server thread/INFO] [net.minecraft.server.MinecraftServer/]: Saving chunks for level 'ServerLevel[The Nimble Area of Wealth]'/minecraft:the_nether
[14May2026 18:08:59.219] [Server thread/INFO] [net.minecraft.server.MinecraftServer/]: Saving chunks for level 'ServerLevel[The Nimble Area of Wealth]'/minecraft:the_end
[14May2026 18:09:00.609] [Server thread/INFO] [net.minecraft.client.server.IntegratedServer/]: Saving and pausing game...
[14May2026 18:09:00.611] [Server thread/INFO] [net.minecraft.server.MinecraftServer/]: Saving chunks for level 'ServerLevel[The Nimble Area of Wealth]'/minecraft:overworld
[14May2026 18:09:00.615] [Server thread/INFO] [net.minecraft.server.MinecraftServer/]: Saving chunks for level 'ServerLevel[The Nimble Area of Wealth]'/minecraft:the_nether
[14May2026 18:09:00.615] [Server thread/INFO] [net.minecraft.server.MinecraftServer/]: Saving chunks for level 'ServerLevel[The Nimble Area of Wealth]'/minecraft:the_end
[14May2026 18:09:03.869] [Render thread/INFO] [de.keksuccino.fancymenu.customization.layout.editor.buddy.TamagotchiBuddyWidget/]: Creating new TamagotchiEasterEgg with screen size: 0x0
[14May2026 18:09:03.869] [Render thread/INFO] [de.keksuccino.fancymenu.customization.layout.editor.buddy.gui.BuddyGui/]: Initialized 2 GUI buttons
[14May2026 18:09:03.869] [Render thread/INFO] [de.keksuccino.fancymenu.customization.layout.editor.buddy.TamagotchiBuddyWidget/]: Delaying buddy state loading until screen size is properly set
[14May2026 18:10:35.328] [IO-Worker-52/INFO] [net.minecraft.client.sounds.SoundEngine/]: System default audio device has changed!
[14May2026 18:10:35.372] [Render thread/WARN] [net.minecraft.client.sounds.SoundEngine/]: Missing sound for event: minecraft:item.goat_horn.play
[14May2026 18:10:35.372] [Render thread/WARN] [net.minecraft.client.sounds.SoundEngine/]: Missing sound for event: minecraft:entity.goat.screaming.horn_break
[14May2026 18:10:35.372] [Render thread/WARN] [net.minecraft.client.sounds.SoundEngine/]: Missing sound for event: supplementaries:item.wrench.hit
[14May2026 18:10:35.455] [Render thread/INFO] [com.mojang.blaze3d.audio.Library/]: OpenAL initialized on device Scarlett 2i2 3rd Gen Headphones / Line 1-2
[14May2026 18:10:35.455] [Render thread/INFO] [net.minecraft.client.sounds.SoundEngine/SOUNDS]: Sound engine started
[14May2026 18:10:35.456] [Render thread/INFO] [net.minecraft.client.sounds.SoundEngine/]: [FANCYMENU] Reloading AudioResourceHandler after Minecraft SoundEngine reload..
[14May2026 18:11:11.154] [Render thread/INFO] [net.minecraft.client.Minecraft/]: Stopping!
[14May2026 18:11:11.155] [Render thread/INFO] [EMI/]: [EMI] Disconnecting from server, EMI data cleared
[14May2026 18:11:11.155] [Thread-90/INFO] [EMI/]: [EMI] Clearing data
[14May2026 18:11:11.178] [Render thread/INFO] [sereneseasonsfix/]: Clearing cached parameters
[14May2026 18:11:11.225] [Server thread/INFO] [net.minecraft.server.network.ServerGamePacketListenerImpl/]: garfieldfootfan lost connection: Disconnected
[14May2026 18:11:11.225] [Server thread/INFO] [net.minecraft.server.MinecraftServer/]: garfieldfootfan left the game
[14May2026 18:11:11.255] [Server thread/INFO] [net.minecraft.server.network.ServerGamePacketListenerImpl/]: Stopping singleplayer server as player logged out
[14May2026 18:11:11.268] [Server thread/INFO] [net.minecraft.server.MinecraftServer/]: Stopping server
[14May2026 18:11:11.269] [Server thread/INFO] [net.minecraft.server.MinecraftServer/]: Saving players
[14May2026 18:11:11.269] [Server thread/INFO] [net.minecraft.server.MinecraftServer/]: Saving worlds
[14May2026 18:11:13.467] [Server thread/INFO] [net.minecraft.server.MinecraftServer/]: Saving chunks for level 'ServerLevel[The Nimble Area of Wealth]'/minecraft:overworld
